group,feature,n,median_z,robust_sd_z,median_abs_z,p90_abs_z,p95_abs_z,max_abs_z,frac_abs_z_gt_3_5,frac_outside_calibration_z_range
calibration,duration_s,20,-4.926614671774132e-16,1.0,0.6744907594765952,1.8104751964898087,1.8708243697061409,3.0174586608163496,0.0,0.0
calibration,mean_rms,20,0.0,1.0,0.6744907594765952,1.7014604364199846,1.7755472413522433,2.293018763897272,0.0,0.0
calibration,spectral_centroid_mean,20,0.0,1.0,0.6744907594765952,2.1479833350701623,2.1810107604876294,2.773904709805601,0.0,0.0
calibration,spectral_centroid_std,20,0.0,1.0,0.6744907594765952,2.3513679733235326,2.8994786578402927,2.975322753308041,0.0,0.0
calibration,spectral_flatness_mean,20,0.0,1.0,0.6744907594765952,2.6534140520510734,2.9475098703259492,3.10736689325002,0.0,0.0
calibration,spectral_flatness_std,20,5.051433446881526e-16,1.0,0.6744907594765952,1.9352141769869133,2.1715552264394242,2.909823453595163,0.0,0.0
calibration,spectral_rolloff_std,20,4.996003610813204e-16,1.0,0.6744907594765952,1.1970789353435203,2.7448201479522716,3.0706839661097862,0.0,0.0
calibration_session_other,duration_s,39,0.7454897867899206,1.7894736842105288,0.8164888141032486,4.962832009201479,6.240814500841345,7.0644032176759275,0.2564102564102564,0.28205128205128205
calibration_session_other,mean_rms,39,-0.4242923288760985,1.2855555016091404,0.8223443773316966,1.911505015910289,2.4549822048513676,3.549518381710782,0.02564102564102564,0.15384615384615385
calibration_session_other,spectral_centroid_mean,39,0.35161986677113855,1.1331660098513192,0.8249026354292397,2.081203820526884,2.3339756269334977,2.6304297536973995,0.0,0.05128205128205128
calibration_session_other,spectral_centroid_std,39,-0.4387633740189162,3.0095356043173824,1.8408175717931932,4.816466801727111,5.09600667249378,7.5448824771892795,0.1794871794871795,0.38461538461538464
calibration_session_other,spectral_flatness_mean,39,-1.0706493014316265,2.367286879244113,1.2872437994069261,5.046636918929517,7.218991512717366,9.395488091496485,0.20512820512820512,0.28205128205128205
calibration_session_other,spectral_flatness_std,39,-0.457852149138235,0.9260653266594513,0.6543761844632136,2.274444247224345,2.81914758945632,4.011106876607534,0.05128205128205128,0.15384615384615385
calibration_session_other,spectral_rolloff_std,39,0.0077482951535901646,1.3223730210674305,0.899676678444721,2.048219265623914,2.1713997543937094,2.7975305085877564,0.0,0.15384615384615385
other_session,duration_s,259,-0.46149367753661974,1.3684210526315819,0.9584868687299005,3.1736565209056713,4.018544945934249,5.715421698722732,0.08108108108108109,0.20463320463320464
other_session,mean_rms,259,0.7406657151938076,2.5524480496060162,2.0103813772554684,4.432406510348549,5.302006666709739,20.924289190708677,0.21621621621621623,0.5405405405405406
other_session,spectral_centroid_mean,259,-1.6141542045896795,2.247942419084474,2.116555369080328,4.203156478936414,4.808610643943309,10.467880456685513,0.1891891891891892,0.4671814671814672
other_session,spectral_centroid_std,259,0.20929382167614638,2.929485158417427,2.010594164103837,5.786663382403554,7.080974936190183,10.275451630087167,0.27413127413127414,0.43243243243243246
other_session,spectral_flatness_mean,259,-2.966853453729541,2.407418477988316,2.9747135033234042,6.153665842224725,6.89021540745323,12.392812937350985,0.39768339768339767,0.4980694980694981
other_session,spectral_flatness_std,259,-0.5063695780049656,2.259005967188306,1.6808617012426943,3.6049047363007145,4.224091967421529,7.019978815002015,0.11196911196911197,0.35135135135135137
other_session,spectral_rolloff_std,259,-0.041066969418177925,1.2055376190810518,0.8079524588109757,2.0984042226795747,2.4983480799516746,3.665809584239885,0.003861003861003861,0.20463320463320464
