session,feature,n_events,n_calibration_events,n_compared,median_z,robust_sd_z,median_abs_z
2018-01-22#1,duration_s,9,9,0,,,
2018-01-22#1,mean_rms,9,9,0,,,
2018-01-22#1,spectral_centroid_mean,9,9,0,,,
2018-01-22#1,spectral_centroid_std,9,9,0,,,
2018-01-22#1,spectral_flatness_mean,9,9,0,,,
2018-01-22#1,spectral_flatness_std,9,9,0,,,
2018-01-22#1,spectral_rolloff_std,9,9,0,,,
2018-01-23#1,duration_s,50,11,39,0.7454897867899206,1.7894736842105288,0.8164888141032486
2018-01-23#1,mean_rms,50,11,39,-0.4242923288760985,1.2855555016091404,0.8223443773316966
2018-01-23#1,spectral_centroid_mean,50,11,39,0.35161986677113855,1.1331660098513192,0.8249026354292397
2018-01-23#1,spectral_centroid_std,50,11,39,-0.4387633740189162,3.0095356043173824,1.8408175717931932
2018-01-23#1,spectral_flatness_mean,50,11,39,-1.0706493014316265,2.367286879244113,1.2872437994069261
2018-01-23#1,spectral_flatness_std,50,11,39,-0.457852149138235,0.9260653266594513,0.6543761844632136
2018-01-23#1,spectral_rolloff_std,50,11,39,0.0077482951535901646,1.3223730210674305,0.899676678444721
2018-01-23#2,duration_s,27,0,27,-0.9584868687299005,0.5263157894736854,0.9584868687299005
2018-01-23#2,mean_rms,27,0,27,0.7401908732500245,0.7393671623571164,0.9251558450908076
2018-01-23#2,spectral_centroid_mean,27,0,27,-1.1130093228752371,1.0052575964061754,1.1130093228752371
2018-01-23#2,spectral_centroid_std,27,0,27,0.5569520673406134,1.9118023467393397,0.9716845312462032
2018-01-23#2,spectral_flatness_mean,27,0,27,-2.7741516663289607,1.879671404355193,2.7741516663289607
2018-01-23#2,spectral_flatness_std,27,0,27,-1.4663253989197504,1.995465403294846,2.009095659168501
2018-01-23#2,spectral_rolloff_std,27,0,27,-1.0747182148255638,1.9712083963876847,1.268655709620143
2018-01-23#3,duration_s,29,0,29,-1.0294858960432285,1.578947368421056,1.2424829779832043
2018-01-23#3,mean_rms,29,0,29,-0.07439112481839988,1.3964113305959267,0.908383164510033
2018-01-23#3,spectral_centroid_mean,29,0,29,-0.8059141078436036,0.999585072188222,0.9085163391736143
2018-01-23#3,spectral_centroid_std,29,0,29,-0.430822316638987,2.0138742434938526,1.3375307831773564
2018-01-23#3,spectral_flatness_mean,29,0,29,-1.9565468449666843,2.0140786583347507,1.9565468449666843
2018-01-23#3,spectral_flatness_std,29,0,29,-0.39763263166655916,2.767862664202217,1.6017284627169108
2018-01-23#3,spectral_rolloff_std,29,0,29,-0.08802014626272284,1.3825757857986312,0.8445144455345464
2018-02-01#1,duration_s,2,0,2,-0.9939863823865644,0.05263157894736706,0.9939863823865644
2018-02-01#1,mean_rms,2,0,2,-0.1801329287601407,0.4991234671512524,0.3366541664314396
2018-02-01#1,spectral_centroid_mean,2,0,2,-0.7589254004806705,1.6047987784525244,1.0824219468855554
2018-02-01#1,spectral_centroid_std,2,0,2,2.5745177538344537,8.4722652916159,5.714464651029206
2018-02-01#1,spectral_flatness_mean,2,0,2,-1.5416447435351388,1.200647963328881,1.5416447435351388
2018-02-01#1,spectral_flatness_std,2,0,2,-0.11115953631540959,1.414805430097129,0.9542731890578233
2018-02-01#1,spectral_rolloff_std,2,0,2,0.7664929697639398,0.008249253249644112,0.7664929697639398
2018-02-01#4,duration_s,2,0,2,-0.07099902731332741,0.8947368421052629,0.6034917321632692
2018-02-01#4,mean_rms,2,0,2,0.30123692218854947,0.06667198424148371,0.30123692218854947
2018-02-01#4,spectral_centroid_mean,2,0,2,-0.9365687604128967,1.5065069901505377,1.0161250439434357
2018-02-01#4,spectral_centroid_std,2,0,2,1.5432006705721035,2.497223611339572,1.6843542501953135
2018-02-01#4,spectral_flatness_mean,2,0,2,-2.812868736234095,0.5650661504358169,2.812868736234095
2018-02-01#4,spectral_flatness_std,2,0,2,-0.6074886409386712,0.8244088197463629,0.6074886409386712
2018-02-01#4,spectral_rolloff_std,2,0,2,1.1681675106179639,0.9350424246749746,1.1681675106179639
2018-02-02#1,duration_s,8,0,8,-2.520465469623073,2.2105263157894783,2.520465469623073
2018-02-02#1,mean_rms,8,0,8,0.5638262714427691,0.9669535845078144,0.5638262714427691
2018-02-02#1,spectral_centroid_mean,8,0,8,-2.0449845661668298,1.9632078898984546,2.0449845661668298
2018-02-02#1,spectral_centroid_std,8,0,8,-2.575938298898599,3.970634148081007,2.575938298898599
2018-02-02#1,spectral_flatness_mean,8,0,8,-1.7526090699903634,1.8130525492241436,1.7526090699903634
2018-02-02#1,spectral_flatness_std,8,0,8,-0.056682856116006396,1.2605049010876563,0.8501989080585839
2018-02-02#1,spectral_rolloff_std,8,0,8,-0.556460318678274,1.3490107444994242,1.0481456410556842
2018-02-02#2,duration_s,9,0,9,-0.24849659559664383,0.7368421052631581,0.7454897867899246
2018-02-02#2,mean_rms,9,0,9,1.0471083553424083,1.6008524303628704,1.4344413732197585
2018-02-02#2,spectral_centroid_mean,9,0,9,-1.9391334134393579,1.2432933834689046,1.9391334134393579
2018-02-02#2,spectral_centroid_std,9,0,9,0.29604629280498806,2.287906357366716,1.2471254037866188
2018-02-02#2,spectral_flatness_mean,9,0,9,-3.7733860103600723,0.847007432520543,3.7733860103600723
2018-02-02#2,spectral_flatness_std,9,0,9,-1.18480975848628,0.6141077503486997,1.4755883546182402
2018-02-02#2,spectral_rolloff_std,9,0,9,1.0995458748544602,0.8941020349020796,1.3299104608128258
2018-02-05#1,duration_s,27,0,27,-1.3844810326098562,1.3684210526315699,1.6684771418631592
2018-02-05#1,mean_rms,27,0,27,1.7173384025007647,2.416477083564506,2.242345175477832
2018-02-05#1,spectral_centroid_mean,27,0,27,-1.7588008620594562,2.0632202455266246,1.8840211587384303
2018-02-05#1,spectral_centroid_std,27,0,27,-0.786177800903842,3.9585053294828176,3.050693370199646
2018-02-05#1,spectral_flatness_mean,27,0,27,-3.107568502371976,1.8923157166213556,3.107568502371976
2018-02-05#1,spectral_flatness_std,27,0,27,-0.10220791312487634,2.5173412740375287,1.6335120404763779
2018-02-05#1,spectral_rolloff_std,27,0,27,0.023335873838338846,0.9394439087248888,0.6315968809771757
2018-02-06#1,duration_s,4,0,4,-2.271968874026431,0.5263157894736862,2.271968874026431
2018-02-06#1,mean_rms,4,0,4,1.0101320857028149,1.0939546110309517,1.0101320857028149
2018-02-06#1,spectral_centroid_mean,4,0,4,-2.521665517542335,0.6824898619304643,2.521665517542335
2018-02-06#1,spectral_centroid_std,4,0,4,-1.0521529286739726,0.6214587975169285,1.0521529286739726
2018-02-06#1,spectral_flatness_mean,4,0,4,-1.675551086796902,1.45604581883106,1.675551086796902
2018-02-06#1,spectral_flatness_std,4,0,4,-0.9598424611688581,0.7334129172880498,0.9598424611688581
2018-02-06#1,spectral_rolloff_std,4,0,4,-0.20665497206909503,0.253244153347644,0.20665497206909503
2018-02-06#2,duration_s,1,0,1,-2.8044615788763796,0.0,2.8044615788763796
2018-02-06#2,mean_rms,1,0,1,2.1070818865016028,0.0,2.1070818865016028
2018-02-06#2,spectral_centroid_mean,1,0,1,-2.671168143287649,0.0,2.671168143287649
2018-02-06#2,spectral_centroid_std,1,0,1,-3.5680057521061226,0.0,3.5680057521061226
2018-02-06#2,spectral_flatness_mean,1,0,1,0.9501655252160328,0.0,0.9501655252160328
2018-02-06#2,spectral_flatness_std,1,0,1,-1.140608678222926,0.0,1.140608678222926
2018-02-06#2,spectral_rolloff_std,1,0,1,-2.1981220886850537,0.0,2.1981220886850537
2018-02-06#3,duration_s,13,0,13,-3.727448933949613,0.7368421052631623,3.727448933949613
2018-02-06#3,mean_rms,13,0,13,0.6498574564717603,2.0969960326267723,1.5811230905141067
2018-02-06#3,spectral_centroid_mean,13,0,13,-2.615135443780391,0.836214161762838,2.615135443780391
2018-02-06#3,spectral_centroid_std,13,0,13,1.921787273751942,4.471432496593761,2.4160046597839937
2018-02-06#3,spectral_flatness_mean,13,0,13,-2.096850556877072,1.6406471608975237,2.096850556877072
2018-02-06#3,spectral_flatness_std,13,0,13,-1.5755434461894415,0.9298303526877241,2.202705426958175
2018-02-06#3,spectral_rolloff_std,13,0,13,-0.23574771229706132,0.45532850545224846,0.44167133883124987
2018-02-08#1,duration_s,9,0,9,-0.5324927048499467,1.368421052631579,1.4554800599231783
2018-02-08#1,mean_rms,9,0,9,2.8851700590235674,1.3412530518255326,2.8851700590235674
2018-02-08#1,spectral_centroid_mean,9,0,9,-1.66187056088735,2.667808793887853,1.66187056088735
2018-02-08#1,spectral_centroid_std,9,0,9,-1.550375830844144,2.8276288562866676,2.073425060894928
2018-02-08#1,spectral_flatness_mean,9,0,9,-1.6016390177548916,3.5543195883527168,1.6781408845112629
2018-02-08#1,spectral_flatness_std,9,0,9,-1.2569770677442396,0.8271791133532465,1.2569770677442396
2018-02-08#1,spectral_rolloff_std,9,0,9,-0.9890066341428422,2.0302319680915915,2.241222013539517
2018-02-09#1,duration_s,4,0,4,-1.1004849233565535,1.052631578947373,1.1004849233565535
2018-02-09#1,mean_rms,4,0,4,1.4001048037454793,1.3999287329375112,1.7857021924490013
2018-02-09#1,spectral_centroid_mean,4,0,4,-0.683579530016899,1.9863202910764812,1.616726474670058
2018-02-09#1,spectral_centroid_std,4,0,4,-0.20461534383937252,3.8693456054763593,2.609837856115176
2018-02-09#1,spectral_flatness_mean,4,0,4,-0.5347276035677152,1.299485440885888,1.1349274312227713
2018-02-09#1,spectral_flatness_std,4,0,4,-0.517590565678604,2.6766749721865,2.098107738519591
2018-02-09#1,spectral_rolloff_std,4,0,4,-1.587675641227157,1.0206901906590817,1.587675641227157
2018-05-02#1,duration_s,11,0,11,-0.03549951365666791,1.2631578947368491,0.8164888141032466
2018-05-02#1,mean_rms,11,0,11,0.7898890474302626,4.109038605593131,3.561397617235423
2018-05-02#1,spectral_centroid_mean,11,0,11,-2.358311441306149,1.3675541204175885,2.358311441306149
2018-05-02#1,spectral_centroid_std,11,0,11,-0.18586535168625673,1.5573031868288962,0.8645212575332876
2018-05-02#1,spectral_flatness_mean,11,0,11,-6.617565725700201,1.9587931432239727,6.617565725700201
2018-05-02#1,spectral_flatness_std,11,0,11,-1.749611946388902,2.2830797784247716,2.656961251716558
2018-05-02#1,spectral_rolloff_std,11,0,11,0.03166025238253542,1.164205864279476,0.8009040335616844
2018-05-03#1,duration_s,4,0,4,-0.816488814103249,0.8421052631578949,0.816488814103249
2018-05-03#1,mean_rms,4,0,4,1.9137446091077002,0.9437718482965223,1.9137446091077002
2018-05-03#1,spectral_centroid_mean,4,0,4,-2.827309166237501,1.6853537858935663,2.827309166237501
2018-05-03#1,spectral_centroid_std,4,0,4,-0.791411157801674,3.470024242237532,3.131910444350664
2018-05-03#1,spectral_flatness_mean,4,0,4,-3.2138922822026896,0.9603849664483404,3.2138922822026896
2018-05-03#1,spectral_flatness_std,4,0,4,-0.3383999948538399,0.7952889729850137,0.5364150633920233
2018-05-03#1,spectral_rolloff_std,4,0,4,0.24175744173601682,0.6128235182931798,0.6551012420147029
2018-05-03#2,duration_s,57,0,57,0.6034917321632687,0.6315789473684225,0.6744907594765938
2018-05-03#2,mean_rms,57,0,57,3.1119702434976446,2.0429787204527567,3.1119702434976446
2018-05-03#2,spectral_centroid_mean,57,0,57,-3.1949286026623844,1.5987961561087567,3.1949286026623844
2018-05-03#2,spectral_centroid_std,57,0,57,0.9155701311485811,2.869245102719424,2.0795391174649724
2018-05-03#2,spectral_flatness_mean,57,0,57,-5.09414563494175,1.6155962566576834,5.09414563494175
2018-05-03#2,spectral_flatness_std,57,0,57,-1.6666570199692528,1.5416245661113008,1.7942404308617914
2018-05-03#2,spectral_rolloff_std,57,0,57,0.275000204185593,1.0727480138616983,0.7069728167694236
2018-05-03#3,duration_s,52,0,52,-0.21299708193997988,0.5789473684210561,0.39049465022329427
2018-05-03#3,mean_rms,52,0,52,-2.7747026420920395,1.0799092775496524,2.7747026420920395
2018-05-03#3,spectral_centroid_mean,52,0,52,2.0295770664155324,1.7310456365269313,2.094278117078574
2018-05-03#3,spectral_centroid_std,52,0,52,0.14130719638788275,3.019688814286234,1.9592435237479533
2018-05-03#3,spectral_flatness_mean,52,0,52,-1.9586373556608705,2.4057398918723734,2.2745135215523904
2018-05-03#3,spectral_flatness_std,52,0,52,1.180388728395022,2.0975042830990773,1.704411239275088
2018-05-03#3,spectral_rolloff_std,52,0,52,0.00030047324689612236,0.9861837948996289,0.6651718568053615
