fold,feature,n_train,n_scored,n_scored_excluded,center,scale
2018-01-22#1,duration_s,309,9,0,1.64,0.3083807999999996
2018-01-22#1,mean_rms,309,9,0,0.1838201880455017,0.03000845568180084
2018-01-22#1,spectral_centroid_mean,309,9,0,0.3704258799552917,0.028523091119527732
2018-01-22#1,spectral_centroid_std,309,9,0,0.0394020453095436,0.00935955419763933
2018-01-22#1,spectral_flatness_mean,309,9,0,0.1310176700353622,0.029763516560196875
2018-01-22#1,spectral_flatness_std,309,9,0,0.0556609295308589,0.013579534701257872
2018-01-22#1,spectral_rolloff_std,309,9,0,0.0807666927576065,0.016883710871636867
2018-01-23#1,duration_s,268,53,3,1.5920000000000003,0.2965200000000004
2018-01-23#1,mean_rms,268,53,3,0.1866299584507942,0.031122744213044663
2018-01-23#1,spectral_centroid_mean,268,53,3,0.36507315933704376,0.026530748748779254
2018-01-23#1,spectral_centroid_std,268,53,3,0.039850516244769055,0.009512815126776684
2018-01-23#1,spectral_flatness_mean,268,53,3,0.1299631148576736,0.02787443987801672
2018-01-23#1,spectral_flatness_std,268,53,3,0.0554164443165063,0.01466515826359388
2018-01-23#1,spectral_rolloff_std,268,53,3,0.0805936716496944,0.01691272379681473
2018-01-23#2,duration_s,291,29,2,1.6560000000000006,0.3083807999999996
2018-01-23#2,mean_rms,291,29,2,0.1832701116800308,0.03248153001666069
2018-01-23#2,spectral_centroid_mean,291,29,2,0.3706341981887817,0.028876835614442823
2018-01-23#2,spectral_centroid_std,291,29,2,0.0391893610358238,0.009759621061384637
2018-01-23#2,spectral_flatness_mean,291,29,2,0.1323072910308838,0.031011707501113536
2018-01-23#2,spectral_flatness_std,291,29,2,0.0559081621468067,0.013023180241137773
2018-01-23#2,spectral_rolloff_std,291,29,2,0.0809658020734787,0.01582569184005254
2018-01-23#3,duration_s,289,38,9,1.6559999999999997,0.28465920000000056
2018-01-23#3,mean_rms,289,38,9,0.1846234798431396,0.030992034164071123
2018-01-23#3,spectral_centroid_mean,289,38,9,0.3702115416526794,0.02956771107316009
2018-01-23#3,spectral_centroid_std,289,38,9,0.0394020453095436,0.009386368922889129
2018-01-23#3,spectral_flatness_mean,289,38,9,0.1310375481843948,0.02979760522842403
2018-01-23#3,spectral_flatness_std,289,38,9,0.0555322542786598,0.013068707281351078
2018-01-23#3,spectral_rolloff_std,289,38,9,0.0807171016931533,0.016854725562035933
2018-02-01#1,duration_s,316,2,0,1.64,0.30838079999999946
2018-02-01#1,mean_rms,316,2,0,0.18383396416902542,0.029151091432571368
2018-02-01#1,spectral_centroid_mean,316,2,0,0.3705300390720367,0.027943583759665446
2018-02-01#1,spectral_centroid_std,316,2,0,0.039400866255164105,0.008948454910889232
2018-02-01#1,spectral_flatness_mean,316,2,0,0.13203898817300797,0.02949909188747408
2018-02-01#1,spectral_flatness_std,316,2,0,0.05567267537116995,0.013435541559755801
2018-02-01#1,spectral_rolloff_std,316,2,0,0.0806648507714271,0.016909365742653597
2018-02-01#4,duration_s,316,6,4,1.6320000000000001,0.29652000000000006
2018-02-01#4,mean_rms,316,6,4,0.18383396416902542,0.029151091432571368
2018-02-01#4,spectral_centroid_mean,316,6,4,0.3705300390720367,0.027943583759665446
2018-02-01#4,spectral_centroid_std,316,6,4,0.039400866255164105,0.008977376704663007
2018-02-01#4,spectral_flatness_mean,316,6,4,0.13224149495363235,0.029734868160635242
2018-02-01#4,spectral_flatness_std,316,6,4,0.05567267537116995,0.013435541559755801
2018-02-01#4,spectral_rolloff_std,316,6,4,0.0806648507714271,0.016909365742653597
2018-02-02#1,duration_s,310,9,1,1.64,0.2846592000000004
2018-02-02#1,mean_rms,310,9,1,0.18380400538444513,0.02958508679419758
2018-02-02#1,spectral_centroid_mean,310,9,1,0.3706792145967483,0.028173279082775116
2018-02-02#1,spectral_centroid_std,310,9,1,0.03953734226524825,0.008916313140839308
2018-02-02#1,spectral_flatness_mean,310,9,1,0.13154608011245728,0.029608256263285875
2018-02-02#1,spectral_flatness_std,310,9,1,0.05559659190475935,0.013481121069565404
2018-02-02#1,spectral_rolloff_std,310,9,1,0.0807855911552906,0.016799317668378354
2018-02-02#2,duration_s,309,13,4,1.6240000000000006,0.3083807999999993
2018-02-02#2,mean_rms,309,13,4,0.1837848424911499,0.02922589650750156
2018-02-02#2,spectral_centroid_mean,309,13,4,0.3711270689964294,0.028146105355024337
2018-02-02#2,spectral_centroid_std,309,13,4,0.0393996872007846,0.009009272696077843
2018-02-02#2,spectral_flatness_mean,309,13,4,0.1326788812875747,0.03022817625850439
2018-02-02#2,spectral_flatness_std,309,13,4,0.0559081621468067,0.013485580985248068
2018-02-02#2,spectral_rolloff_std,309,13,4,0.0806273147463798,0.01672160743474954
2018-02-05#1,duration_s,291,30,3,1.6400000000000003,0.28465919999999956
2018-02-05#1,mean_rms,291,30,3,0.1832701116800308,0.02897125879526134
2018-02-05#1,spectral_centroid_mean,291,30,3,0.3711270689964294,0.027606077224016187
2018-02-05#1,spectral_centroid_std,291,30,3,0.0394349656999111,0.008614066173881375
2018-02-05#1,spectral_flatness_mean,291,30,3,0.1323640644550323,0.029761428822577
2018-02-05#1,spectral_flatness_std,291,30,3,0.0550694614648819,0.01300020960420372
2018-02-05#1,spectral_rolloff_std,291,30,3,0.080560028553009,0.017321362535655478
2018-02-06#1,duration_s,314,4,0,1.64,0.2846592000000004
2018-02-06#1,mean_rms,314,4,0,0.18380400538444513,0.0291955083265901
2018-02-06#1,spectral_centroid_mean,314,4,0,0.37092565000057215,0.027898316305875817
2018-02-06#1,spectral_centroid_std,314,4,0,0.0394433811306953,0.008930278338119336
2018-02-06#1,spectral_flatness_mean,314,4,0,0.13203898817300797,0.029771486415714032
2018-02-06#1,spectral_flatness_std,314,4,0,0.05570097826421255,0.013457849422842285
2018-02-06#1,spectral_rolloff_std,314,4,0,0.0807418972253799,0.01699281449317937
2018-02-06#2,duration_s,317,1,0,1.64,0.3083807999999993
2018-02-06#2,mean_rms,317,1,0,0.1837878227233886,0.028968077480792956
2018-02-06#2,spectral_centroid_mean,317,1,0,0.3706341981887817,0.02771229777932175
2018-02-06#2,spectral_centroid_std,317,1,0,0.0394020453095436,0.008973908188193984
2018-02-06#2,spectral_flatness_mean,317,1,0,0.1321756988763809,0.029665149874985197
2018-02-06#2,spectral_flatness_std,317,1,0,0.055684421211481,0.013262772987037957
2018-02-06#2,spectral_rolloff_std,317,1,0,0.0807171016931533,0.016854725562035933
2018-02-06#3,duration_s,305,22,9,1.6400000000000006,0.2846591999999992
2018-02-06#3,mean_rms,305,22,9,0.1837848424911499,0.02896365898847588
2018-02-06#3,spectral_centroid_mean,305,22,9,0.3715676069259643,0.027492963820695875
2018-02-06#3,spectral_centroid_std,305,22,9,0.0391235426068306,0.008883666005730536
2018-02-06#3,spectral_flatness_mean,305,22,9,0.1311898827552795,0.030041362403333164
2018-02-06#3,spectral_flatness_std,305,22,9,0.0559992007911205,0.013273438122868547
2018-02-06#3,spectral_rolloff_std,305,22,9,0.0808044895529747,0.01719530294984575
2018-02-08#1,duration_s,309,17,8,1.64,0.28465920000000056
2018-02-08#1,mean_rms,309,17,8,0.183437094092369,0.029174045500159302
2018-02-08#1,spectral_centroid_mean,309,17,8,0.3706341981887817,0.02771229777932175
2018-02-08#1,spectral_centroid_std,309,17,8,0.0394349656999111,0.008891182965785305
2018-02-08#1,spectral_flatness_mean,309,17,8,0.1311898827552795,0.029571753993630365
2018-02-08#1,spectral_flatness_std,309,17,8,0.0560396425426006,0.01362336062192925
2018-02-08#1,spectral_rolloff_std,309,17,8,0.0808044895529747,0.016770961993932722
2018-02-09#1,duration_s,314,5,1,1.64,0.3083807999999993
2018-02-09#1,mean_rms,314,5,1,0.18378633260726923,0.02909280047267677
2018-02-09#1,spectral_centroid_mean,314,5,1,0.3705300390720367,0.027867408952116965
2018-02-09#1,spectral_centroid_std,314,5,1,0.039400866255164105,0.008880940348282426
2018-02-09#1,spectral_flatness_mean,314,5,1,0.13154608011245728,0.029243824540078536
2018-02-09#1,spectral_flatness_std,314,5,1,0.05567267537116995,0.013188663824647583
2018-02-09#1,spectral_rolloff_std,314,5,1,0.0807855911552906,0.016799317668378354
2018-05-02#1,duration_s,307,13,2,1.6240000000000006,0.3083807999999993
2018-05-02#1,mean_rms,307,13,2,0.1837878227233886,0.028968077480792956
2018-05-02#1,spectral_centroid_mean,307,13,2,0.3711270689964294,0.0279475383102893
2018-05-02#1,spectral_centroid_std,307,13,2,0.0394349656999111,0.008928541318327095
2018-05-02#1,spectral_flatness_mean,307,13,2,0.1326913237571716,0.029040098905563395
2018-05-02#1,spectral_flatness_std,307,13,2,0.0557175353169441,0.01314580444917093
2018-05-02#1,spectral_rolloff_std,307,13,2,0.0807023867964744,0.016832909256219802
2018-05-03#1,duration_s,314,4,0,1.64,0.3083807999999993
2018-05-03#1,mean_rms,314,4,0,0.18368792533874512,0.029219511786103228
2018-05-03#1,spectral_centroid_mean,314,4,0,0.37092565000057215,0.027898316305875817
2018-05-03#1,spectral_centroid_std,314,4,0,0.039400866255164105,0.008948454910889232
2018-05-03#1,spectral_flatness_mean,314,4,0,0.1323249191045761,0.029794887855649044
2018-05-03#1,spectral_flatness_std,314,4,0,0.05567267537116995,0.013435541559755801
2018-05-03#1,spectral_rolloff_std,314,4,0,0.0806648507714271,0.016909365742653597
2018-05-03#2,duration_s,261,57,0,1.5919999999999996,0.2609376000000009
2018-05-03#2,mean_rms,261,57,0,0.1776945143938064,0.025742202517390293
2018-05-03#2,spectral_centroid_mean,261,57,0,0.3751016855239868,0.02540845170021049
2018-05-03#2,spectral_centroid_std,261,57,0,0.0387622229754924,0.009404987344890854
2018-05-03#2,spectral_flatness_mean,261,57,0,0.1383199393749237,0.02739801042079917
2018-05-03#2,spectral_flatness_std,261,57,0,0.0568421818315982,0.01332705100402242
2018-05-03#2,spectral_rolloff_std,261,57,0,0.0798647701740264,0.017458081734180512
2018-05-03#3,duration_s,266,52,0,1.6080000000000003,0.3558239999999998
2018-05-03#3,mean_rms,266,52,0,0.18782936781644816,0.024429943437874233
2018-05-03#3,spectral_centroid_mean,266,52,0,0.36438269913196564,0.02444586105644707
2018-05-03#3,spectral_centroid_std,266,52,0,0.039218056946992846,0.00913952984958886
2018-05-03#3,spectral_flatness_mean,266,52,0,0.13034214824438095,0.029700652460753967
2018-05-03#3,spectral_flatness_std,266,52,0,0.05340203456580635,0.011415290886908763
2018-05-03#3,spectral_rolloff_std,266,52,0,0.0806312076747417,0.017393085712194452
