group,score,n_group,n_reference,median_group,median_reference,median_difference,median_ratio,hodges_lehmann_shift,cliffs_delta,auc,cliffs_delta_session_bootstrap_low,cliffs_delta_session_bootstrap_high,frac_group_above_reference_median,frac_group_within_reference_p05_p95,frac_group_above_reference_p95,sessions_with_both,stratified_auc,stratified_permutation_p,within_session_median_difference_median,sessions_group_median_higher,median_within_session_percentile,frac_within_session_percentile_above_0_9
excluded_all,mean_abs_z,46,318,1.5922422396306777,0.8760186472578328,0.7162235923728448,1.8175894367258183,0.7466487673482205,0.7843861088323762,0.8921930544161881,0.613867050175775,0.9119086463288761,0.9565217391304348,0.43478260869565216,0.5652173913043478,11,0.9348093480934809,0.0004997501249375312,0.8690639363890386,10,1.0,0.782608695652174
excluded_all,rms_z,46,318,2.1225327454989023,1.0869627767071273,1.035569968791775,1.9527188888003664,1.037422715008994,0.8359310910582445,0.9179655455291222,0.6935403733071076,0.9311105726317493,0.9347826086956522,0.34782608695652173,0.6521739130434783,11,0.9458794587945879,0.0004997501249375312,1.238485195546954,10,1.0,0.782608695652174
excluded_all,max_abs_z,46,318,4.5022258195062665,1.8548495885606417,2.647376230945625,2.4272727272727175,2.382669775496157,0.8502871205906481,0.9251435602953241,0.7332456563071847,0.9414621174589001,0.9782608695652174,0.2608695652173913,0.7391304347826086,11,0.9458794587945879,0.0004997501249375312,2.7130661466818187,11,1.0,0.8260869565217391
any_too_short,mean_abs_z,32,318,1.667953375817818,0.8760186472578328,0.7919347285599851,1.904015834638849,0.865420479812831,0.8663522012578617,0.9331761006289309,0.7460384581061638,0.9500339065821475,1.0,0.3125,0.6875,10,0.9609022556390977,0.0004997501249375312,1.0171049356333055,10,1.0,0.84375
any_too_short,rms_z,32,318,2.208258129946934,1.0869627767071273,1.1212953532398067,2.0315857886474156,1.2134277262809872,0.9524371069182389,0.9762185534591195,0.9351342169336126,0.9750007934828608,1.0,0.15625,0.84375,10,0.9849624060150376,0.0004997501249375312,1.3875432349804346,10,1.0,0.9375
any_too_short,max_abs_z,32,318,4.6685137336695455,1.8548495885606417,2.8136641451089037,2.5169230769230726,2.8017765770882344,0.9675707547169812,0.9837853773584906,0.9325994052808568,1.0,1.0,0.0,1.0,10,0.9849624060150376,0.0004997501249375312,3.0989675353221076,10,1.0,1.0
any_close_neighbor,mean_abs_z,25,318,1.4850611282616282,0.8760186472578328,0.6090424810037953,1.6952391743146762,0.6715665431476747,0.7408805031446541,0.8704402515723271,0.4835683609218638,0.887611304347826,0.92,0.52,0.48,6,0.8927536231884058,0.0004997501249375312,0.5975162009384576,5,1.0,0.76
any_close_neighbor,rms_z,25,318,1.8404354521903343,1.0869627767071273,0.7534726754832071,1.6931908724287656,0.8469547512573526,0.7378616352201257,0.8689308176100629,0.4599265397373747,0.8929112554112553,0.88,0.52,0.48,6,0.8840579710144928,0.0004997501249375312,0.6708381369259305,5,1.0,0.64
any_close_neighbor,max_abs_z,25,318,3.823225521252672,1.8548495885606417,1.9683759326920303,2.061205148294253,1.8464066138561943,0.7509433962264151,0.8754716981132076,0.4989906561461793,0.906730049313065,0.96,0.48,0.52,6,0.9014492753623189,0.0004997501249375312,1.4678821336045167,6,1.0,0.68
only_close_neighbor,mean_abs_z,14,318,1.369732881503381,0.8760186472578328,0.49371423424554806,1.5635887270105522,0.46026028662305196,0.5970350404312668,0.7985175202156334,0.3021685823754789,0.8342398310802668,0.8571428571428571,0.7142857142857143,0.2857142857142857,6,0.8175675675675675,0.0004997501249375312,0.5251026044610673,5,1.0,0.6428571428571429
only_close_neighbor,rms_z,14,318,1.6252162226184863,1.0869627767071273,0.538253445911359,1.495190320630811,0.5306856692269801,0.5696316262353998,0.7848158131176999,0.28672391922931884,0.8181778581473594,0.7857142857142857,0.7857142857142857,0.21428571428571427,6,0.7702702702702703,0.0034982508745627187,0.5765355803136469,5,0.8888888888888888,0.42857142857142855
only_close_neighbor,max_abs_z,14,318,3.1427741782843506,1.8548495885606417,1.2879245897237088,1.694355271536133,1.0931508650761854,0.582210242587601,0.7911051212938005,0.3167820512820512,0.8252363032593194,0.9285714285714286,0.8571428571428571,0.14285714285714285,6,0.7702702702702703,0.004497751124437781,1.3554670070250838,6,0.829059829059829,0.42857142857142855
only_too_short,mean_abs_z,20,318,1.6509607480010926,0.8760186472578328,0.7749421007432598,1.8846182705916488,0.8137382862885568,0.8289308176100629,0.9144654088050315,0.6731565078240794,0.9473356635967781,1.0,0.35,0.65,9,0.9617224880382775,0.0004997501249375312,0.8690639363890386,9,1.0,0.8
only_too_short,rms_z,20,318,2.2212053701318117,1.0869627767071273,1.1342425934246845,2.043497181072555,1.2286006502004634,0.9515723270440251,0.9757861635220125,0.9304199388505273,0.9777777777777779,1.0,0.15,0.85,9,0.992822966507177,0.0004997501249375312,1.238485195546954,9,1.0,0.95
only_too_short,max_abs_z,20,318,4.721435316336183,1.8548495885606417,2.866585727775541,2.5454545454545476,2.902179679890872,0.969496855345912,0.984748427672956,0.9374131757966345,1.0,1.0,0.0,1.0,9,0.9856459330143541,0.0004997501249375312,3.0222077447752587,9,1.0,1.0
only_too_short+close_neighbor,mean_abs_z,11,318,1.780545796012834,0.8760186472578328,0.9045271487550011,2.032543258738164,0.9039592021096243,0.9239565465980559,0.961978273299028,0.86744970798183,0.993169226453468,1.0,0.2727272727272727,0.7272727272727273,4,0.949238578680203,0.0004997501249375312,1.209142873143913,4,0.9655172413793104,0.9090909090909091
only_too_short+close_neighbor,rms_z,11,318,2.186162845407835,1.0869627767071273,1.0992000687007075,2.011258243847735,1.162542206850833,0.9519725557461407,0.9759862778730704,0.9216654671690445,0.9948667780403253,1.0,0.18181818181818182,0.8181818181818182,4,0.9695431472081218,0.0004997501249375312,1.498830081110519,4,1.0,0.9090909090909091
only_too_short+close_neighbor,max_abs_z,11,318,4.6090201897567225,1.8548495885606417,2.7541706011960807,2.484848484848472,2.6939380876648107,0.9656946826758148,0.9828473413379074,0.9274054701972322,1.0,1.0,0.0,1.0,4,1.0,0.0004997501249375312,3.057260992240488,4,1.0,1.0
