session,n_group,n_reference,median_group,median_reference,difference,ratio,auc,group,score
2018-01-23#1,3,50,2.151413352587659,0.7427011091309823,1.4087122434566766,2.8967418065458106,0.9933333333333333,excluded_all,mean_abs_z
2018-01-23#2,2,27,2.008843692095309,0.5953700953801224,1.4134735967151868,3.3741091594678343,1.0,excluded_all,mean_abs_z
2018-01-23#3,9,29,2.0556608874966567,0.6861887400619066,1.3694721474347502,2.995765986062667,0.9578544061302682,excluded_all,mean_abs_z
2018-02-01#4,4,2,1.94264992144066,0.43777138736472887,1.5048785340759312,4.437589978492913,1.0,excluded_all,mean_abs_z
2018-02-02#1,1,8,1.5848885269875541,0.8019195091112341,0.78296901787632,1.9763685868474294,0.875,excluded_all,mean_abs_z
2018-02-02#2,4,9,1.369732881503381,0.6460893640388228,0.7236435174645581,2.1200362639324846,1.0,excluded_all,mean_abs_z
2018-02-05#1,3,27,1.8641053155106548,0.9950413791216163,0.8690639363890386,1.873394769930286,1.0,excluded_all,mean_abs_z
2018-02-06#3,9,13,1.4385046227881173,1.1710090983579522,0.2674955244301651,1.2284316362744412,0.905982905982906,excluded_all,mean_abs_z
2018-02-08#1,8,9,1.3484610757134485,0.9981417300352172,0.3503193456782313,1.3509715455598386,0.7638888888888888,excluded_all,mean_abs_z
2018-02-09#1,1,4,2.2582815405854157,0.9171174740096785,1.3411640665757374,2.462368894479906,1.0,excluded_all,mean_abs_z
2018-05-02#1,2,11,0.9731885273716688,0.9963749261862288,-0.023186398814559972,0.9767292429735167,0.45454545454545453,excluded_all,mean_abs_z
2018-01-23#1,3,50,2.4620858434520407,0.8604056166639705,1.60168022678807,2.861540877659801,0.9866666666666667,excluded_all,rms_z
2018-01-23#2,2,27,2.508213004708662,0.7249130565493105,1.7832999481593514,3.4600190768367636,1.0,excluded_all,rms_z
2018-01-23#3,9,29,2.511554425713425,0.9167290153010083,1.5948254104124167,2.7396912105904656,0.9770114942528736,excluded_all,rms_z
2018-02-01#4,4,2,2.3475196219071774,0.6056878151108596,1.7418318067963179,3.8757913950729037,1.0,excluded_all,rms_z
2018-02-02#1,1,8,2.0994421644207737,0.9795514713670652,1.1198906930537085,2.1432688590532005,1.0,excluded_all,rms_z
2018-02-02#2,4,9,1.7497382396108914,0.779281750970354,0.9704564886405374,2.2453217176356746,1.0,excluded_all,rms_z
2018-02-05#1,3,27,2.3699351312122663,1.1314499356653123,1.238485195546954,2.094600084818338,1.0,excluded_all,rms_z
2018-02-06#3,9,13,1.9359865605137228,1.483137815780808,0.4528487447329148,1.3053315342070957,0.8803418803418803,excluded_all,rms_z
2018-02-08#1,8,9,1.885033048666548,1.2134291025036619,0.6716039461628862,1.5534760496325408,0.8472222222222222,excluded_all,rms_z
2018-02-09#1,1,4,2.6028393100185587,1.0001162953935374,1.6027230146250213,2.602536646995001,1.0,excluded_all,rms_z
2018-05-02#1,2,11,1.177477991078927,1.2645028275796155,-0.08702483650068848,0.9311786145490377,0.5,excluded_all,rms_z
2018-01-23#1,3,50,4.694455685957097,1.5731776162225177,3.121278069734579,2.9840595477256593,0.9466666666666667,excluded_all,max_abs_z
2018-01-23#2,2,27,4.5917255548983675,1.294961639249154,3.2967639156492137,3.5458390547852416,1.0,excluded_all,max_abs_z
2018-01-23#3,9,29,4.6090201897567225,1.6300193354017731,2.9790008543549495,2.8275862068965423,0.9961685823754789,excluded_all,max_abs_z
2018-02-01#4,4,2,4.559557534061781,1.367828840646039,3.191728693415742,3.333426959990299,1.0,excluded_all,max_abs_z
2018-02-02#1,1,8,4.103152120149281,1.7986420252709183,2.304510094878363,2.2812499999999996,1.0,excluded_all,max_abs_z
2018-02-02#2,4,9,3.372453797382985,1.452749328103439,1.9197044692795462,2.3214285714285725,1.0,excluded_all,max_abs_z
2018-02-05#1,3,27,4.440397499887593,2.251893080422924,2.188504419464669,1.9718509455402962,0.9753086419753086,excluded_all,max_abs_z
2018-02-06#3,9,13,4.665227753046464,2.810378164485823,1.8548495885606413,1.6599999999999995,0.905982905982906,excluded_all,max_abs_z
2018-02-08#1,8,9,4.665227753046439,1.9521616063646205,2.7130661466818187,2.3897753842901253,0.8194444444444444,excluded_all,max_abs_z
2018-02-09#1,1,4,4.669551411761053,1.5310785090965053,3.1384729026645477,3.0498445272519508,1.0,excluded_all,max_abs_z
2018-05-02#1,2,11,2.1531820398675987,2.016804236755968,0.1363778031116305,1.0676207440594205,0.5909090909090909,excluded_all,max_abs_z
2018-01-23#1,3,50,2.151413352587659,0.7427011091309823,1.4087122434566766,2.8967418065458106,0.9933333333333333,any_too_short,mean_abs_z
2018-01-23#2,2,27,2.008843692095309,0.5953700953801224,1.4134735967151868,3.3741091594678343,1.0,any_too_short,mean_abs_z
2018-01-23#3,8,29,1.851334674939479,0.6861887400619066,1.1651459348775726,2.69799629001848,0.9525862068965517,any_too_short,mean_abs_z
2018-02-01#4,2,2,1.94264992144066,0.43777138736472887,1.5048785340759312,4.437589978492913,1.0,any_too_short,mean_abs_z
2018-02-02#1,1,8,1.5848885269875541,0.8019195091112341,0.78296901787632,1.9763685868474294,0.875,any_too_short,mean_abs_z
2018-02-02#2,1,9,1.2314861964585575,0.6460893640388228,0.5853968324197347,1.9060617075636597,1.0,any_too_short,mean_abs_z
2018-02-05#1,3,27,1.8641053155106548,0.9950413791216163,0.8690639363890386,1.873394769930286,1.0,any_too_short,mean_abs_z
2018-02-06#3,6,13,1.452057118305827,1.1710090983579522,0.28104801994787487,1.2400049840278564,0.9487179487179487,any_too_short,mean_abs_z
2018-02-08#1,5,9,1.4961279502866758,0.9981417300352172,0.49798622025145856,1.4989133359186257,0.8,any_too_short,mean_abs_z
2018-02-09#1,1,4,2.2582815405854157,0.9171174740096785,1.3411640665757374,2.462368894479906,1.0,any_too_short,mean_abs_z
2018-01-23#1,3,50,2.4620858434520407,0.8604056166639705,1.60168022678807,2.861540877659801,0.9866666666666667,any_too_short,rms_z
2018-01-23#2,2,27,2.508213004708662,0.7249130565493105,1.7832999481593514,3.4600190768367636,1.0,any_too_short,rms_z
2018-01-23#3,8,29,2.4533302897149234,0.9167290153010083,1.5366012744139153,2.676178291258046,0.9741379310344828,any_too_short,rms_z
2018-02-01#4,2,2,2.3475196219071774,0.6056878151108596,1.7418318067963179,3.8757913950729037,1.0,any_too_short,rms_z
2018-02-02#1,1,8,2.0994421644207737,0.9795514713670652,1.1198906930537085,2.1432688590532005,1.0,any_too_short,rms_z
2018-02-02#2,1,9,1.8003118659655215,0.779281750970354,1.0210301149951675,2.3102194600653623,1.0,any_too_short,rms_z
2018-02-05#1,3,27,2.3699351312122663,1.1314499356653123,1.238485195546954,2.094600084818338,1.0,any_too_short,rms_z
2018-02-06#3,6,13,2.0154603639621453,1.483137815780808,0.5323225481813374,1.3589164422330453,0.9871794871794872,any_too_short,rms_z
2018-02-08#1,5,9,2.188060598963223,1.2134291025036619,0.9746314964595613,1.8032043194353995,0.9777777777777777,any_too_short,rms_z
2018-02-09#1,1,4,2.6028393100185587,1.0001162953935374,1.6027230146250213,2.602536646995001,1.0,any_too_short,rms_z
2018-01-23#1,3,50,4.694455685957097,1.5731776162225177,3.121278069734579,2.9840595477256593,0.9466666666666667,any_too_short,max_abs_z
2018-01-23#2,2,27,4.5917255548983675,1.294961639249154,3.2967639156492137,3.5458390547852416,1.0,any_too_short,max_abs_z
2018-01-23#3,8,29,4.721435316336155,1.6300193354017731,3.091415980934382,2.8965517241379217,1.0,any_too_short,max_abs_z
2018-02-01#4,2,2,4.559557534061781,1.367828840646039,3.191728693415742,3.333426959990299,1.0,any_too_short,max_abs_z
2018-02-02#1,1,8,4.103152120149281,1.7986420252709183,2.304510094878363,2.2812499999999996,1.0,any_too_short,max_abs_z
2018-02-02#2,1,9,4.150712366009826,1.452749328103439,2.6979630379063875,2.8571428571428577,1.0,any_too_short,max_abs_z
2018-02-05#1,3,27,4.440397499887593,2.251893080422924,2.188504419464669,1.9718509455402962,0.9753086419753086,any_too_short,max_abs_z
2018-02-06#3,6,13,4.721435316336183,2.810378164485823,1.9110571518503598,1.6800000000000002,1.0,any_too_short,max_abs_z
2018-02-08#1,5,9,5.058680696074453,1.9521616063646205,3.1065190897098325,2.5913227058567627,1.0,any_too_short,max_abs_z
2018-02-09#1,1,4,4.669551411761053,1.5310785090965053,3.1384729026645477,3.0498445272519508,1.0,any_too_short,max_abs_z
2018-01-23#3,6,29,1.8693236484174294,0.6861887400619066,1.1831349083555227,2.7242120706451445,0.9540229885057471,any_close_neighbor,mean_abs_z
2018-02-01#4,4,2,1.94264992144066,0.43777138736472887,1.5048785340759312,4.437589978492913,1.0,any_close_neighbor,mean_abs_z
2018-02-02#2,3,9,1.4287990485307922,0.6460893640388228,0.7827096844919694,2.2114573123431533,1.0,any_close_neighbor,mean_abs_z
2018-02-06#3,6,13,1.430109602830671,1.1710090983579522,0.2591005044727188,1.2212625886818835,0.8846153846153846,any_close_neighbor,mean_abs_z
2018-02-08#1,4,9,1.410464447420163,0.9981417300352172,0.41232271738494586,1.4130903507765356,0.7777777777777778,any_close_neighbor,mean_abs_z
2018-05-02#1,2,11,0.9731885273716688,0.9963749261862288,-0.023186398814559972,0.9767292429735167,0.45454545454545453,any_close_neighbor,mean_abs_z
2018-01-23#3,6,29,2.3420558982195767,0.9167290153010083,1.4253268829185686,2.5547963019917743,0.9712643678160919,any_close_neighbor,rms_z
2018-02-01#4,4,2,2.3475196219071774,0.6056878151108596,1.7418318067963179,3.8757913950729037,1.0,any_close_neighbor,rms_z
2018-02-02#2,3,9,1.6991646132562614,0.779281750970354,0.9198828622859074,2.1804239752059873,1.0,any_close_neighbor,rms_z
2018-02-06#3,6,13,1.8050867716615295,1.483137815780808,0.3219489558807216,1.2170728522023622,0.8205128205128205,any_close_neighbor,rms_z
2018-02-08#1,4,9,1.6352225140696155,1.2134291025036619,0.4217934115659536,1.3476044959657465,0.7222222222222222,any_close_neighbor,rms_z
2018-05-02#1,2,11,1.177477991078927,1.2645028275796155,-0.08702483650068848,0.9311786145490377,0.5,any_close_neighbor,rms_z
2018-01-23#3,6,29,4.412293718242717,1.6300193354017731,2.782274382840944,2.7068965517241295,0.9942528735632183,any_close_neighbor,max_abs_z
2018-02-01#4,4,2,4.559557534061781,1.367828840646039,3.191728693415742,3.333426959990299,1.0,any_close_neighbor,max_abs_z
2018-02-02#2,3,9,3.320569892807862,1.452749328103439,1.8678205647044233,2.285714285714287,1.0,any_close_neighbor,max_abs_z
2018-02-06#3,6,13,3.878321866990433,2.810378164485823,1.0679437025046101,1.379999999999999,0.8589743589743589,any_close_neighbor,max_abs_z
2018-02-08#1,4,9,2.8432589070791616,1.9521616063646205,0.8910973007145411,1.4564669737430047,0.6388888888888888,any_close_neighbor,max_abs_z
2018-05-02#1,2,11,2.1531820398675987,2.016804236755968,0.1363778031116305,1.0676207440594205,0.5909090909090909,any_close_neighbor,max_abs_z
