recording_id,event_id,recording_file,label,start_s,end_s,duration_s,confidence,max_confidence,window_count,sample_rate,mean_rms,peak_rms,total_energy,time_to_peak_s,spectral_centroid_mean,spectral_centroid_std,spectral_flatness_mean,spectral_flatness_std,spectral_rolloff_mean,spectral_rolloff_std,zcr_mean,zcr_std
0,0,rec2018-01-22_17h41m33.475s.wav,Inhale,2.496,4.04,1.544,0.8478618302766014,0.9846252202987671,85,8000,0.1772032380104065,0.25603294372558594,0.05780026689171791,0.5440000295639038,0.37882059812545776,0.03874003514647484,0.19025211036205292,0.06494175642728806,0.6864932179450989,0.07275300472974777,0.4079086482524872,0.07880760729312897
1,0,rec2018-01-22_17h41m49.809s.wav,Inhale,0.6880000000000001,2.232,1.544,0.9337995206608491,0.9874169230461121,85,8000,0.1774943321943283,0.27490442991256714,0.059328895062208176,1.25600004196167,0.3786831498146057,0.039246752858161926,0.15679964423179626,0.048104178160429,0.6812580823898315,0.06918291747570038,0.4240848422050476,0.0860765352845192
2,0,rec2018-01-22_17h42m07.718s.wav,Inhale,2.048,3.608,1.56,0.908583119858143,0.9745699763298035,86,8000,0.1669168323278427,0.2565329074859619,0.05366009473800659,0.2160000056028366,0.3870222866535187,0.041311200708150864,0.16569066047668457,0.05492357909679413,0.6857063174247742,0.07171718031167984,0.40528589487075806,0.07828397303819656
3,0,rec2018-01-22_17h42m23.769s.wav,Inhale,2.912,4.632000000000001,1.7200000000000006,0.8991530801480015,0.9897542595863342,96,8000,0.16885042190551758,0.26456040143966675,0.06003081798553467,0.2720000147819519,0.39011135697364807,0.04699074104428291,0.1663258820772171,0.05882794037461281,0.6946976184844971,0.06934874504804611,0.42376482486724854,0.08403381705284119
4,0,rec2018-01-22_17h44m03.761s.wav,Inhale,2.56,4.2,1.6400000000000001,0.8749377157661941,0.980003833770752,91,8000,0.18736642599105835,0.3303876221179962,0.07371482998132706,0.8479999899864197,0.3577907979488373,0.03694210946559906,0.13267888128757477,0.04785476624965668,0.6625455021858215,0.09574545919895172,0.35557541251182556,0.060813359916210175
5,0,rec2018-01-22_17h44m21.408s.wav,Inhale,4.704,6.248,1.5440000000000005,0.9089284388458028,0.9854579567909241,85,8000,0.18538779020309448,0.25700631737709045,0.06109093129634857,0.14399999380111694,0.3825538754463196,0.039017628878355026,0.16506478190422058,0.04418111592531204,0.6881040334701538,0.04286370053887367,0.40033021569252014,0.07054945081472397
6,0,rec2018-01-22_17h44m39.521s.wav,Inhale,4.336,6.184,1.8479999999999999,0.8498581504592528,0.9831579923629761,104,8000,0.18272557854652405,0.28347933292388916,0.07738082855939865,0.3840000033378601,0.35781505703926086,0.033624857664108276,0.14533746242523193,0.06117059662938118,0.6428475379943848,0.08379106223583221,0.3359375,0.06896136701107025
7,0,rec2018-01-22_17h44m56.745s.wav,Inhale,2.848,4.84,1.992,0.9268389958723456,0.9948825240135193,113,8000,0.19364038109779358,0.29751476645469666,0.09220603108406067,0.7680000066757202,0.36858415603637695,0.04905065521597862,0.14562389254570007,0.0605192668735981,0.6560937762260437,0.0683312863111496,0.35969141125679016,0.043358881026506424
8,0,rec2018-01-22_17h45m12.839s.wav,Inhale,0.752,2.04,1.288,0.922130362711091,0.9858847260475159,69,8000,0.18862277269363403,0.3259517252445221,0.053773026913404465,1.2640000581741333,0.3692077696323395,0.042334750294685364,0.16216129064559937,0.06434697657823563,0.6571663022041321,0.09071652591228485,0.3941363990306854,0.08794627338647842
9,0,rec2018-01-23_10h42m07.256s.wav,Inhale,3.344,4.952,1.608,0.9419005985340375,0.9919159412384033,89,8000,0.17880965769290924,0.2739526331424713,0.06426569819450378,1.1519999504089355,0.3718438148498535,0.03910711407661438,0.1622491180896759,0.05661381408572197,0.6852181553840637,0.07009249180555344,0.36870309710502625,0.06268265843391418
10,0,rec2018-01-23_10h42m23.823s.wav,Inhale,1.44,3.0000000000000004,1.5600000000000005,0.9466804855091627,0.9956548810005188,86,8000,0.16079793870449066,0.2446260005235672,0.050245169550180435,1.3279999494552612,0.38974711298942566,0.04511041194200516,0.15463116765022278,0.054640594869852066,0.6895726919174194,0.09382670372724533,0.41834741830825806,0.09375327080488205
11,0,rec2018-01-23_10h42m45.728s.wav,Inhale,0.5760000000000001,2.68,2.104,0.9660719970862071,0.9956285357475281,120,8000,0.17881539463996887,0.2905588746070862,0.08138009160757065,0.8399999737739563,0.37826070189476013,0.04012418910861015,0.14646156132221222,0.05950057879090309,0.6897490620613098,0.08904781192541122,0.3863377571105957,0.06973255425691605
12,0,rec2018-01-23_10h43m05.349s.wav,Inhale,2.192,4.152,1.96,0.97122547433183,0.9973201155662537,111,8000,0.1555854082107544,0.23002660274505615,0.058568596839904785,0.8479999899864197,0.39923641085624695,0.0391235426068306,0.17203165590763092,0.061890773475170135,0.6949313879013062,0.08364549279212952,0.4288518726825714,0.09163638204336166
13,0,rec2018-01-23_10h43m22.564s.wav,Inhale,2.848,4.808000000000001,1.9600000000000009,0.9490245452551084,0.9953882694244385,107,8000,0.18327011168003082,0.2595759332180023,0.07311318069696426,1.656000018119812,0.40409722924232483,0.04932267218828201,0.16094015538692474,0.03884361311793327,0.713478147983551,0.03803260996937752,0.4475931227207184,0.05392281338572502
14,0,rec2018-01-23_10h43m40.126s.wav,Inhale,0.8320000000000001,2.664,1.832,0.9650137326092396,0.9971593022346497,103,8000,0.1700514703989029,0.27439865469932556,0.06642016768455505,0.9200000166893005,0.3845367431640625,0.03864539414644241,0.12918315827846527,0.04992139711976051,0.681046187877655,0.08711373805999756,0.397327184677124,0.0810287743806839
15,0,rec2018-01-23_10h43m56.234s.wav,Inhale,0.768,2.4400000000000004,1.6720000000000004,0.960628387107644,0.9978858828544617,93,8000,0.1583334356546402,0.2537996172904968,0.051377072930336,1.4320000410079956,0.39223945140838623,0.03683193400502205,0.16304707527160645,0.06569229066371918,0.6865699291229248,0.09308735281229019,0.41372767090797424,0.08897620439529419
16,0,rec2018-01-23_10h44m12.634s.wav,Inhale,0.8320000000000001,3.208,2.3760000000000003,0.9789226085600191,0.9971426725387573,137,8000,0.1479821503162384,0.2131074219942093,0.0607772134244442,0.36000001430511475,0.41677647829055786,0.04221426695585251,0.1773356795310974,0.06390576809644699,0.7020763158798218,0.08900562673807144,0.46443411707878113,0.10443917661905289
17,0,rec2018-01-23_10h44m30.273s.wav,Inhale,2.64,4.376,1.7360000000000002,0.9735949383568518,0.9964292049407959,97,8000,0.15492215752601624,0.25234511494636536,0.05162971839308739,0.6079999804496765,0.4069482088088989,0.04323187097907066,0.15886259078979492,0.06246618926525116,0.701512336730957,0.07891607284545898,0.43010857701301575,0.07344967126846313
18,0,rec2018-01-23_10h45m25.926s.wav,Inhale,4.6080000000000005,6.136,1.5279999999999996,0.9120199900297892,0.9935973882675171,84,8000,0.16835659742355347,0.2579691410064697,0.05128713697195053,1.0399999618530273,0.38660621643066406,0.03854015842080116,0.16948717832565308,0.05883020907640457,0.6771240234375,0.08512415736913681,0.43514251708984375,0.1038207933306694
19,0,rec2018-01-23_10h45m44.127s.wav,Inhale,2.512,4.28,1.7680000000000002,0.9651438708257194,0.9986772537231445,99,8000,0.177190899848938,0.26716047525405884,0.0689907968044281,1.0160000324249268,0.3760787546634674,0.03429936245083809,0.12733003497123718,0.0456882044672966,0.6787021160125732,0.07792849838733673,0.37148526310920715,0.06176460161805153
19,1,rec2018-01-23_10h45m44.127s.wav,Inhale,4.5120000000000005,4.712000000000001,0.20000000000000018,0.49006134271621704,0.49006134271621704,1,8000,0.24270811676979065,0.32952880859375,0.011852089315652847,0.20000000298023224,0.3348084092140198,0.018728116527199745,0.12407217919826508,0.0499316081404686,0.5330528616905212,0.07547511905431747,0.2285531908273697,0.032457053661346436
20,0,rec2018-01-23_10h46m04.850s.wav,Inhale,1.968,3.688,1.7200000000000002,0.9688474430392185,0.9975178837776184,96,8000,0.15259727835655212,0.2349851429462433,0.049225639551877975,0.3919999897480011,0.4049626886844635,0.03742977976799011,0.17134927213191986,0.054703135043382645,0.70703125,0.06570899486541748,0.44871237874031067,0.09142129868268967
21,0,rec2018-01-23_10h47m11.936s.wav,Inhale,4.416,6.008,1.5919999999999996,0.8973581384528767,0.9816783666610718,88,8000,0.19366995990276337,0.2999245524406433,0.07050499320030212,0.47200000286102295,0.37153369188308716,0.03568437322974205,0.15856806933879852,0.04420856386423111,0.6948046684265137,0.050256166607141495,0.41155028343200684,0.07513484358787537
22,0,rec2018-01-23_10h49m01.624s.wav,Inhale,2.576,5.736000000000001,3.1600000000000006,0.9740512146744676,0.9996151328086853,186,8000,0.18554307520389557,0.2533213198184967,0.12280748784542084,2.6640000343322754,0.39872047305107117,0.045871004462242126,0.13217569887638092,0.05909080058336258,0.6494633555412292,0.0953921377658844,0.39502692222595215,0.03601912781596184
23,0,rec2018-01-23_10h49m24.634s.wav,Inhale,3.024,5.5440000000000005,2.5200000000000005,0.9844007626788257,0.9997668862342834,146,8000,0.1890803724527359,0.25417259335517883,0.10335562378168106,1.6640000343322754,0.3747974932193756,0.028608346357941628,0.11233438551425934,0.08537296205759048,0.5885087251663208,0.11150842905044556,0.3579055070877075,0.047807369381189346
24,0,rec2018-01-23_10h50m00.411s.wav,Inhale,5.488,8.184,2.695999999999999,0.9774037740033144,0.999591052532196,157,8000,0.1838201880455017,0.25074049830436707,0.1046447604894638,2.0959999561309814,0.3867894411087036,0.03676591068506241,0.1270494908094406,0.05873170495033264,0.6283515095710754,0.10253291577100754,0.38385263085365295,0.0424639955163002
25,0,rec2018-01-23_10h50m22.155s.wav,Inhale,2.496,5.256,2.7600000000000002,0.978876142768386,0.9988613128662109,161,8000,0.17776568233966827,0.23724262416362762,0.09809713810682297,2.184000015258789,0.39627736806869507,0.03963971883058548,0.11232571303844452,0.05178254842758179,0.6378251314163208,0.09161214530467987,0.381607323884964,0.030222773551940918
26,0,rec2018-01-23_10h50m40.883s.wav,Inhale,3.36,6.008,2.648,0.9607704034099331,0.9993309378623962,154,8000,0.18027061223983765,0.23355735838413239,0.09726453572511673,1.9919999837875366,0.3870837986469269,0.022036297246813774,0.13236406445503235,0.05738100782036781,0.6437311768531799,0.08272365480661392,0.3768575191497803,0.04587685689330101
27,0,rec2018-01-23_10h52m21.295s.wav,Inhale,2.72,5.384,2.664,0.9701798877408427,0.999556839466095,155,8000,0.18208862841129303,0.2577584683895111,0.10327192395925522,1.5679999589920044,0.359140008687973,0.022784274071455002,0.0784955620765686,0.05345847085118294,0.5394601225852966,0.07986477017402649,0.3300401270389557,0.03597245365381241
28,0,rec2018-01-23_10h52m39.068s.wav,Inhale,3.984,7.08,3.096,0.955536655999802,0.9996217489242554,182,8000,0.18417388200759888,0.24459542334079742,0.12071435898542404,2.6080000400543213,0.3775152564048767,0.02683515101671219,0.09807746112346649,0.05433464050292969,0.5812661051750183,0.10118797421455383,0.3664173185825348,0.03610466048121452
29,0,rec2018-01-23_10h52m57.816s.wav,Inhale,5.6000000000000005,8.632,3.031999999999999,0.9758602685472938,0.9991955161094666,178,8000,0.18010923266410828,0.2341592013835907,0.10976558178663254,2.6480000019073486,0.389325886964798,0.02532474882900715,0.12652692198753357,0.06587453931570053,0.6236636638641357,0.10014980286359787,0.3891897201538086,0.04069818928837776
29,1,rec2018-01-23_10h52m57.816s.wav,Inhale,11.584,12.0,0.41600000000000037,0.7605880051851273,0.9488101005554199,12,8000,0.18707244098186493,0.2781144380569458,0.01664753258228302,0.20000000298023224,0.33680200576782227,0.016428334638476372,0.049263376742601395,0.02677072398364544,0.4426591992378235,0.03487071022391319,0.28358083963394165,0.061624083667993546
