recording_file,event_id,recording_annotated,recording_has_inhale_annotation,best_inhale_iou,overlap_drug,overlap_exhale,overlap_inhale,overlap_noise,overlap_any_annotation,annotation_status
rec2018-01-22_17h41m33.475s.wav,0,True,True,0.8755667098445596,0.03416450777202077,0.0,0.8755667098445596,0.0,0.9097312176165805,matched_inhale
rec2018-01-22_17h41m49.809s.wav,0,True,True,0.9218762194646059,0.0,0.0,0.9562823834196889,0.0,0.9562823834196889,matched_inhale
rec2018-01-22_17h42m07.718s.wav,0,True,True,0.8861378205128205,0.0,0.0,0.8861378205128205,0.0,0.8861378205128205,matched_inhale
rec2018-01-22_17h42m23.769s.wav,0,True,True,0.934767376681614,0.0,0.0,0.9695494186046508,0.0,0.9695494186046508,matched_inhale
rec2018-01-22_17h44m03.761s.wav,0,True,True,0.9169207317073171,0.0,0.0,0.9169207317073171,0.0,0.9169207317073171,matched_inhale
rec2018-01-22_17h44m21.408s.wav,0,True,True,0.924261275272162,0.0,0.0,0.9622733160621761,0.0,0.9622733160621761,matched_inhale
rec2018-01-22_17h44m39.521s.wav,0,True,True,0.863095238095238,0.0,0.0,0.863095238095238,0.0,0.863095238095238,matched_inhale
rec2018-01-22_17h44m56.745s.wav,0,True,True,0.9684362449799199,0.0,0.0,0.9684362449799199,0.0,0.9684362449799199,matched_inhale
rec2018-01-22_17h45m12.839s.wav,0,True,True,0.8609277950310559,0.056677018633540334,0.0,0.8609277950310559,0.0,0.9176048136645962,matched_inhale
rec2018-01-23_10h42m07.256s.wav,0,True,True,0.9067941542288556,0.05208333333333346,0.0,0.9067941542288556,0.0,0.958877487562189,matched_inhale
rec2018-01-23_10h42m23.823s.wav,0,True,True,0.9185096153846152,0.039503205128205286,0.0,0.9185096153846152,0.0,0.9580128205128204,matched_inhale
rec2018-01-23_10h42m45.728s.wav,0,True,True,0.947065114068441,0.0,0.0,0.947065114068441,0.0,0.947065114068441,matched_inhale
rec2018-01-23_10h43m05.349s.wav,0,True,True,0.8738520408163266,0.008099489795918523,0.0,0.8738520408163266,0.0,0.8819515306122452,matched_inhale
rec2018-01-23_10h43m22.564s.wav,0,True,True,0.9548309331979951,0.0,0.0,0.9598852040816324,0.0,0.9598852040816324,matched_inhale
rec2018-01-23_10h43m40.126s.wav,0,True,False,0.0,0.0,0.0,0.0,0.0,0.0,no_inhale_annotation_in_recording
rec2018-01-23_10h43m56.234s.wav,0,True,True,0.890400717703349,0.0,0.0,0.890400717703349,0.0,0.890400717703349,matched_inhale
rec2018-01-23_10h44m12.634s.wav,0,True,True,0.9234006734006732,0.0,0.0,0.9234006734006732,0.0,0.9234006734006732,matched_inhale
rec2018-01-23_10h44m30.273s.wav,0,True,True,0.8575748847926267,0.0,0.0,0.8575748847926267,0.0,0.8575748847926267,matched_inhale
rec2018-01-23_10h45m25.926s.wav,0,True,True,0.8937336387434561,0.0,0.0,0.8937336387434561,0.042866492146596366,0.9366001308900525,matched_inhale
rec2018-01-23_10h45m44.127s.wav,0,True,True,0.8726143790849674,0.0,0.0,0.9439338235294118,0.0,0.9439338235294118,matched_inhale
rec2018-01-23_10h45m44.127s.wav,1,True,True,0.0,1.0,0.0,0.0,0.0,1.0,outside_inhale_annotations
rec2018-01-23_10h46m04.850s.wav,0,True,True,0.898110465116279,0.0,0.0,0.898110465116279,0.0,0.898110465116279,matched_inhale
rec2018-01-23_10h47m11.936s.wav,0,True,True,0.8859139447236184,0.0,0.0,0.8859139447236184,0.0,0.8859139447236184,matched_inhale
rec2018-01-23_10h49m01.624s.wav,0,True,True,0.9210047468354428,0.0,0.0,0.9210047468354428,0.04576740506329127,0.966772151898734,matched_inhale
rec2018-01-23_10h49m24.634s.wav,0,True,True,0.9328373015873013,0.0,0.0,0.9328373015873013,0.0,0.9328373015873013,matched_inhale
rec2018-01-23_10h50m00.411s.wav,0,True,True,0.9549795994065283,0.0,0.0,0.9549795994065283,0.06991839762611225,0.9958271513353114,matched_inhale
rec2018-01-23_10h50m22.155s.wav,0,True,True,0.9044384057971013,0.0,0.0,0.9044384057971013,0.04673913043478261,0.951177536231884,matched_inhale
rec2018-01-23_10h50m40.883s.wav,0,True,True,0.9617673241812305,0.0,0.0,0.9689860271903323,0.0,0.9689860271903323,matched_inhale
rec2018-01-23_10h52m21.295s.wav,0,True,True,0.9580048798798799,0.0,0.0,0.9580048798798799,0.03143768768768777,0.9894425675675677,matched_inhale
rec2018-01-23_10h52m39.068s.wav,0,True,True,0.9762193152454778,0.0,0.0,0.9762193152454778,0.03250161498708009,0.9869993540051678,matched_inhale
rec2018-01-23_10h52m57.816s.wav,0,True,True,0.9709762532981536,0.0,0.0,0.9709762532981536,0.0,0.9709762532981536,matched_inhale
rec2018-01-23_10h52m57.816s.wav,1,True,True,0.0,0.0,0.0,0.0,0.0,0.0,outside_inhale_annotations
rec2018-01-23_10h53m20.922s.wav,0,True,True,0.9010739164086686,0.0,0.0,0.9010739164086686,0.0,0.9010739164086686,matched_inhale
rec2018-01-23_10h54m18.511s.wav,0,True,True,0.9343853820598007,0.0,0.0,0.9343853820598007,0.005502491694352245,0.939887873754153,matched_inhale
rec2018-01-23_10h54m39.487s.wav,0,True,True,0.9021821776155715,0.0,0.0,0.9021821776155715,0.011062956204379708,0.9132451338199512,matched_inhale
rec2018-01-23_10h56m48.215s.wav,0,True,True,0.9312391114982578,0.0,0.0,0.9312391114982578,0.03838196864111498,0.9696210801393729,matched_inhale
rec2018-01-23_10h57m38.405s.wav,0,True,True,0.9472428714079658,0.0,0.0,0.9631656137184113,0.0,0.9631656137184113,matched_inhale
rec2018-01-23_10h57m54.607s.wav,0,True,True,0.9097293501161474,0.0,0.0,0.9431003584229392,0.0,0.9431003584229392,matched_inhale
rec2018-01-23_10h59m20.895s.wav,0,True,True,0.8844554721030043,0.0,0.0,0.8844554721030043,0.0,0.8844554721030043,matched_inhale
rec2018-01-23_10h59m40.619s.wav,0,True,True,0.9154372317596562,0.0,0.0,0.9154372317596562,0.0,0.9154372317596562,matched_inhale
rec2018-01-23_10h59m57.587s.wav,0,True,True,0.9609678988326849,0.0,0.0,0.9609678988326849,0.0,0.9609678988326849,matched_inhale
rec2018-01-23_11h00m14.641s.wav,0,True,True,0.9396917420814481,0.0,0.0,0.9396917420814481,0.0,0.9396917420814481,matched_inhale
rec2018-01-23_11h01m08.679s.wav,0,True,True,0.9354292168674697,0.0,0.0,0.9354292168674697,0.0,0.9354292168674697,matched_inhale
rec2018-01-23_11h01m26.075s.wav,0,True,True,0.8900743392070486,0.0,0.0,0.8900743392070486,0.0,0.8900743392070486,matched_inhale
rec2018-01-23_11h01m41.256s.wav,0,True,True,0.8912956008583688,0.0,0.0,0.8912956008583688,0.0,0.8912956008583688,matched_inhale
rec2018-01-23_11h01m57.075s.wav,0,True,True,0.8985529556650242,0.0,0.0,0.8985529556650242,0.09182573891625596,0.9351139162561574,matched_inhale
rec2018-01-23_11h02m14.505s.wav,0,True,True,0.88118961352657,0.0,0.0,0.88118961352657,0.0,0.88118961352657,matched_inhale
rec2018-01-23_11h02m29.845s.wav,0,True,True,0.859237334801762,0.0,0.0,0.859237334801762,0.051693281938326056,0.9109306167400881,matched_inhale
rec2018-01-23_11h02m48.266s.wav,0,True,True,0.8046504739336495,0.0,0.0,0.8046504739336495,0.0,0.8046504739336495,matched_inhale
rec2018-01-23_11h03m04.371s.wav,0,True,True,0.8347837552742616,0.0,0.0,0.8347837552742616,0.0,0.8347837552742616,matched_inhale
rec2018-01-23_11h03m19.651s.wav,0,True,True,0.8795864427860697,0.0,0.0,0.8795864427860697,0.06265547263681599,0.9212531094527364,matched_inhale
rec2018-01-23_11h03m36.803s.wav,0,True,True,0.8463955026455029,0.0,0.0,0.8463955026455029,0.04976851851851855,0.8961640211640214,matched_inhale
rec2018-01-23_11h03m51.751s.wav,0,True,True,0.8742933417085426,0.0,0.0,0.8742933417085426,0.0,0.8742933417085426,matched_inhale
rec2018-01-23_11h04m10.613s.wav,0,True,True,0.841920731707317,0.0,0.0,0.841920731707317,0.0,0.841920731707317,matched_inhale
rec2018-01-23_11h04m27.250s.wav,0,True,True,0.8694240196078432,0.0,0.0,0.8694240196078432,0.0,0.8694240196078432,matched_inhale
rec2018-01-23_11h04m44.325s.wav,0,True,True,0.8120241116751268,0.0,0.0,0.8120241116751268,0.0998572335025381,0.911881345177665,matched_inhale
rec2018-01-23_11h05m01.603s.wav,0,True,True,0.8611937830687829,0.0,0.0,0.8611937830687829,0.0,0.8611937830687829,matched_inhale
rec2018-01-23_11h11m07.436s.wav,0,True,True,0.871361301369863,0.0,0.0,0.871361301369863,0.0,0.871361301369863,matched_inhale
rec2018-01-23_11h11m22.731s.wav,0,True,True,0.8179177135678392,0.0,0.0,0.8179177135678392,0.0,0.8179177135678392,matched_inhale
rec2018-01-23_11h11m37.608s.wav,0,True,True,0.8472977053140096,0.0,0.0,0.8472977053140096,0.0,0.8472977053140096,matched_inhale
rec2018-01-23_11h11m52.435s.wav,0,True,False,0.0,0.0,0.0,0.0,0.0,0.0,no_inhale_annotation_in_recording
rec2018-01-23_11h11m52.435s.wav,1,True,False,0.0,0.0,0.0,0.0,1.0,1.0,no_inhale_annotation_in_recording
rec2018-01-23_11h51m22.121s.wav,0,True,True,0.9025088028169014,0.0,0.0,0.9025088028169014,0.0,0.9025088028169014,matched_inhale
rec2018-01-23_11h51m22.121s.wav,1,True,True,0.0,0.0,0.0,0.0,0.7376077586206917,0.7376077586206917,outside_inhale_annotations
rec2018-01-23_11h51m37.745s.wav,0,True,True,0.8279309006211182,0.0,0.0,0.8279309006211182,0.0,0.8279309006211182,matched_inhale
rec2018-01-23_11h51m52.565s.wav,0,True,True,0.8486152694610777,0.0,0.0,0.8486152694610777,0.0,0.8486152694610777,matched_inhale
rec2018-01-23_11h52m38.758s.wav,0,True,True,0.9066506410256409,0.0,0.0,0.9066506410256409,0.0,0.9066506410256409,matched_inhale
rec2018-01-23_11h52m53.640s.wav,0,True,True,0.8510928961748633,0.0,0.0,0.8510928961748633,0.0,0.8510928961748633,matched_inhale
rec2018-01-23_11h53m23.410s.wav,0,True,True,0.7977474619289338,0.0,0.0,0.7977474619289338,0.18091687817258897,0.9643876903553298,matched_inhale
rec2018-01-23_11h53m38.425s.wav,0,True,True,0.8992575966850826,0.0,0.0,0.8992575966850826,0.0,0.8992575966850826,matched_inhale
rec2018-01-23_11h53m56.835s.wav,0,True,True,0.8954930904522608,0.0,0.0,0.8954930904522608,0.0,0.8954930904522608,matched_inhale
rec2018-01-23_11h56m03.777s.wav,0,True,True,0.7691941624365483,0.0,0.0,0.7691941624365483,0.11286484771573618,0.8820590101522844,matched_inhale
rec2018-01-23_11h56m18.749s.wav,0,False,False,,,,,,,unannotated_recording
rec2018-01-23_11h56m33.584s.wav,0,True,False,0.0,0.0,0.0,0.0,0.08200966850828724,0.08200966850828724,no_inhale_annotation_in_recording
rec2018-01-23_11h57m24.977s.wav,0,True,True,0.8826013513513513,0.0,0.0,0.8826013513513513,0.148141891891892,1.0,matched_inhale
rec2018-01-23_11h57m41.504s.wav,0,True,True,0.8962538819875777,0.0,0.0,0.8962538819875777,0.11248059006211171,0.9615683229813664,matched_inhale
rec2018-01-23_11h57m58.590s.wav,0,True,True,0.8110081658291455,0.0,0.0,0.8110081658291455,0.1698335427135678,0.97134108040201,matched_inhale
rec2018-01-23_11h58m15.852s.wav,0,True,True,0.8276442307692308,0.0,0.0,0.8276442307692308,0.08493589743589733,0.9125801282051281,matched_inhale
rec2018-01-23_11h58m34.582s.wav,0,True,True,0.8358264218009478,0.0,0.0,0.8358264218009478,0.18216824644549756,1.0,matched_inhale
rec2018-01-23_11h58m49.449s.wav,0,True,True,0.7648480662983426,0.0,0.0,0.7648480662983426,0.0845994475138122,0.8494475138121547,matched_inhale
rec2018-01-23_11h59m04.620s.wav,0,True,True,0.8862280150753765,0.0,0.0,0.8862280150753765,0.0,0.8862280150753765,matched_inhale
rec2018-01-23_11h59m04.620s.wav,1,True,True,0.0,0.0,0.0,0.0,1.0,1.0,outside_inhale_annotations
rec2018-01-23_12h02m44.138s.wav,0,True,True,0.8214405080213903,0.0,0.0,0.8214405080213903,0.10736965240641712,0.9085060160427808,matched_inhale
rec2018-01-23_12h03m01.599s.wav,0,True,True,0.8160037878787879,0.0,0.0,0.8160037878787879,0.0023674242424241076,0.818371212121212,matched_inhale
rec2018-01-23_12h03m19.922s.wav,0,True,True,0.8721590909090908,0.0,0.0,0.8721590909090908,0.1278409090909092,1.0,matched_inhale
rec2018-01-23_12h03m36.988s.wav,0,True,True,0.8777678571428572,0.0,0.0,0.8777678571428572,0.09303571428571411,0.9708035714285713,matched_inhale
rec2018-01-23_12h03m52.821s.wav,0,True,True,0.8417446524064169,0.0,0.0,0.8417446524064169,0.0,0.8417446524064169,matched_inhale
rec2018-01-23_12h04m16.860s.wav,0,True,True,0.922216530054645,0.0,0.0,0.922216530054645,0.11381489071038238,0.9635416666666667,matched_inhale
rec2018-01-23_12h04m31.917s.wav,0,True,True,0.8576476130653264,0.0,0.0,0.8576476130653264,0.0,0.8576476130653264,matched_inhale
rec2018-01-23_12h04m50.656s.wav,0,True,True,0.8303209459459456,0.0,0.0,0.8303209459459456,0.21072635135135137,0.9897804054054052,matched_inhale
rec2018-01-23_12h05m05.795s.wav,0,True,True,0.836941340782123,0.0,0.0,0.836941340782123,0.09636871508379882,0.901536312849162,matched_inhale
rec2018-01-23_12h37m08.326s.wav,0,True,True,0.8356285310734465,0.0,0.0,0.8356285310734465,0.0956920903954802,0.9206391242937852,matched_inhale
rec2018-01-23_12h37m25.023s.wav,0,True,True,0.877409825870647,0.0,0.0,0.877409825870647,0.0,0.877409825870647,matched_inhale
rec2018-01-23_12h37m39.981s.wav,0,True,True,0.829064207650273,0.0,0.0,0.829064207650273,0.0,0.829064207650273,matched_inhale
rec2018-01-23_12h37m54.913s.wav,0,True,True,0.9532957650273224,0.0,0.0,0.9532957650273224,0.0,0.9532957650273224,matched_inhale
rec2018-01-23_12h38m10.740s.wav,0,True,True,0.8518549465240638,0.0,0.0,0.8518549465240638,0.0,0.8518549465240638,matched_inhale
rec2018-01-23_12h39m14.259s.wav,0,True,True,0.8704747267759563,0.0,0.0,0.8704747267759563,0.0,0.8704747267759563,matched_inhale
rec2018-01-23_12h39m29.011s.wav,0,True,True,0.908502906976744,0.0,0.0,0.908502906976744,0.0,0.908502906976744,matched_inhale
rec2018-01-23_12h39m44.218s.wav,0,True,True,0.8594519704433498,0.0,0.0,0.8594519704433498,0.10198583743842358,0.9334205665024629,matched_inhale
rec2018-01-23_12h39m59.067s.wav,0,True,False,0.0,0.0,0.0,0.0,0.0,0.0,no_inhale_annotation_in_recording
rec2018-01-23_12h40m15.223s.wav,0,True,True,0.9151896766169155,0.0,0.0,0.9151896766169155,0.0,0.9151896766169155,matched_inhale
rec2018-01-23_12h40m30.209s.wav,0,True,True,0.9520374187410813,0.0,0.0,0.9524904822335025,0.0763800761421318,1.0,matched_inhale
rec2018-01-23_12h40m47.865s.wav,0,True,True,0.9170334507042254,0.0,0.0,0.9170334507042254,0.0636737089201877,0.962881455399061,matched_inhale
rec2018-01-23_12h41m04.075s.wav,0,True,True,0.9115679824561403,0.0,0.0,0.9115679824561403,0.0,0.9115679824561403,matched_inhale
rec2018-01-23_12h41m19.889s.wav,0,True,True,0.9517099056603772,0.0,0.0,0.9517099056603772,0.0,0.9517099056603772,matched_inhale
rec2018-01-23_12h41m54.714s.wav,0,True,True,0.8627813981042654,0.0,0.0,0.8627813981042654,0.0,0.8627813981042654,matched_inhale
rec2018-01-23_12h42m11.121s.wav,0,True,True,0.8100659547738693,0.0,0.0,0.8100659547738693,0.22817211055276398,1.0,matched_inhale
rec2018-01-23_12h50m45.316s.wav,0,True,True,0.9183372641509434,0.03007075471698087,0.0,0.9183372641509434,0.0,0.9484080188679244,matched_inhale
rec2018-01-23_12h51m39.774s.wav,0,True,False,0.0,0.0,0.0,0.0,0.0,0.0,no_inhale_annotation_in_recording
rec2018-01-23_12h51m39.774s.wav,1,True,False,0.0,0.0,0.0,0.0,1.0,1.0,no_inhale_annotation_in_recording
rec2018-01-23_12h52m08.363s.wav,0,True,False,0.0,0.0,0.0,0.0,0.0,0.0,no_inhale_annotation_in_recording
rec2018-01-23_12h52m08.363s.wav,1,True,False,0.0,0.0,0.0,0.0,0.0,0.0,no_inhale_annotation_in_recording
rec2018-01-23_12h52m08.363s.wav,2,True,False,0.0,0.0,0.0,0.0,0.0,0.0,no_inhale_annotation_in_recording
rec2018-01-23_12h52m08.363s.wav,3,True,False,0.0,0.0,0.0,0.0,0.0,0.0,no_inhale_annotation_in_recording
rec2018-01-23_12h52m08.363s.wav,4,True,False,0.0,0.0,0.0,0.0,0.0,0.0,no_inhale_annotation_in_recording
rec2018-01-23_12h52m40.101s.wav,0,True,False,0.0,0.0,0.0,0.0,0.0,0.0,no_inhale_annotation_in_recording
rec2018-01-23_12h52m40.101s.wav,1,True,False,0.0,0.0,0.0,0.0,0.0,0.0,no_inhale_annotation_in_recording
rec2018-01-23_12h53m35.233s.wav,0,True,False,0.0,0.0,0.0,0.0,0.0,0.0,no_inhale_annotation_in_recording
rec2018-01-23_12h54m08.620s.wav,0,True,True,0.8260161042944785,0.04467024539877344,0.0,0.8260161042944785,0.0,0.8706863496932519,matched_inhale
rec2018-01-23_12h54m08.620s.wav,1,True,True,0.0,0.0,0.0,0.0,1.0,1.0,outside_inhale_annotations
rec2018-01-23_12h54m28.485s.wav,0,True,False,0.0,0.0,0.0,0.0,0.0,0.0,no_inhale_annotation_in_recording
rec2018-01-23_12h54m28.485s.wav,1,True,False,0.0,0.0,0.0,0.0,0.0,0.0,no_inhale_annotation_in_recording
rec2018-01-23_12h55m02.432s.wav,0,False,False,,,,,,,unannotated_recording
rec2018-01-23_12h55m27.681s.wav,0,True,True,0.8808467741935485,0.0,0.0,0.8808467741935485,0.0,0.8808467741935485,matched_inhale
rec2018-01-23_12h55m53.736s.wav,0,True,False,0.0,0.0,0.0,0.0,0.07596544715447145,0.07596544715447145,no_inhale_annotation_in_recording
rec2018-01-23_12h55m53.736s.wav,1,True,False,0.0,0.0,0.0,0.0,0.0,0.0,no_inhale_annotation_in_recording
rec2018-01-23_12h56m34.401s.wav,0,True,True,0.8849537037037037,0.0,0.0,0.8849537037037037,0.0,0.8849537037037037,matched_inhale
rec2018-01-23_12h57m02.652s.wav,0,False,False,,,,,,,unannotated_recording
rec2018-01-23_12h57m37.371s.wav,0,True,True,0.9163171140939596,0.06113674496644315,0.0,0.9163171140939596,0.0,0.9774538590604027,matched_inhale
rec2018-02-01_17h36m45.706s.wav,0,True,True,0.9738175675675677,0.0,0.0,0.9738175675675677,0.0,0.9738175675675677,matched_inhale
rec2018-02-01_17h40m59.475s.wav,0,True,True,0.9026639344262292,0.013917349726776277,0.0,0.9026639344262292,0.0,0.9165812841530054,matched_inhale
rec2018-02-02_00h11m42.617s.wav,0,True,True,0.896454015544041,0.0,0.0,0.896454015544041,0.06590025906735779,0.9553108808290155,matched_inhale
rec2018-02-02_00h27m33.111s.wav,0,True,True,0.9319611597374179,0.0,0.0,0.9381194933920705,0.07991464757709262,1.0,matched_inhale
rec2018-02-02_00h33m01.131s.wav,0,False,False,,,,,,,unannotated_recording
rec2018-02-02_00h33m01.131s.wav,1,False,False,,,,,,,unannotated_recording
rec2018-02-02_00h39m43.100s.wav,0,False,False,,,,,,,unannotated_recording
rec2018-02-02_00h39m43.100s.wav,1,False,False,,,,,,,unannotated_recording
rec2018-02-02_01h32m24.455s.wav,0,True,False,0.0,0.0,0.0,0.0,0.0,0.0,no_inhale_annotation_in_recording
rec2018-02-02_01h32m24.455s.wav,1,True,False,0.0,0.0,0.0,0.0,0.0,0.0,no_inhale_annotation_in_recording
rec2018-02-02_01h34m08.386s.wav,0,True,False,0.0,0.0,0.0,0.0,0.0,0.0,no_inhale_annotation_in_recording
rec2018-02-02_01h35m12.866s.wav,0,True,False,0.0,0.0,0.0,0.0,0.014527027027027373,0.014527027027027373,no_inhale_annotation_in_recording
rec2018-02-02_01h36m19.632s.wav,0,True,False,0.0,0.0,0.0,0.0,0.0,0.0,no_inhale_annotation_in_recording
rec2018-02-02_01h40m26.773s.wav,0,True,False,0.0,0.0,0.0,0.0,0.0,0.0,no_inhale_annotation_in_recording
rec2018-02-02_01h58m20.818s.wav,0,False,False,,,,,,,unannotated_recording
rec2018-02-02_01h58m59.251s.wav,0,False,False,,,,,,,unannotated_recording
rec2018-02-02_02h09m32.913s.wav,0,True,False,0.0,0.0,0.0,0.0,0.0,0.0,no_inhale_annotation_in_recording
rec2018-02-02_10h27m54.823s.wav,0,True,False,0.0,0.0,0.0,0.0,0.0,0.0,no_inhale_annotation_in_recording
rec2018-02-02_10h27m54.823s.wav,1,True,False,0.0,0.0,0.0,0.0,0.0,0.0,no_inhale_annotation_in_recording
rec2018-02-02_10h27m54.823s.wav,2,True,False,0.0,0.0,0.0,0.0,0.0,0.0,no_inhale_annotation_in_recording
rec2018-02-02_10h27m54.823s.wav,3,True,False,0.0,0.0,0.0,0.0,0.0,0.0,no_inhale_annotation_in_recording
rec2018-02-02_10h29m51.284s.wav,0,True,False,0.0,0.0,0.0,0.0,0.0,0.0,no_inhale_annotation_in_recording
rec2018-02-02_10h46m42.260s.wav,0,True,True,0.8731940954773868,0.0,0.0,0.8731940954773868,0.0,0.8731940954773868,matched_inhale
rec2018-02-02_10h48m38.792s.wav,0,True,True,0.9307921230925091,0.0,0.0,0.969145569620253,0.0,0.969145569620253,matched_inhale
rec2018-02-02_10h57m01.870s.wav,0,True,True,0.9481327800829868,0.0,0.0,0.9481327800829868,0.0643801867219918,0.9955264522821575,matched_inhale
rec2018-02-02_10h58m28.930s.wav,0,True,True,0.9350868725868722,0.0,0.0,0.9350868725868722,0.0,0.9350868725868722,matched_inhale
rec2018-02-02_10h59m19.989s.wav,0,True,True,0.894435975609756,0.0,0.0,0.894435975609756,0.06387195121951227,0.9583079268292682,matched_inhale
rec2018-02-02_11h00m10.171s.wav,0,True,False,0.0,0.0,0.0,0.0,0.0,0.0,no_inhale_annotation_in_recording
rec2018-02-02_11h00m59.338s.wav,0,True,True,0.8810213414634144,0.0,0.0,0.8810213414634144,0.0,0.8810213414634144,matched_inhale
rec2018-02-02_11h01m45.212s.wav,0,True,True,0.9056345525055122,0.0,0.0,0.9642163212435227,0.0,0.9642163212435227,matched_inhale
rec2018-02-05_10h37m14.374s.wav,0,False,False,,,,,,,unannotated_recording
rec2018-02-05_10h38m19.385s.wav,0,False,False,,,,,,,unannotated_recording
rec2018-02-05_10h39m00.035s.wav,0,True,True,0.8920584862385321,0.0,0.0,0.8920584862385321,0.0,0.8920584862385321,matched_inhale
rec2018-02-05_10h41m21.507s.wav,0,True,True,0.8913646449704138,0.0,0.0,0.8913646449704138,0.11307322485207122,0.9477625739644969,matched_inhale
rec2018-02-05_10h42m50.893s.wav,0,False,False,,,,,,,unannotated_recording
rec2018-02-05_10h43m40.571s.wav,0,True,False,0.0,0.0,0.0,0.0,0.0,0.0,no_inhale_annotation_in_recording
rec2018-02-05_10h44m37.655s.wav,0,False,False,,,,,,,unannotated_recording
rec2018-02-05_10h45m35.939s.wav,0,True,False,0.0,0.0,0.0,0.0,0.0,0.0,no_inhale_annotation_in_recording
rec2018-02-05_10h52m39.045s.wav,0,True,False,0.0,0.0,0.0,0.0,0.04675148221343881,0.04675148221343881,no_inhale_annotation_in_recording
rec2018-02-05_10h53m45.411s.wav,0,True,False,0.0,0.0,0.0,0.0,0.0,0.0,no_inhale_annotation_in_recording
rec2018-02-05_10h53m45.411s.wav,1,True,False,0.0,0.0,0.0,0.0,0.0,0.0,no_inhale_annotation_in_recording
rec2018-02-05_10h54m35.447s.wav,0,True,True,0.9477724913494807,0.0,0.0,0.9477724913494807,0.0,0.9477724913494807,matched_inhale
rec2018-02-05_10h55m27.871s.wav,0,True,True,0.9256422924901183,0.0,0.0,0.9256422924901183,0.0,0.9256422924901183,matched_inhale
rec2018-02-05_10h56m11.262s.wav,0,True,True,0.5434400134048257,0.0,0.0,0.9436159517426274,0.0,0.9436159517426274,matched_inhale
rec2018-02-05_10h58m35.817s.wav,0,True,True,0.9433534743202414,0.0,0.0,0.9433534743202414,0.0,0.9433534743202414,matched_inhale
rec2018-02-05_11h01m02.037s.wav,0,True,False,0.0,0.0,0.0,0.0,0.0,0.0,no_inhale_annotation_in_recording
rec2018-02-05_11h02m06.737s.wav,0,True,False,0.0,0.05408653846153886,0.0,0.0,0.0,0.05408653846153886,no_inhale_annotation_in_recording
rec2018-02-05_11h03m04.776s.wav,0,True,True,0.9274966931216932,0.0,0.0,0.9274966931216932,0.0,0.9274966931216932,matched_inhale
rec2018-02-05_11h03m43.815s.wav,0,True,True,0.8549494219653175,0.0,0.0,0.8549494219653175,0.0,0.8549494219653175,matched_inhale
rec2018-02-05_11h04m48.418s.wav,0,True,True,0.7981115107913669,0.040692446043165666,0.0,0.7981115107913669,0.0,0.8388039568345325,matched_inhale
rec2018-02-05_11h05m32.273s.wav,0,False,False,,,,,,,unannotated_recording
rec2018-02-05_11h06m12.128s.wav,0,True,True,0.0,0.0,1.0,0.0,0.0,1.0,outside_inhale_annotations
rec2018-02-05_11h06m12.128s.wav,1,True,True,0.9027583798882682,0.0,0.0,0.9027583798882682,0.0,0.9027583798882682,matched_inhale
rec2018-02-05_11h06m59.857s.wav,0,False,False,,,,,,,unannotated_recording
rec2018-02-05_11h20m08.624s.wav,0,True,True,0.0,0.0,1.0,0.0,0.0,1.0,outside_inhale_annotations
rec2018-02-05_11h20m08.624s.wav,1,True,True,0.8784217016029588,0.0,0.0,0.9049796747967475,0.0,0.9049796747967475,matched_inhale
rec2018-02-05_11h20m47.521s.wav,0,True,True,0.9081717914438505,0.0,0.0,0.9081717914438505,0.0,0.9081717914438505,matched_inhale
rec2018-02-05_11h22m34.731s.wav,0,True,True,0.8947079145728647,0.0,0.0,0.8947079145728647,0.0,0.8947079145728647,matched_inhale
rec2018-02-05_11h23m35.644s.wav,0,True,True,0.5650224215246638,0.0,0.0,0.5650224215246638,0.0,0.5650224215246638,matched_inhale
rec2018-02-05_11h30m48.760s.wav,0,True,True,0.9075050200803209,0.0,0.0,0.9075050200803209,0.0,0.9075050200803209,matched_inhale
rec2018-02-06_10h28m57.917s.wav,0,True,True,0.8482862903225804,0.0,0.0,0.8482862903225804,0.0,0.8482862903225804,matched_inhale
rec2018-02-06_10h30m00.277s.wav,0,True,True,0.9594631607778689,0.0,0.0,0.9602521929824559,0.0,0.9602521929824559,matched_inhale
rec2018-02-06_10h32m03.907s.wav,0,True,True,0.8061835106382976,0.0,0.0,0.8061835106382976,0.0,0.8061835106382976,matched_inhale
rec2018-02-06_10h32m43.911s.wav,0,True,True,0.7709490740740742,0.0,0.0,0.7709490740740742,0.006365740740740707,0.7773148148148149,matched_inhale
rec2018-02-06_11h39m13.131s.wav,0,True,True,0.6715155615696876,0.0,0.0,0.9055451127819546,0.09445488721804543,1.0,matched_inhale
rec2018-02-06_12h10m09.167s.wav,0,True,False,0.0,0.0,0.0,0.0,0.0,0.0,no_inhale_annotation_in_recording
rec2018-02-06_12h10m09.167s.wav,1,True,False,0.0,0.0,0.0,0.0,0.0,0.0,no_inhale_annotation_in_recording
rec2018-02-06_12h11m01.614s.wav,0,True,False,0.0,0.0,0.0,0.0,0.0,0.0,no_inhale_annotation_in_recording
rec2018-02-06_12h11m01.614s.wav,1,True,False,0.0,0.0,0.0,0.0,0.0,0.0,no_inhale_annotation_in_recording
rec2018-02-06_12h12m08.951s.wav,0,False,False,,,,,,,unannotated_recording
rec2018-02-06_12h12m08.951s.wav,1,False,False,,,,,,,unannotated_recording
rec2018-02-06_12h12m08.951s.wav,2,False,False,,,,,,,unannotated_recording
rec2018-02-06_12h13m05.267s.wav,0,False,False,,,,,,,unannotated_recording
rec2018-02-06_12h13m05.267s.wav,1,False,False,,,,,,,unannotated_recording
rec2018-02-06_12h13m52.029s.wav,0,True,True,0.8896901709401707,0.0,0.0,0.8896901709401707,0.0,0.8896901709401707,matched_inhale
rec2018-02-06_12h13m52.029s.wav,1,True,True,0.0,0.0,0.0,0.0,0.0,0.0,outside_inhale_annotations
rec2018-02-06_12h15m08.616s.wav,0,True,True,0.8193108974358968,0.0,0.0,0.8193108974358968,0.0,0.8193108974358968,matched_inhale
rec2018-02-06_12h15m08.616s.wav,1,True,True,0.0,0.0,0.0,0.0,0.0,0.0,outside_inhale_annotations
rec2018-02-06_12h16m57.870s.wav,0,True,False,0.0,0.0,0.0,0.0,1.0,1.0,no_inhale_annotation_in_recording
rec2018-02-06_12h17m38.883s.wav,0,True,True,0.7332677165354331,0.0,0.0,0.7332677165354331,0.0,0.7332677165354331,matched_inhale
rec2018-02-06_12h18m33.477s.wav,0,False,False,,,,,,,unannotated_recording
rec2018-02-06_12h19m34.374s.wav,0,False,False,,,,,,,unannotated_recording
rec2018-02-06_12h19m34.374s.wav,1,False,False,,,,,,,unannotated_recording
rec2018-02-06_12h20m19.800s.wav,0,False,False,,,,,,,unannotated_recording
rec2018-02-06_12h20m19.800s.wav,1,False,False,,,,,,,unannotated_recording
rec2018-02-06_12h21m35.410s.wav,0,False,False,,,,,,,unannotated_recording
rec2018-02-06_12h21m35.410s.wav,1,False,False,,,,,,,unannotated_recording
rec2018-02-08_14h33m35.005s.wav,0,False,False,,,,,,,unannotated_recording
rec2018-02-08_14h35m33.038s.wav,0,False,False,,,,,,,unannotated_recording
rec2018-02-08_14h35m33.038s.wav,1,False,False,,,,,,,unannotated_recording
rec2018-02-08_14h36m13.041s.wav,0,False,False,,,,,,,unannotated_recording
rec2018-02-08_14h36m13.041s.wav,1,False,False,,,,,,,unannotated_recording
rec2018-02-08_14h37m48.457s.wav,0,False,False,,,,,,,unannotated_recording
rec2018-02-08_14h50m50.378s.wav,0,False,False,,,,,,,unannotated_recording
rec2018-02-08_15h03m14.166s.wav,0,False,False,,,,,,,unannotated_recording
rec2018-02-08_15h03m14.166s.wav,1,False,False,,,,,,,unannotated_recording
rec2018-02-08_15h04m25.148s.wav,0,False,False,,,,,,,unannotated_recording
rec2018-02-08_15h06m27.101s.wav,0,False,False,,,,,,,unannotated_recording
rec2018-02-08_15h08m45.803s.wav,0,False,False,,,,,,,unannotated_recording
rec2018-02-08_15h20m25.156s.wav,0,False,False,,,,,,,unannotated_recording
rec2018-02-08_15h23m00.916s.wav,0,False,False,,,,,,,unannotated_recording
rec2018-02-08_15h23m00.916s.wav,1,False,False,,,,,,,unannotated_recording
rec2018-02-08_15h25m08.376s.wav,0,False,False,,,,,,,unannotated_recording
rec2018-02-08_15h25m08.376s.wav,1,False,False,,,,,,,unannotated_recording
rec2018-02-09_10h49m08.773s.wav,0,False,False,,,,,,,unannotated_recording
rec2018-02-09_10h57m14.793s.wav,0,False,False,,,,,,,unannotated_recording
rec2018-02-09_11h04m27.369s.wav,0,False,False,,,,,,,unannotated_recording
rec2018-02-09_11h05m06.012s.wav,0,False,False,,,,,,,unannotated_recording
rec2018-02-09_11h05m43.714s.wav,0,False,False,,,,,,,unannotated_recording
rec2018-05-02_17h33m13.522s.wav,0,False,False,,,,,,,unannotated_recording
rec2018-05-02_17h33m13.522s.wav,1,False,False,,,,,,,unannotated_recording
rec2018-05-02_17h33m50.393s.wav,0,True,True,0.8553596051963134,0.0,0.0,0.916200248756219,0.0,0.916200248756219,matched_inhale
rec2018-05-02_17h34m27.816s.wav,0,True,True,0.8894444444444445,0.0,0.0,0.8894444444444445,0.0,0.8894444444444445,matched_inhale
rec2018-05-02_17h35m57.328s.wav,0,True,True,0.9081249999999995,0.0,0.0,0.9081249999999995,0.0,0.9081249999999995,matched_inhale
rec2018-05-02_17h38m14.494s.wav,0,True,True,0.9517952127659571,0.0,0.0,0.9517952127659571,0.0,0.9517952127659571,matched_inhale
rec2018-05-02_17h38m56.671s.wav,0,True,True,0.8552678571428569,0.0,0.0,0.8552678571428569,0.0,0.8552678571428569,matched_inhale
rec2018-05-02_17h40m15.391s.wav,0,False,False,,,,,,,unannotated_recording
rec2018-05-02_17h40m35.031s.wav,0,True,True,0.9127555762081787,0.0,0.0,0.9127555762081787,0.0,0.9127555762081787,matched_inhale
rec2018-05-02_17h41m00.892s.wav,0,True,True,0.9089068825910931,0.0,0.0,0.9089068825910931,0.0,0.9089068825910931,matched_inhale
rec2018-05-02_17h42m58.720s.wav,0,True,True,0.9285396919431279,0.0,0.0,0.9285396919431279,0.0,0.9285396919431279,matched_inhale
rec2018-05-02_17h42m58.720s.wav,1,True,True,0.8617041925465847,0.0,0.0,0.8617041925465847,0.0,0.8617041925465847,matched_inhale
rec2018-05-02_17h42m58.720s.wav,2,True,True,0.8166591726618705,0.0,0.0,0.8166591726618705,0.0,0.8166591726618705,matched_inhale
rec2018-05-03_09h32m11.296s.wav,0,True,True,0.9173145933014355,0.0,0.0,0.9173145933014355,0.0,0.9173145933014355,matched_inhale
rec2018-05-03_09h32m39.426s.wav,0,True,True,0.8908898305084745,0.0,0.0,0.8908898305084745,0.0,0.8908898305084745,matched_inhale
rec2018-05-03_09h32m52.456s.wav,0,True,True,0.938214869281046,0.0,0.0,0.938214869281046,0.0,0.938214869281046,matched_inhale
rec2018-05-03_09h33m56.681s.wav,0,True,True,0.8324782338308456,0.0,0.0,0.8324782338308456,0.0,0.8324782338308456,matched_inhale
rec2018-05-03_11h21m20.915s.wav,0,True,True,0.9291474654377878,0.0,0.0,0.9291474654377878,0.0,0.9291474654377878,matched_inhale
rec2018-05-03_11h22m05.830s.wav,0,True,False,0.0,0.0,0.0,0.0,0.0,0.0,no_inhale_annotation_in_recording
rec2018-05-03_11h22m05.830s.wav,1,True,False,0.0,0.0,0.0,0.0,0.0,0.0,no_inhale_annotation_in_recording
rec2018-05-03_11h22m59.308s.wav,0,True,True,0.9113615241635687,0.0,0.0,0.9113615241635687,0.0,0.9113615241635687,matched_inhale
rec2018-05-03_11h30m44.236s.wav,0,True,True,0.8527960526315789,0.0,0.0,0.8527960526315789,0.0,0.8527960526315789,matched_inhale
rec2018-05-03_11h31m05.117s.wav,0,True,True,0.8853723404255319,0.0,0.0,0.8853723404255319,0.0,0.8853723404255319,matched_inhale
rec2018-05-03_11h31m22.631s.wav,0,True,True,0.8769104803493448,0.0,0.0,0.8769104803493448,0.0,0.8769104803493448,matched_inhale
rec2018-05-03_11h31m40.430s.wav,0,True,True,0.9243007990867584,0.0,0.0,0.9243007990867584,0.0,0.9243007990867584,matched_inhale
rec2018-05-03_11h32m00.868s.wav,0,True,True,0.8910343886462879,0.0,0.0,0.8910343886462879,0.0,0.8910343886462879,matched_inhale
rec2018-05-03_11h33m06.158s.wav,0,True,True,0.8945141921397379,0.0,0.0,0.8945141921397379,0.0,0.8945141921397379,matched_inhale
rec2018-05-03_11h34m12.944s.wav,0,True,True,0.8652762875536476,0.0,0.0,0.8652762875536476,0.0,0.8652762875536476,matched_inhale
rec2018-05-03_11h34m42.301s.wav,0,True,True,0.8643429487179484,0.0,0.0,0.8643429487179484,0.0,0.8643429487179484,matched_inhale
rec2018-05-03_11h35m02.168s.wav,0,True,True,0.9629784272790538,0.0,0.0,0.9695908071748881,0.0,0.9695908071748881,matched_inhale
rec2018-05-03_11h35m22.211s.wav,0,True,True,0.8722505364806866,0.0,0.0,0.8722505364806866,0.0,0.8722505364806866,matched_inhale
rec2018-05-03_11h35m39.758s.wav,0,True,True,0.9114825581395346,0.0,0.0,0.9114825581395346,0.0,0.9114825581395346,matched_inhale
rec2018-05-03_11h35m58.563s.wav,0,True,True,0.9433233394833946,0.0,0.0,0.9433233394833946,0.0,0.9433233394833946,matched_inhale
rec2018-05-03_11h36m16.780s.wav,0,True,True,0.9346888075313811,0.0,0.0,0.9346888075313811,0.0,0.9346888075313811,matched_inhale
rec2018-05-03_11h36m35.115s.wav,0,True,True,0.9076758555133079,0.0,0.0,0.9076758555133079,0.0,0.9076758555133079,matched_inhale
rec2018-05-03_11h36m53.106s.wav,0,True,True,0.8978997975708504,0.0,0.0,0.8978997975708504,0.0,0.8978997975708504,matched_inhale
rec2018-05-03_11h37m11.955s.wav,0,True,True,0.9060570987654315,0.0,0.0,0.9060570987654315,0.0,0.9060570987654315,matched_inhale
rec2018-05-03_11h37m32.414s.wav,0,True,True,0.9216720779220778,0.0,0.0,0.9216720779220778,0.0,0.9216720779220778,matched_inhale
rec2018-05-03_11h37m50.903s.wav,0,True,True,0.8588338744588743,0.0,0.0,0.8588338744588743,0.0,0.8588338744588743,matched_inhale
rec2018-05-03_11h38m07.740s.wav,0,True,True,0.8816666666666666,0.0,0.0,0.8816666666666666,0.0,0.8816666666666666,matched_inhale
rec2018-05-03_11h38m25.235s.wav,0,True,True,0.9008891213389122,0.0,0.0,0.9008891213389122,0.0,0.9008891213389122,matched_inhale
rec2018-05-03_11h38m46.135s.wav,0,True,True,0.9092060810810807,0.0,0.0,0.9092060810810807,0.0,0.9092060810810807,matched_inhale
rec2018-05-03_11h39m04.979s.wav,0,True,True,0.8462023542600902,0.0,0.0,0.8462023542600902,0.0,0.8462023542600902,matched_inhale
rec2018-05-03_11h39m23.236s.wav,0,True,True,0.8915479957805905,0.0,0.0,0.8915479957805905,0.0,0.8915479957805905,matched_inhale
rec2018-05-03_11h39m41.633s.wav,0,True,True,0.922224620476293,0.0,0.0,0.9492002369668247,0.0,0.9492002369668247,matched_inhale
rec2018-05-03_11h40m00.485s.wav,0,True,True,0.8751401345291477,0.0,0.0,0.8751401345291477,0.0,0.8751401345291477,matched_inhale
rec2018-05-03_11h40m20.470s.wav,0,True,True,0.8728354978354976,0.0,0.0,0.8728354978354976,0.0,0.8728354978354976,matched_inhale
rec2018-05-03_11h40m45.441s.wav,0,True,True,0.9275968309859158,0.0,0.0,0.9275968309859158,0.0,0.9275968309859158,matched_inhale
rec2018-05-03_11h41m04.101s.wav,0,True,True,0.9330156950672649,0.0,0.0,0.9330156950672649,0.0,0.9330156950672649,matched_inhale
rec2018-05-03_11h41m23.831s.wav,0,True,True,0.9631960900473928,0.0,0.0,0.9631960900473928,0.0,0.9631960900473928,matched_inhale
rec2018-05-03_11h41m45.507s.wav,0,True,True,0.8637440758293837,0.0,0.0,0.8637440758293837,0.0,0.8637440758293837,matched_inhale
rec2018-05-03_11h42m07.338s.wav,0,True,True,0.8988160792951541,0.0,0.0,0.8988160792951541,0.0,0.8988160792951541,matched_inhale
rec2018-05-03_11h42m25.033s.wav,0,True,True,0.9083991635687734,0.0,0.0,0.9083991635687734,0.0,0.9083991635687734,matched_inhale
rec2018-05-03_11h42m42.981s.wav,0,True,True,0.9209758684699014,0.0,0.0,0.9236702127659572,0.0,0.9236702127659572,matched_inhale
rec2018-05-03_11h43m01.074s.wav,0,True,True,0.9147050865800864,0.0,0.0,0.9147050865800864,0.0,0.9147050865800864,matched_inhale
rec2018-05-03_11h43m19.240s.wav,0,True,True,0.8428863065326629,0.0,0.0,0.8428863065326629,0.0,0.8428863065326629,matched_inhale
rec2018-05-03_11h43m36.628s.wav,0,True,True,0.8786478599221786,0.0,0.0,0.8786478599221786,0.0,0.8786478599221786,matched_inhale
rec2018-05-03_11h43m55.823s.wav,0,True,True,0.897151104417671,0.0,0.0,0.897151104417671,0.0,0.897151104417671,matched_inhale
rec2018-05-03_11h48m01.012s.wav,0,True,True,0.8594483568075115,0.0,0.0,0.8594483568075115,0.0,0.8594483568075115,matched_inhale
rec2018-05-03_11h48m24.363s.wav,0,True,True,0.843353426395939,0.0,0.0,0.843353426395939,0.0,0.843353426395939,matched_inhale
rec2018-05-03_11h48m41.938s.wav,0,True,True,0.870972222222222,0.0,0.0,0.870972222222222,0.0,0.870972222222222,matched_inhale
rec2018-05-03_11h48m59.604s.wav,0,True,True,0.9337677125506073,0.0,0.0,0.9337677125506073,0.0,0.9337677125506073,matched_inhale
rec2018-05-03_11h49m17.127s.wav,0,True,True,0.9178216527196654,0.0,0.0,0.9178216527196654,0.0,0.9178216527196654,matched_inhale
rec2018-05-03_11h49m34.678s.wav,0,True,True,0.8137726244343887,0.0,0.0,0.8137726244343887,0.0,0.8137726244343887,matched_inhale
rec2018-05-03_11h49m54.056s.wav,0,True,True,0.9142425115207372,0.0,0.0,0.9142425115207372,0.0,0.9142425115207372,matched_inhale
rec2018-05-03_11h50m12.379s.wav,0,True,True,0.8690781963470319,0.0,0.0,0.8690781963470319,0.0,0.8690781963470319,matched_inhale
rec2018-05-03_11h50m30.421s.wav,0,True,True,0.9348214285714282,0.0,0.0,0.9348214285714282,0.0,0.9348214285714282,matched_inhale
rec2018-05-03_11h50m48.244s.wav,0,True,True,0.850735294117647,0.0,0.0,0.850735294117647,0.0,0.850735294117647,matched_inhale
rec2018-05-03_11h51m07.128s.wav,0,True,True,0.9029277408637876,0.0,0.0,0.9029277408637876,0.0,0.9029277408637876,matched_inhale
rec2018-05-03_11h51m26.000s.wav,0,True,True,0.899125957854406,0.0,0.0,0.899125957854406,0.0,0.899125957854406,matched_inhale
rec2018-05-03_11h51m43.422s.wav,0,True,True,0.8583690987124463,0.0,0.0,0.8583690987124463,0.0,0.8583690987124463,matched_inhale
rec2018-05-03_11h52m00.607s.wav,0,True,True,0.881057268722467,0.0,0.0,0.881057268722467,0.0,0.881057268722467,matched_inhale
rec2018-05-03_11h52m17.833s.wav,0,True,True,0.8767505186721992,0.0,0.0,0.8767505186721992,0.0,0.8767505186721992,matched_inhale
rec2018-05-03_11h52m35.208s.wav,0,True,True,0.9006186548223347,0.0,0.0,0.9006186548223347,0.0,0.9006186548223347,matched_inhale
rec2018-05-03_15h21m36.500s.wav,0,True,True,0.9882739477709173,0.0,0.0,0.99125,0.0,0.99125,matched_inhale
rec2018-05-03_15h23m24.541s.wav,0,True,True,0.9071356275303644,0.0,0.0,0.9071356275303644,0.0,0.9071356275303644,matched_inhale
rec2018-05-03_15h24m03.886s.wav,0,True,True,0.9070723684210525,0.0,0.0,0.9070723684210525,0.0,0.9070723684210525,matched_inhale
rec2018-05-03_15h24m37.045s.wav,0,True,True,0.910433574614316,0.0,0.0,0.9399154589371981,0.0,0.9399154589371981,matched_inhale
rec2018-05-03_15h25m08.571s.wav,0,True,True,0.8713768115942027,0.0,0.0,0.8713768115942027,0.0,0.8713768115942027,matched_inhale
rec2018-05-03_15h27m21.669s.wav,0,True,True,0.8502021144278602,0.0,0.0,0.8502021144278602,0.0,0.8502021144278602,matched_inhale
rec2018-05-03_15h27m45.362s.wav,0,True,True,0.9242724867724867,0.0,0.0,0.9242724867724867,0.0,0.9242724867724867,matched_inhale
rec2018-05-03_15h28m15.159s.wav,0,True,True,0.9259544334975365,0.0,0.0,0.9259544334975365,0.0,0.9259544334975365,matched_inhale
rec2018-05-03_15h28m42.685s.wav,0,True,True,0.9092576291079811,0.0,0.0,0.9092576291079811,0.0,0.9092576291079811,matched_inhale
rec2018-05-03_15h29m02.811s.wav,0,True,True,0.9172705314009661,0.0,0.0,0.9172705314009661,0.0,0.9172705314009661,matched_inhale
rec2018-05-03_15h29m32.895s.wav,0,True,True,0.8255585748792269,0.0,0.0,0.8255585748792269,0.0,0.8255585748792269,matched_inhale
rec2018-05-03_15h29m50.911s.wav,0,True,True,0.9444624352331601,0.0,0.0,0.9444624352331601,0.0,0.9444624352331601,matched_inhale
rec2018-05-03_15h30m09.333s.wav,0,True,True,0.8968750000000003,0.0,0.0,0.8968750000000003,0.0,0.8968750000000003,matched_inhale
rec2018-05-03_15h30m28.140s.wav,0,True,True,0.9055288461538458,0.0,0.0,0.9055288461538458,0.0,0.9055288461538458,matched_inhale
rec2018-05-03_15h30m45.469s.wav,0,True,True,0.8429115853658534,0.0,0.0,0.8429115853658534,0.0,0.8429115853658534,matched_inhale
rec2018-05-03_15h31m15.084s.wav,0,True,True,0.8548756544502614,0.0,0.0,0.8548756544502614,0.0,0.8548756544502614,matched_inhale
rec2018-05-03_15h31m38.884s.wav,0,True,True,0.9354420731707314,0.0,0.0,0.9354420731707314,0.0,0.9354420731707314,matched_inhale
rec2018-05-03_15h31m59.455s.wav,0,True,True,0.9110145739910315,0.0,0.0,0.9110145739910315,0.0,0.9110145739910315,matched_inhale
rec2018-05-03_15h32m17.555s.wav,0,True,True,0.8699199507389159,0.0,0.0,0.8699199507389159,0.0,0.8699199507389159,matched_inhale
rec2018-05-03_15h32m35.669s.wav,0,True,True,0.89010663507109,0.0,0.0,0.89010663507109,0.0,0.89010663507109,matched_inhale
rec2018-05-03_15h33m11.807s.wav,0,True,True,0.8866974043715848,0.0,0.0,0.8866974043715848,0.0,0.8866974043715848,matched_inhale
rec2018-05-03_15h33m29.486s.wav,0,True,True,0.7597128378378379,0.0,0.0,0.7597128378378379,0.0,0.7597128378378379,matched_inhale
rec2018-05-03_15h33m51.966s.wav,0,True,True,0.85989336492891,0.0,0.0,0.85989336492891,0.0,0.85989336492891,matched_inhale
rec2018-05-03_15h34m13.707s.wav,0,True,True,0.7825209330143541,0.0,0.0,0.7825209330143541,0.0,0.7825209330143541,matched_inhale
rec2018-05-03_15h34m32.131s.wav,0,True,True,0.8188017955801102,0.0,0.0,0.8188017955801102,0.0,0.8188017955801102,matched_inhale
rec2018-05-03_15h35m02.114s.wav,0,True,True,0.7796610169491524,0.0,0.0,0.7796610169491524,0.0,0.7796610169491524,matched_inhale
rec2018-05-03_15h35m21.837s.wav,0,True,True,0.9003400259067353,0.0,0.0,0.9003400259067353,0.0,0.9003400259067353,matched_inhale
rec2018-05-03_15h35m44.100s.wav,0,True,True,0.8438953488372093,0.0,0.0,0.8438953488372093,0.0,0.8438953488372093,matched_inhale
rec2018-05-03_15h36m09.330s.wav,0,True,True,0.87880291005291,0.0,0.0,0.87880291005291,0.0,0.87880291005291,matched_inhale
rec2018-05-03_15h36m33.401s.wav,0,True,True,0.7902817919075147,0.0,0.0,0.7902817919075147,0.0,0.7902817919075147,matched_inhale
rec2018-05-03_15h39m20.550s.wav,0,True,True,0.7758989726027392,0.0,0.0,0.7758989726027392,0.0,0.7758989726027392,matched_inhale
rec2018-05-03_15h39m43.079s.wav,0,True,True,0.7994064245810057,0.0,0.0,0.7994064245810057,0.0,0.7994064245810057,matched_inhale
rec2018-05-03_15h40m01.822s.wav,0,True,True,0.8476371951219506,0.0,0.0,0.8476371951219506,0.0,0.8476371951219506,matched_inhale
rec2018-05-03_15h40m28.424s.wav,0,True,True,0.8218163145539905,0.0,0.0,0.8218163145539905,0.0,0.8218163145539905,matched_inhale
rec2018-05-03_15h40m49.846s.wav,0,True,True,0.9053077889447231,0.0,0.0,0.9053077889447231,0.0,0.9053077889447231,matched_inhale
rec2018-05-03_15h41m19.370s.wav,0,True,True,0.7862697963800905,0.0,0.0,0.7862697963800905,0.0,0.7862697963800905,matched_inhale
rec2018-05-03_15h41m44.230s.wav,0,True,True,0.7418634792626727,0.0,0.0,0.7418634792626727,0.0,0.7418634792626727,matched_inhale
rec2018-05-03_15h42m04.570s.wav,0,True,True,0.8135883084577112,0.0,0.0,0.8135883084577112,0.0,0.8135883084577112,matched_inhale
rec2018-05-03_15h42m24.025s.wav,0,True,True,0.818404377880184,0.0,0.0,0.818404377880184,0.0,0.818404377880184,matched_inhale
rec2018-05-03_15h42m44.455s.wav,0,True,True,0.8719152360515019,0.0,0.0,0.8719152360515019,0.0,0.8719152360515019,matched_inhale
rec2018-05-03_15h44m07.780s.wav,0,True,True,0.8680472488038278,0.0,0.0,0.8680472488038278,0.0,0.8680472488038278,matched_inhale
rec2018-05-03_15h44m27.242s.wav,0,True,True,0.7845394736842107,0.0,0.0,0.7845394736842107,0.0,0.7845394736842107,matched_inhale
rec2018-05-03_15h44m47.231s.wav,0,True,True,0.8742408906882587,0.0,0.0,0.8742408906882587,0.0,0.8742408906882587,matched_inhale
rec2018-05-03_15h45m14.147s.wav,0,True,True,0.8318484042553194,0.0,0.0,0.8318484042553194,0.0,0.8318484042553194,matched_inhale
rec2018-05-03_15h46m16.542s.wav,0,True,True,0.8179563492063491,0.0,0.0,0.8179563492063491,0.0,0.8179563492063491,matched_inhale
rec2018-05-03_15h46m45.482s.wav,0,True,True,0.8097857981220657,0.0,0.0,0.8097857981220657,0.0,0.8097857981220657,matched_inhale
rec2018-05-03_15h47m08.625s.wav,0,True,True,0.8685344827586206,0.0,0.0,0.8685344827586206,0.0,0.8685344827586206,matched_inhale
rec2018-05-03_15h47m37.180s.wav,0,True,True,0.8190705128205129,0.0,0.0,0.8190705128205129,0.0,0.8190705128205129,matched_inhale
rec2018-05-03_15h47m57.575s.wav,0,True,True,0.8840371621621618,0.0,0.0,0.8840371621621618,0.0,0.8840371621621618,matched_inhale
rec2018-05-03_15h48m19.468s.wav,0,True,True,0.7995590490797542,0.0,0.0,0.7995590490797542,0.0,0.7995590490797542,matched_inhale
rec2018-05-03_15h48m42.154s.wav,0,True,True,0.8986991626794258,0.0,0.0,0.8986991626794258,0.0,0.8986991626794258,matched_inhale
rec2018-05-03_15h49m02.235s.wav,0,True,True,0.8937793427230049,0.0,0.0,0.8937793427230049,0.0,0.8937793427230049,matched_inhale
