recording_file,annotation_start_s,annotation_end_s,annotation_duration_s,best_event_id,best_iou,matched
rec2018-01-22_17h41m33.475s.wav,2.605,3.956875,1.3518750000000002,0,0.8755667098445596,True
rec2018-01-22_17h41m49.809s.wav,0.630375,2.1645,1.534125,0,0.9218762194646059,True
rec2018-01-22_17h42m07.718s.wav,2.118875,3.50125,1.3823750000000001,0,0.8861378205128205,True
rec2018-01-22_17h42m23.769s.wav,2.848,4.579625,1.7316250000000002,0,0.934767376681614,True
rec2018-01-22_17h44m03.761s.wav,2.635375,4.139125,1.5037500000000001,0,0.9169207317073171,True
rec2018-01-22_17h44m21.408s.wav,4.6405,6.18975,1.5492499999999998,0,0.924261275272162,True
rec2018-01-22_17h44m39.521s.wav,4.458125,6.053125,1.5949999999999998,0,0.863095238095238,True
rec2018-01-22_17h44m56.745s.wav,2.90875,4.837875,1.9291250000000004,0,0.9684362449799199,True
rec2018-01-22_17h45m12.839s.wav,0.858125,1.967,1.108875,0,0.8609277950310559,True
rec2018-01-23_10h42m07.256s.wav,3.410125,4.86825,1.458125,0,0.9067941542288556,True
rec2018-01-23_10h42m23.823s.wav,1.46075,2.893625,1.4328750000000001,0,0.9185096153846152,True
rec2018-01-23_10h42m45.728s.wav,0.632375,2.625,1.9926249999999999,0,0.947065114068441,True
rec2018-01-23_10h43m05.349s.wav,2.3115,4.02425,1.7127500000000002,0,0.8738520408163266,True
rec2018-01-23_10h43m22.564s.wav,2.837625,4.729375,1.89175,0,0.9548309331979951,True
rec2018-01-23_10h43m56.234s.wav,0.845125,2.333875,1.48875,0,0.890400717703349,True
rec2018-01-23_10h44m12.634s.wav,0.9235,3.1175,2.194,0,0.9234006734006732,True
rec2018-01-23_10h44m30.273s.wav,2.736875,4.225625,1.48875,0,0.8575748847926267,True
rec2018-01-23_10h45m25.926s.wav,4.6735,6.039125,1.3656250000000005,0,0.8937336387434561,True
rec2018-01-23_10h45m44.127s.wav,2.3675,4.180875,1.8133750000000002,0,0.8726143790849674,True
rec2018-01-23_10h46m04.850s.wav,2.042875,3.587625,1.54475,0,0.898110465116279,True
rec2018-01-23_10h47m11.936s.wav,4.494375,5.90475,1.4103750000000002,0,0.8859139447236184,True
rec2018-01-23_10h49m01.624s.wav,2.66975,5.580125,2.9103749999999997,0,0.9210047468354428,True
rec2018-01-23_10h49m24.634s.wav,3.139875,5.490625,2.3507499999999997,0,0.9328373015873013,True
rec2018-01-23_10h50m00.411s.wav,5.55775,8.132375,2.5746249999999993,0,0.9549795994065283,True
rec2018-01-23_10h50m22.155s.wav,2.636125,5.132375,2.49625,0,0.9044384057971013,True
rec2018-01-23_10h50m40.883s.wav,3.442125,6.027875,2.58575,0,0.9617673241812305,True
rec2018-01-23_10h52m21.295s.wav,2.748125,5.30025,2.552125,0,0.9580048798798799,True
rec2018-01-23_10h52m39.068s.wav,4.02425,7.046625,3.0223749999999994,0,0.9762193152454778,True
rec2018-01-23_10h52m57.816s.wav,5.625,8.569,2.944000000000001,0,0.9709762532981536,True
rec2018-01-23_10h53m20.922s.wav,2.26675,4.595125,2.3283750000000003,0,0.9010739164086686,True
rec2018-01-23_10h54m18.511s.wav,3.531625,5.781625,2.25,0,0.9343853820598007,True
rec2018-01-23_10h54m39.487s.wav,3.50925,6.475625,2.9663749999999998,0,0.9021821776155715,True
rec2018-01-23_10h56m48.215s.wav,1.1025,3.240625,2.138125,0,0.9312391114982578,True
rec2018-01-23_10h57m38.405s.wav,2.15475,4.326375,2.1716249999999997,0,0.9472428714079658,True
rec2018-01-23_10h57m54.607s.wav,2.798125,4.985,2.186875,0,0.9097293501161474,True
rec2018-01-23_10h59m20.895s.wav,2.203625,3.85225,1.648625,0,0.8844554721030043,True
rec2018-01-23_10h59m40.619s.wav,2.40775,4.114125,1.7063749999999995,0,0.9154372317596562,True
rec2018-01-23_10h59m57.587s.wav,2.2955,4.27125,1.9757500000000001,0,0.9609678988326849,True
rec2018-01-23_11h00m14.641s.wav,2.486375,4.14775,1.6613750000000005,0,0.9396917420814481,True
rec2018-01-23_11h01m08.679s.wav,3.115,4.978375,1.8633749999999996,0,0.9354292168674697,True
rec2018-01-23_11h01m26.075s.wav,2.22825,3.844625,1.6163750000000001,0,0.8900743392070486,True
rec2018-01-23_11h01m41.256s.wav,1.75675,3.418125,1.6613749999999998,0,0.8912956008583688,True
rec2018-01-23_11h01m57.075s.wav,3.979375,5.438625,1.45925,0,0.8985529556650242,True
rec2018-01-23_11h02m14.505s.wav,1.88025,3.3395,1.4592500000000002,0,0.88118961352657,True
rec2018-01-23_11h02m29.845s.wav,3.00275,4.563125,1.5603750000000005,0,0.859237334801762,True
rec2018-01-23_11h02m48.266s.wav,0.73525,2.0935,1.3582500000000002,0,0.8046504739336495,True
rec2018-01-23_11h03m04.371s.wav,2.3405,3.92325,1.5827499999999999,0,0.8347837552742616,True
rec2018-01-23_11h03m19.651s.wav,2.419,3.833375,1.4143750000000002,0,0.8795864427860697,True
rec2018-01-23_11h03m36.803s.wav,1.85775,3.1375,1.2797500000000002,0,0.8463955026455029,True
rec2018-01-23_11h03m51.751s.wav,1.363875,2.75575,1.391875,0,0.8742933417085426,True
rec2018-01-23_11h04m10.613s.wav,1.9475,3.32825,1.3807500000000001,0,0.841920731707317,True
rec2018-01-23_11h04m27.250s.wav,1.88025,3.653875,1.7736250000000002,0,0.8694240196078432,True
rec2018-01-23_11h04m44.325s.wav,2.75575,4.0355,1.27975,0,0.8120241116751268,True
rec2018-01-23_11h05m01.603s.wav,3.294625,4.59675,1.3021250000000002,0,0.8611937830687829,True
rec2018-01-23_11h11m07.436s.wav,2.396625,3.92325,1.5266250000000001,0,0.871361301369863,True
rec2018-01-23_11h11m22.731s.wav,1.105625,2.40775,1.302125,0,0.8179177135678392,True
rec2018-01-23_11h11m37.608s.wav,1.3975,2.800625,1.4031250000000002,0,0.8472977053140096,True
rec2018-01-23_11h51m22.121s.wav,2.565,4.102875,1.537875,0,0.9025088028169014,True
rec2018-01-23_11h51m37.745s.wav,0.218875,1.28525,1.066375,0,0.8279309006211182,True
rec2018-01-23_11h51m52.565s.wav,2.08225,3.216,1.13375,0,0.8486152694610777,True
rec2018-01-23_11h52m38.758s.wav,1.9925,3.406875,1.414375,0,0.9066506410256409,True
rec2018-01-23_11h52m53.640s.wav,1.217875,2.463875,1.2459999999999998,0,0.8510928961748633,True
rec2018-01-23_11h53m23.410s.wav,2.969125,4.226375,1.25725,0,0.7977474619289338,True
rec2018-01-23_11h53m38.425s.wav,1.689375,2.9915,1.3021249999999998,0,0.8992575966850826,True
rec2018-01-23_11h53m56.835s.wav,0.926,2.351625,1.4256249999999997,0,0.8954930904522608,True
rec2018-01-23_11h56m03.777s.wav,2.621125,3.833375,1.21225,0,0.7691941624365483,True
rec2018-01-23_11h57m24.977s.wav,2.42275,3.729,1.30625,0,0.8826013513513513,True
rec2018-01-23_11h57m41.504s.wav,2.772125,3.9265,1.154375,0,0.8962538819875777,True
rec2018-01-23_11h57m58.590s.wav,3.30375,4.594875,1.291125,0,0.8110081658291455,True
rec2018-01-23_11h58m15.852s.wav,2.194875,3.486,1.291125,0,0.8276442307692308,True
rec2018-01-23_11h58m34.582s.wav,1.994875,3.40575,1.4108749999999999,0,0.8358264218009478,True
rec2018-01-23_11h58m49.449s.wav,2.632,3.7395,1.1075,0,0.7648480662983426,True
rec2018-01-23_11h59m04.620s.wav,2.9355,4.346375,1.4108749999999999,0,0.8862280150753765,True
rec2018-01-23_12h02m44.138s.wav,2.616875,3.84575,1.228875,0,0.8214405080213903,True
rec2018-01-23_12h03m01.599s.wav,1.919,2.996125,1.077125,0,0.8160037878787879,True
rec2018-01-23_12h03m19.922s.wav,2.5865,3.89125,1.3047499999999999,0,0.8721590909090908,True
rec2018-01-23_12h03m36.988s.wav,2.73825,3.967125,1.228875,0,0.8777678571428572,True
rec2018-01-23_12h03m52.821s.wav,2.510625,3.769875,1.2592499999999998,0,0.8417446524064169,True
rec2018-01-23_12h04m16.860s.wav,2.389375,3.7395,1.3501250000000002,0,0.922216530054645,True
rec2018-01-23_12h04m31.917s.wav,2.510625,3.876,1.3653749999999998,0,0.8576476130653264,True
rec2018-01-23_12h04m50.656s.wav,2.085875,3.31475,1.228875,0,0.8303209459459456,True
rec2018-01-23_12h05m05.795s.wav,2.541,3.7395,1.1985000000000001,0,0.836941340782123,True
rec2018-01-23_12h37m08.326s.wav,2.480375,3.663625,1.1832500000000001,0,0.8356285310734465,True
rec2018-01-23_12h37m25.023s.wav,0.796375,2.20725,1.410875,0,0.877409825870647,True
rec2018-01-23_12h37m39.981s.wav,1.3425,2.55625,1.2137499999999999,0,0.829064207650273,True
rec2018-01-23_12h37m54.913s.wav,2.2225,3.618125,1.395625,0,0.9532957650273224,True
rec2018-01-23_12h38m10.740s.wav,1.039125,2.3135,1.2743749999999998,0,0.8518549465240638,True
rec2018-01-23_12h39m14.259s.wav,2.283125,3.5575,1.274375,0,0.8704747267759563,True
rec2018-01-23_12h39m29.011s.wav,1.221125,2.78375,1.562625,0,0.908502906976744,True
rec2018-01-23_12h39m44.218s.wav,0.508125,1.903875,1.39575,0,0.8594519704433498,True
rec2018-01-23_12h40m15.223s.wav,1.53975,3.011375,1.4716250000000002,0,0.9151896766169155,True
rec2018-01-23_12h40m30.209s.wav,2.20725,3.709125,1.5018749999999996,0,0.9520374187410813,True
rec2018-01-23_12h40m47.865s.wav,2.20725,3.769875,1.5626249999999997,0,0.9170334507042254,True
rec2018-01-23_12h41m04.075s.wav,1.35775,3.436125,2.0783750000000003,0,0.9115679824561403,True
rec2018-01-23_12h41m19.889s.wav,2.55625,4.573875,2.0176250000000002,0,0.9517099056603772,True
rec2018-01-23_12h41m54.714s.wav,2.4955,3.951875,1.456375,0,0.8627813981042654,True
rec2018-01-23_12h42m11.121s.wav,2.510625,3.80025,1.289625,0,0.8100659547738693,True
rec2018-01-23_12h50m45.316s.wav,3.876,5.044125,1.1681250000000003,0,0.9183372641509434,True
rec2018-01-23_12h54m08.620s.wav,2.29825,3.375375,1.077125,0,0.8260161042944785,True
rec2018-01-23_12h55m27.681s.wav,2.616875,3.709125,1.09225,0,0.8808467741935485,True
rec2018-01-23_12h56m34.401s.wav,2.632,3.58775,0.9557500000000001,0,0.8849537037037037,True
rec2018-01-23_12h57m37.371s.wav,2.859625,3.951875,1.09225,0,0.9163171140939596,True
rec2018-02-01_17h36m45.706s.wav,2.621125,4.062375,1.4412500000000001,0,0.9738175675675677,True
rec2018-02-01_17h40m59.475s.wav,3.243,4.5645,1.3215,0,0.9026639344262292,True
rec2018-02-02_00h11m42.617s.wav,1.989,3.373125,1.3841249999999998,0,0.896454015544041,True
rec2018-02-02_00h27m33.111s.wav,2.18,3.895625,1.7156249999999997,0,0.9319611597374179,True
rec2018-02-02_10h46m42.260s.wav,2.6655,4.055625,1.3901249999999998,0,0.8731940954773868,True
rec2018-02-02_10h48m38.792s.wav,2.785875,4.7015,1.9156250000000004,0,0.9307921230925091,True
rec2018-02-02_10h57m01.870s.wav,2.840625,4.668625,1.8279999999999994,0,0.9481327800829868,True
rec2018-02-02_10h58m28.930s.wav,2.577875,4.515375,1.9374999999999996,0,0.9350868725868722,True
rec2018-02-02_10h59m19.989s.wav,2.4465,3.913375,1.466875,0,0.894435975609756,True
rec2018-02-02_11h00m59.338s.wav,2.785875,4.23075,1.4448749999999997,0,0.8810213414634144,True
rec2018-02-02_11h01m45.212s.wav,3.084125,4.67275,1.588625,0,0.9056345525055122,True
rec2018-02-05_10h39m00.035s.wav,1.714625,2.4925,0.7778750000000001,0,0.8920584862385321,True
rec2018-02-05_10h41m21.507s.wav,1.462625,2.66775,1.2051249999999998,0,0.8913646449704138,True
rec2018-02-05_10h54m35.447s.wav,3.467625,5.658875,2.19125,0,0.9477724913494807,True
rec2018-02-05_10h55m27.871s.wav,0.947625,2.821125,1.8735,0,0.9256422924901183,True
rec2018-02-05_10h56m11.262s.wav,1.4735,3.095125,1.6216249999999999,0,0.5434400134048257,True
rec2018-02-05_10h56m11.262s.wav,2.766375,4.28925,1.522875,0,0.5103468498659517,True
rec2018-02-05_10h58m35.817s.wav,2.04325,4.54125,2.4979999999999998,0,0.9433534743202414,True
rec2018-02-05_11h03m04.776s.wav,2.580125,3.9825,1.4023750000000001,0,0.9274966931216932,True
rec2018-02-05_11h03m43.815s.wav,3.31425,4.4975,1.1832499999999997,0,0.8549494219653175,True
rec2018-02-05_11h04m48.418s.wav,1.4735,2.361,0.8875000000000002,0,0.7981115107913669,True
rec2018-02-05_11h06m12.128s.wav,1.900875,3.193625,1.2927499999999998,1,0.9027583798882682,True
rec2018-02-05_11h20m08.624s.wav,3.31425,4.2345,0.9202499999999998,1,0.8784217016029588,True
rec2018-02-05_11h20m47.521s.wav,5.615,6.973625,1.358625,0,0.9081717914438505,True
rec2018-02-05_11h22m34.731s.wav,6.66675,8.091125,1.4243749999999995,0,0.8947079145728647,True
rec2018-02-05_11h23m35.644s.wav,5.53825,6.54625,1.008,0,0.5650224215246638,True
rec2018-02-05_11h30m48.760s.wav,3.91675,5.7245,1.80775,0,0.9075050200803209,True
rec2018-02-06_10h28m57.917s.wav,1.79125,2.843125,1.0518750000000001,0,0.8482862903225804,True
rec2018-02-06_10h30m00.277s.wav,5.406875,6.721625,1.31475,0,0.9594631607778689,True
rec2018-02-06_10h32m03.907s.wav,5.615,6.524375,0.9093749999999998,0,0.8061835106382976,True
rec2018-02-06_10h32m43.911s.wav,6.020375,6.853,0.8326250000000002,0,0.7709490740740742,True
rec2018-02-06_11h39m13.131s.wav,7.455625,8.2445,0.788875,0,0.6715155615696876,True
rec2018-02-06_11h39m13.131s.wav,7.335125,7.893875,0.5587500000000007,0,0.5251409774436101,True
rec2018-02-06_11h39m13.131s.wav,7.2365,7.598125,0.3616249999999992,0,0.3398731203007514,False
rec2018-02-06_12h13m52.029s.wav,1.692625,2.525375,0.8327499999999999,0,0.8896901709401707,True
rec2018-02-06_12h15m08.616s.wav,2.865,3.631875,0.7668749999999998,0,0.8193108974358968,True
rec2018-02-06_12h17m38.883s.wav,0.958625,1.703625,0.745,0,0.7332677165354331,True
rec2018-05-03_15h21m36.500s.wav,3.98725,6.174625,2.187375,0,0.9882739477709173,True
rec2018-05-03_15h23m24.541s.wav,2.437875,4.230375,1.7925000000000004,0,0.9071356275303644,True
rec2018-05-03_15h24m03.886s.wav,3.1215,4.913875,1.7923749999999998,0,0.9070723684210525,True
rec2018-05-03_15h24m37.045s.wav,2.4835,4.093625,1.6101250000000005,0,0.910433574614316,True
rec2018-05-03_15h25m08.571s.wav,3.0455,4.4885,1.443,0,0.8713768115942027,True
rec2018-05-03_15h27m21.669s.wav,2.98475,4.351875,1.3671249999999997,0,0.8502021144278602,True
rec2018-05-03_15h27m45.362s.wav,3.637875,5.035375,1.3975,0,0.9242724867724867,True
rec2018-05-03_15h28m15.159s.wav,2.954375,4.458125,1.5037499999999997,0,0.9259544334975365,True
rec2018-05-03_15h28m42.685s.wav,3.486,5.035375,1.549375,0,0.9092576291079811,True
rec2018-05-03_15h29m02.811s.wav,3.258125,4.777125,1.5189999999999997,0,0.9172705314009661,True
rec2018-05-03_15h29m32.895s.wav,3.273375,4.6405,1.3671250000000001,0,0.8255585748792269,True
rec2018-05-03_15h29m50.911s.wav,2.893625,4.351875,1.4582499999999996,0,0.9444624352331601,True
rec2018-05-03_15h30m09.333s.wav,4.458125,6.14425,1.6861250000000005,0,0.8968750000000003,True
rec2018-05-03_15h30m28.140s.wav,2.954375,4.367,1.4126249999999998,0,0.9055288461538458,True
rec2018-05-03_15h30m45.469s.wav,2.939125,4.3215,1.3823750000000001,0,0.8429115853658534,True
rec2018-05-03_15h31m15.084s.wav,2.8025,4.10875,1.3062499999999995,0,0.8548756544502614,True
rec2018-05-03_15h31m38.884s.wav,3.42525,4.959375,1.5341249999999995,0,0.9354420731707314,True
rec2018-05-03_15h31m59.455s.wav,3.62275,5.248,1.6252500000000003,0,0.9110145739910315,True
rec2018-05-03_15h32m17.555s.wav,3.78975,5.2025,1.4127499999999995,0,0.8699199507389159,True
rec2018-05-03_15h32m35.669s.wav,3.848375,5.350875,1.5025000000000004,0,0.89010663507109,True
rec2018-05-03_15h33m11.807s.wav,2.80575,4.103875,1.2981250000000002,0,0.8866974043715848,True
rec2018-05-03_15h33m29.486s.wav,3.8585,4.982875,1.1243750000000001,0,0.7597128378378379,True
rec2018-05-03_15h33m51.966s.wav,3.68475,5.13625,1.4515000000000002,0,0.85989336492891,True
rec2018-05-03_15h34m13.707s.wav,3.50075,4.809125,1.3083749999999998,0,0.7825209330143541,True
rec2018-05-03_15h34m32.131s.wav,3.214625,4.40025,1.185625,0,0.8188017955801102,True
rec2018-05-03_15h35m02.114s.wav,3.051,4.155,1.104,0,0.7796610169491524,True
rec2018-05-03_15h35m21.837s.wav,3.0715,4.461625,1.3901249999999998,0,0.9003400259067353,True
rec2018-05-03_15h35m44.100s.wav,3.50075,4.95225,1.4515000000000002,0,0.8438953488372093,True
rec2018-05-03_15h36m09.330s.wav,2.9795,4.30825,1.3287500000000003,0,0.87880291005291,True
rec2018-05-03_15h36m33.401s.wav,2.018625,3.112375,1.09375,0,0.7902817919075147,True
rec2018-05-03_15h39m20.550s.wav,3.2555,4.614875,1.3593749999999996,0,0.7758989726027392,True
rec2018-05-03_15h39m43.079s.wav,3.848375,4.993125,1.1447500000000002,0,0.7994064245810057,True
rec2018-05-03_15h40m01.822s.wav,5.974375,7.3645,1.3901249999999994,0,0.8476371951219506,True
rec2018-05-03_15h40m28.424s.wav,3.143,4.543375,1.4003750000000004,0,0.8218163145539905,True
rec2018-05-03_15h40m49.846s.wav,3.010125,4.451375,1.4412499999999997,0,0.9053077889447231,True
rec2018-05-03_15h41m19.370s.wav,3.787,5.177125,1.3901250000000003,0,0.7862697963800905,True
rec2018-05-03_15h41m44.230s.wav,5.340625,6.6285,1.2878749999999997,0,0.7418634792626727,True
rec2018-05-03_15h42m04.570s.wav,2.632,3.94025,1.3082499999999997,0,0.8135883084577112,True
rec2018-05-03_15h42m24.025s.wav,3.0,4.42075,1.42075,0,0.818404377880184,True
rec2018-05-03_15h42m44.455s.wav,2.938625,4.563875,1.6252500000000003,0,0.8719152360515019,True
rec2018-05-03_15h44m07.780s.wav,3.654125,5.1055,1.451375,0,0.8680472488038278,True
rec2018-05-03_15h44m27.242s.wav,2.754625,3.827875,1.0732500000000003,0,0.7845394736842107,True
rec2018-05-03_15h44m47.231s.wav,3.899375,5.626875,1.7275,0,0.8742408906882587,True
rec2018-05-03_15h45m14.147s.wav,3.15325,4.717125,1.5638750000000003,0,0.8318484042553194,True
rec2018-05-03_15h46m16.542s.wav,2.724,3.96075,1.2367499999999998,0,0.8179563492063491,True
rec2018-05-03_15h46m45.482s.wav,2.6115,3.991375,1.3798750000000002,0,0.8097857981220657,True
rec2018-05-03_15h47m08.625s.wav,3.2555,4.666,1.4105000000000003,0,0.8685344827586206,True
rec2018-05-03_15h47m37.180s.wav,3.50075,4.7785,1.2777500000000002,0,0.8190705128205129,True
rec2018-05-03_15h47m57.575s.wav,3.7665,5.074875,1.3083749999999994,0,0.8840371621621618,True
rec2018-05-03_15h48m19.468s.wav,3.183875,4.2265,1.0426249999999997,0,0.7995590490797542,True
rec2018-05-03_15h48m42.154s.wav,2.7035,4.206125,1.502625,0,0.8986991626794258,True
rec2018-05-03_15h49m02.235s.wav,3.26575,4.78875,1.5230000000000001,0,0.8937793427230049,True
rec2018-05-02_17h33m50.393s.wav,2.77475,4.362375,1.587625,0,0.8553596051963134,True
rec2018-05-02_17h34m27.816s.wav,2.223125,3.824125,1.601,0,0.8894444444444445,True
rec2018-05-02_17h35m57.328s.wav,3.023625,4.65825,1.6346249999999998,0,0.9081249999999995,True
rec2018-05-02_17h38m14.494s.wav,1.53025,3.319625,1.7893749999999997,0,0.9517952127659571,True
rec2018-05-02_17h38m56.671s.wav,7.416375,8.61375,1.1973749999999992,0,0.8552678571428569,True
rec2018-05-02_17h40m35.031s.wav,3.78375,5.748,1.9642500000000003,0,0.9127555762081787,True
rec2018-05-02_17h41m00.892s.wav,3.4475,5.2435,1.7960000000000003,0,0.9089068825910931,True
rec2018-05-02_17h42m58.720s.wav,3.23225,4.799625,1.5673749999999997,0,0.9285396919431279,True
rec2018-05-02_17h42m58.720s.wav,7.006,8.115875,1.1098750000000006,1,0.8617041925465847,True
rec2018-05-02_17h42m58.720s.wav,11.331375,12.2395,0.9081250000000001,2,0.8166591726618705,True
rec2018-05-03_09h32m11.296s.wav,2.19625,3.73,1.53375,0,0.9173145933014355,True
rec2018-05-03_09h32m39.426s.wav,2.542125,3.803625,1.2614999999999998,0,0.8908898305084745,True
rec2018-05-03_09h32m52.456s.wav,2.93225,4.080625,1.1483750000000006,0,0.938214869281046,True
rec2018-05-03_09h33m56.681s.wav,1.880125,3.21875,1.338625,0,0.8324782338308456,True
rec2018-05-03_11h21m20.915s.wav,1.9515,3.5645,1.6129999999999998,0,0.9291474654377878,True
rec2018-05-03_11h22m59.308s.wav,1.074125,3.035375,1.9612500000000002,0,0.9113615241635687,True
rec2018-05-03_11h30m44.236s.wav,3.867625,5.2935,1.425875,0,0.8527960526315789,True
rec2018-05-03_11h31m05.117s.wav,3.0935,4.758,1.6644999999999999,0,0.8853723404255319,True
rec2018-05-03_11h31m22.631s.wav,4.58375,6.19025,1.6064999999999996,0,0.8769104803493448,True
rec2018-05-03_11h31m40.430s.wav,4.274125,5.8935,1.6193750000000007,0,0.9243007990867584,True
rec2018-05-03_11h32m00.868s.wav,3.467625,5.1,1.6323749999999997,0,0.8910343886462879,True
rec2018-05-03_11h33m06.158s.wav,1.803125,3.441875,1.63875,0,0.8945141921397379,True
rec2018-05-03_11h34m12.944s.wav,4.977375,6.59025,1.6128749999999998,0,0.8652762875536476,True
rec2018-05-03_11h34m42.301s.wav,3.648375,4.99675,1.3483749999999994,0,0.8643429487179484,True
rec2018-05-03_11h35m02.168s.wav,4.39025,6.13225,1.742,0,0.9629784272790538,True
rec2018-05-03_11h35m22.211s.wav,4.8225,6.448375,1.6258750000000006,0,0.8722505364806866,True
rec2018-05-03_11h35m39.758s.wav,4.4225,5.99025,1.5677499999999993,0,0.9114825581395346,True
rec2018-05-03_11h35m58.563s.wav,4.345125,6.39025,2.0451249999999996,0,0.9433233394833946,True
rec2018-05-03_11h36m16.780s.wav,4.435375,6.2225,1.7871250000000005,0,0.9346888075313811,True
rec2018-05-03_11h36m35.115s.wav,4.106375,6.016125,1.9097499999999998,0,0.9076758555133079,True
rec2018-05-03_11h36m53.106s.wav,4.72575,6.5,1.7742500000000003,0,0.8978997975708504,True
rec2018-05-03_11h37m11.955s.wav,3.867625,5.629,1.7613749999999997,0,0.9060570987654315,True
rec2018-05-03_11h37m32.414s.wav,4.306375,6.009625,1.7032499999999997,0,0.9216720779220778,True
rec2018-05-03_11h37m50.903s.wav,4.0225,5.609625,1.5871250000000003,0,0.8588338744588743,True
rec2018-05-03_11h38m07.740s.wav,3.73225,5.31925,1.5870000000000002,0,0.8816666666666666,True
rec2018-05-03_11h38m25.235s.wav,4.048375,5.770875,1.7225000000000001,0,0.9008891213389122,True
rec2018-05-03_11h38m46.135s.wav,3.4935,5.377375,1.8838749999999997,0,0.9092060810810807,True
rec2018-05-03_11h39m04.979s.wav,4.545125,6.05475,1.5096250000000007,0,0.8462023542600902,True
rec2018-05-03_11h39m23.236s.wav,4.138625,5.829,1.6903749999999995,0,0.8915479957805905,True
rec2018-05-03_11h39m41.633s.wav,4.32575,5.977375,1.6516250000000001,0,0.922224620476293,True
rec2018-05-03_11h40m00.485s.wav,4.93225,6.4935,1.5612500000000002,0,0.8751401345291477,True
rec2018-05-03_11h40m20.470s.wav,4.499875,6.112875,1.6129999999999995,0,0.8728354978354976,True
rec2018-05-03_11h40m45.441s.wav,4.19675,5.777375,1.5806250000000004,0,0.9275968309859158,True
rec2018-05-03_11h41m04.101s.wav,5.39025,7.05475,1.6645000000000003,0,0.9330156950672649,True
rec2018-05-03_11h41m23.831s.wav,4.05475,5.680625,1.6258749999999997,0,0.9631960900473928,True
rec2018-05-03_11h41m45.507s.wav,5.048375,6.506375,1.4580000000000002,0,0.8637440758293837,True
rec2018-05-03_11h42m07.338s.wav,3.4935,5.12575,1.63225,0,0.8988160792951541,True
rec2018-05-03_11h42m25.033s.wav,4.18375,6.138625,1.9548750000000004,0,0.9083991635687734,True
rec2018-05-03_11h42m42.981s.wav,5.1515,6.8935,1.742,0,0.9209758684699014,True
rec2018-05-03_11h43m01.074s.wav,4.506375,6.19675,1.6903749999999995,0,0.9147050865800864,True
rec2018-05-03_11h43m19.240s.wav,4.280625,5.6225,1.341875,0,0.8428863065326629,True
rec2018-05-03_11h43m36.628s.wav,3.409625,5.216125,1.8064999999999998,0,0.8786478599221786,True
rec2018-05-03_11h43m55.823s.wav,4.009625,5.79675,1.7871250000000005,0,0.897151104417671,True
rec2018-05-03_11h48m01.012s.wav,4.19675,5.66125,1.4645000000000001,0,0.8594483568075115,True
rec2018-05-03_11h48m24.363s.wav,3.78375,5.112875,1.329125,0,0.843353426395939,True
rec2018-05-03_11h48m41.938s.wav,3.9645,5.53225,1.5677500000000002,0,0.870972222222222,True
rec2018-05-03_11h48m59.604s.wav,3.674125,5.51925,1.8451250000000003,0,0.9337677125506073,True
rec2018-05-03_11h49m17.127s.wav,4.635375,6.39025,1.7548750000000002,0,0.9178216527196654,True
rec2018-05-03_11h49m34.678s.wav,5.0225,6.46125,1.4387499999999998,0,0.8137726244343887,True
rec2018-05-03_11h49m54.056s.wav,4.71925,6.306375,1.5871250000000003,0,0.9142425115207372,True
rec2018-05-03_11h50m12.379s.wav,4.51925,6.041875,1.5226249999999997,0,0.8690781963470319,True
rec2018-05-03_11h50m30.421s.wav,4.52575,6.358,1.8322499999999993,0,0.9348214285714282,True
rec2018-05-03_11h50m48.244s.wav,5.041875,6.777375,1.7355,0,0.850735294117647,True
rec2018-05-03_11h51m07.128s.wav,4.803125,6.977375,2.1742500000000007,0,0.9029277408637876,True
rec2018-05-03_11h51m26.000s.wav,4.480625,6.358,1.8773749999999998,0,0.899125957854406,True
rec2018-05-03_11h51m43.422s.wav,4.4225,6.0225,1.5999999999999996,0,0.8583690987124463,True
rec2018-05-03_11h52m00.607s.wav,3.1645,4.7645,1.6,0,0.881057268722467,True
rec2018-05-03_11h52m17.833s.wav,3.474125,5.1645,1.6903750000000004,0,0.8767505186721992,True
rec2018-05-03_11h52m35.208s.wav,2.899875,4.31925,1.419375,0,0.9006186548223347,True
