feature,mean_abs_z__mean_difference_contribution,mean_abs_z__share_of_difference,rms_z_squared__mean_difference_contribution,rms_z_squared__share_of_difference,max_abs_z__argmax_fraction_target,max_abs_z__argmax_fraction_reference,target,reference
duration_s,0.04293615044871034,0.040343499989236815,0.21838602624651346,0.0371913247299771,0.05791505791505792,0.15,other_session,calibration_leave_one_out
mean_rms,0.20726183170537218,0.19474656246053942,1.1401865768911832,0.19417473710545155,0.09652509652509653,0.1,other_session,calibration_leave_one_out
spectral_centroid_mean,0.16623611128535948,0.1561981333623055,0.791580665266426,0.13480685590507172,0.05405405405405406,0.15,other_session,calibration_leave_one_out
spectral_centroid_std,0.22837157826842722,0.21458162106125717,1.3687614334273692,0.23310122823977586,0.2548262548262548,0.15,other_session,calibration_leave_one_out
spectral_flatness_mean,0.2966375199021221,0.27872540169324755,1.8417476668190176,0.31365118329514596,0.42857142857142855,0.25,other_session,calibration_leave_one_out
spectral_flatness_std,0.12469227044672447,0.11716286995581,0.5092593747894563,0.08672730167359853,0.08494208494208494,0.05,other_session,calibration_leave_one_out
spectral_rolloff_std,-0.0018710710106930911,-0.001758088522396292,0.0020397376870864292,0.00034736905097935457,0.023166023166023165,0.15,other_session,calibration_leave_one_out
duration_s,-0.08745270320901007,-0.14567822354330742,-0.6794314993926532,-0.2213255515070972,0.05791505791505792,0.20512820512820512,other_session,calibration_session_other
mean_rms,0.17553344368450002,0.292402628050068,1.051853826182546,0.34264253039902504,0.09652509652509653,0.05128205128205128,other_session,calibration_session_other
spectral_centroid_mean,0.18112804351132406,0.30172208112928917,0.8547473850649865,0.2784348923590735,0.05405405405405406,0.05128205128205128,other_session,calibration_session_other
spectral_centroid_std,0.07739712466208967,0.12892769707971113,0.6075268928182881,0.19790254753951828,0.2548262548262548,0.358974358974359,other_session,calibration_session_other
spectral_flatness_mean,0.13839197868578873,0.23053258353152717,0.7521451238859813,0.24501209394360735,0.42857142857142855,0.1794871794871795,other_session,calibration_session_other
spectral_flatness_std,0.11769715706821193,0.19605926550739528,0.4637760616538361,0.1510755575993754,0.08494208494208494,0.05128205128205128,other_session,calibration_session_other
spectral_rolloff_std,-0.002380865097910388,-0.003966031754683528,0.01921077122568891,0.00625792966649766,0.023166023166023165,0.10256410256410256,other_session,calibration_session_other
duration_s,0.1303888536577204,0.2810406167688137,0.8978175256391666,0.32040504550334176,0.20512820512820512,0.15,calibration_session_other,calibration_leave_one_out
mean_rms,0.03172838802087214,0.06838748472989713,0.08833275070863714,0.031523397797439436,0.05128205128205128,0.1,calibration_session_other,calibration_leave_one_out
spectral_centroid_mean,-0.014891932225964568,-0.03209812572362196,-0.06316671979856046,-0.02254237097560139,0.05128205128205128,0.15,calibration_session_other,calibration_leave_one_out
spectral_centroid_std,0.15097445360633754,0.3254108949315657,0.761234540609081,0.27166253794046896,0.358974358974359,0.15,calibration_session_other,calibration_leave_one_out
spectral_flatness_mean,0.15824554121633336,0.3410830240221209,1.089602542933036,0.3888475579717359,0.1794871794871795,0.25,calibration_session_other,calibration_leave_one_out
spectral_flatness_std,0.006995113378512536,0.015077293212697407,0.045483313135620165,0.01623167581239448,0.05128205128205128,0.05,calibration_session_other,calibration_leave_one_out
spectral_rolloff_std,0.0005097940872172968,0.0010988120585272146,-0.01717103353860248,-0.006127844049779071,0.10256410256410256,0.15,calibration_session_other,calibration_leave_one_out
