held_out_recording_file,held_out_event_id,feature,median,mad,scale,n_training
rec2018-01-22_17h41m33.475s.wav,0,duration_s,1.7200000000000006,0.1600000000000006,0.23721600000000084,19
rec2018-01-22_17h41m33.475s.wav,0,mean_rms,0.177190899848938,0.008834302425384577,0.013097736775875174,19
rec2018-01-22_17h41m33.475s.wav,0,spectral_centroid_mean,0.3845367431640625,0.008457988500595093,0.012539813750982284,19
rec2018-01-22_17h41m33.475s.wav,0,spectral_centroid_std,0.0392467528581619,0.002414818853139898,0.0035802104316652126,19
rec2018-01-22_17h41m33.475s.wav,0,spectral_flatness_mean,0.1609401553869247,0.006308987736701993,0.009353705218434375,19
rec2018-01-22_17h41m33.475s.wav,0,spectral_flatness_std,0.0588279403746128,0.004187345504760805,0.006208158445358368,19
rec2018-01-22_17h41m33.475s.wav,0,spectral_rolloff_std,0.0836454927921295,0.009441860020160592,0.013998501665890093,19
rec2018-01-22_17h41m49.809s.wav,0,duration_s,1.7200000000000006,0.1600000000000006,0.23721600000000084,19
rec2018-01-22_17h41m49.809s.wav,0,mean_rms,0.177190899848938,0.008834302425384577,0.013097736775875174,19
rec2018-01-22_17h41m49.809s.wav,0,spectral_centroid_mean,0.3845367431640625,0.008457988500595093,0.012539813750982284,19
rec2018-01-22_17h41m49.809s.wav,0,spectral_centroid_std,0.0391235426068306,0.0022916086018085965,0.003397538913041425,19
rec2018-01-22_17h41m49.809s.wav,0,spectral_flatness_mean,0.1621612906455993,0.007530122995376615,0.011164160352945368,19
rec2018-01-22_17h41m49.809s.wav,0,spectral_flatness_std,0.0588302090764045,0.0041896142065525055,0.0062115220226347445,19
rec2018-01-22_17h41m49.809s.wav,0,spectral_rolloff_std,0.0836454927921295,0.009441860020160592,0.013998501665890093,19
rec2018-01-22_17h42m07.718s.wav,0,duration_s,1.7200000000000006,0.17600000000000016,0.2609376000000002,19
rec2018-01-22_17h42m07.718s.wav,0,mean_rms,0.1772032380104065,0.008352816104889,0.01238388515710843,19
rec2018-01-22_17h42m07.718s.wav,0,spectral_centroid_mean,0.3825538754463196,0.009685575962066595,0.014359834921359933,19
rec2018-01-22_17h42m07.718s.wav,0,spectral_centroid_std,0.0391235426068306,0.0022916086018085965,0.003397538913041425,19
rec2018-01-22_17h42m07.718s.wav,0,spectral_flatness_mean,0.1609401553869247,0.008547022938728305,0.012671816208958584,19
rec2018-01-22_17h42m07.718s.wav,0,spectral_flatness_std,0.0588302090764045,0.005075559020042392,0.007525023803114849,19
rec2018-01-22_17h42m07.718s.wav,0,spectral_rolloff_std,0.0836454927921295,0.009441860020160592,0.013998501665890093,19
rec2018-01-22_17h42m23.769s.wav,0,duration_s,1.6720000000000004,0.12800000000000034,0.1897728000000005,19
rec2018-01-22_17h42m23.769s.wav,0,mean_rms,0.1772032380104065,0.008846640586853083,0.01311602933406838,19
rec2018-01-22_17h42m23.769s.wav,0,spectral_centroid_mean,0.3825538754463196,0.009685575962066595,0.014359834921359933,19
rec2018-01-22_17h42m23.769s.wav,0,spectral_centroid_std,0.0391235426068306,0.0021876581013202043,0.0032434219010173348,19
rec2018-01-22_17h42m23.769s.wav,0,spectral_flatness_mean,0.1609401553869247,0.008547022938728305,0.012671816208958584,19
rec2018-01-22_17h42m23.769s.wav,0,spectral_flatness_std,0.0588302090764045,0.005075559020042392,0.007525023803114849,19
rec2018-01-22_17h42m23.769s.wav,0,spectral_rolloff_std,0.0836454927921295,0.009441860020160592,0.013998501665890093,19
rec2018-01-22_17h44m03.761s.wav,0,duration_s,1.7200000000000006,0.17600000000000016,0.2609376000000002,19
rec2018-01-22_17h44m03.761s.wav,0,mean_rms,0.177190899848938,0.008340477943420493,0.012365592598915223,19
rec2018-01-22_17h44m03.761s.wav,0,spectral_centroid_mean,0.3845367431640625,0.007702708244323675,0.01142003524303428,19
rec2018-01-22_17h44m03.761s.wav,0,spectral_centroid_std,0.0392467528581619,0.002414818853139898,0.0035802104316652126,19
rec2018-01-22_17h44m03.761s.wav,0,spectral_flatness_mean,0.1621612906455993,0.007325887680053683,0.01086136107444759,19
rec2018-01-22_17h44m03.761s.wav,0,spectral_flatness_std,0.0588302090764045,0.0041896142065525055,0.0062115220226347445,19
rec2018-01-22_17h44m03.761s.wav,0,spectral_rolloff_std,0.0789160728454589,0.009567327797412803,0.014184520192444221,19
rec2018-01-22_17h44m21.408s.wav,0,duration_s,1.7200000000000006,0.1600000000000006,0.23721600000000084,19
rec2018-01-22_17h44m21.408s.wav,0,mean_rms,0.177190899848938,0.008834302425384577,0.013097736775875174,19
rec2018-01-22_17h44m21.408s.wav,0,spectral_centroid_mean,0.3845367431640625,0.008457988500595093,0.012539813750982284,19
rec2018-01-22_17h44m21.408s.wav,0,spectral_centroid_std,0.0392467528581619,0.002414818853139898,0.0035802104316652126,19
rec2018-01-22_17h44m21.408s.wav,0,spectral_flatness_mean,0.1609401553869247,0.008547022938728305,0.012671816208958584,19
rec2018-01-22_17h44m21.408s.wav,0,spectral_flatness_std,0.0588302090764045,0.0041896142065525055,0.0062115220226347445,19
rec2018-01-22_17h44m21.408s.wav,0,spectral_rolloff_std,0.0836454927921295,0.009441860020160592,0.013998501665890093,19
rec2018-01-22_17h44m39.521s.wav,0,duration_s,1.6720000000000004,0.12800000000000034,0.1897728000000005,19
rec2018-01-22_17h44m39.521s.wav,0,mean_rms,0.177190899848938,0.008834302425384577,0.013097736775875174,19
rec2018-01-22_17h44m39.521s.wav,0,spectral_centroid_mean,0.3845367431640625,0.007702708244323675,0.01142003524303428,19
rec2018-01-22_17h44m39.521s.wav,0,spectral_centroid_std,0.0392467528581619,0.002304643392562901,0.0034168642938137567,19
rec2018-01-22_17h44m39.521s.wav,0,spectral_flatness_mean,0.1621612906455993,0.007325887680053683,0.01086136107444759,19
rec2018-01-22_17h44m39.521s.wav,0,spectral_flatness_std,0.0588279403746128,0.0050778277218340925,0.0075283873803912256,19
rec2018-01-22_17h44m39.521s.wav,0,spectral_rolloff_std,0.0789160728454589,0.009733155369758606,0.014430376151204108,19
rec2018-01-22_17h44m56.745s.wav,0,duration_s,1.6720000000000004,0.12800000000000034,0.1897728000000005,19
rec2018-01-22_17h44m56.745s.wav,0,mean_rms,0.177190899848938,0.008340477943420493,0.012365592598915223,19
rec2018-01-22_17h44m56.745s.wav,0,spectral_centroid_mean,0.3845367431640625,0.007702708244323675,0.01142003524303428,19
rec2018-01-22_17h44m56.745s.wav,0,spectral_centroid_std,0.0391235426068306,0.0021876581013202043,0.0032434219010173348,19
rec2018-01-22_17h44m56.745s.wav,0,spectral_flatness_mean,0.1621612906455993,0.007325887680053683,0.01086136107444759,19
rec2018-01-22_17h44m56.745s.wav,0,spectral_flatness_std,0.0588279403746128,0.0050778277218340925,0.0075283873803912256,19
rec2018-01-22_17h44m56.745s.wav,0,spectral_rolloff_std,0.0836454927921295,0.009441860020160592,0.013998501665890093,19
rec2018-01-22_17h45m12.839s.wav,0,duration_s,1.7200000000000006,0.1600000000000006,0.23721600000000084,19
rec2018-01-22_17h45m12.839s.wav,0,mean_rms,0.177190899848938,0.008340477943420493,0.012365592598915223,19
rec2018-01-22_17h45m12.839s.wav,0,spectral_centroid_mean,0.3845367431640625,0.007702708244323675,0.01142003524303428,19
rec2018-01-22_17h45m12.839s.wav,0,spectral_centroid_std,0.0391235426068306,0.0021876581013202043,0.0032434219010173348,19
rec2018-01-22_17h45m12.839s.wav,0,spectral_flatness_mean,0.1609401553869247,0.008547022938728305,0.012671816208958584,19
rec2018-01-22_17h45m12.839s.wav,0,spectral_flatness_std,0.0588279403746128,0.004187345504760805,0.006208158445358368,19
rec2018-01-22_17h45m12.839s.wav,0,spectral_rolloff_std,0.0789160728454589,0.009567327797412803,0.014184520192444221,19
rec2018-01-23_10h42m07.256s.wav,0,duration_s,1.7200000000000006,0.17600000000000016,0.2609376000000002,19
rec2018-01-23_10h42m07.256s.wav,0,mean_rms,0.177190899848938,0.008834302425384577,0.013097736775875174,19
rec2018-01-23_10h42m07.256s.wav,0,spectral_centroid_mean,0.3845367431640625,0.007702708244323675,0.01142003524303428,19
rec2018-01-23_10h42m07.256s.wav,0,spectral_centroid_std,0.0392467528581619,0.002414818853139898,0.0035802104316652126,19
rec2018-01-23_10h42m07.256s.wav,0,spectral_flatness_mean,0.1609401553869247,0.008547022938728305,0.012671816208958584,19
rec2018-01-23_10h42m07.256s.wav,0,spectral_flatness_std,0.0588302090764045,0.005075559020042392,0.007525023803114849,19
rec2018-01-23_10h42m07.256s.wav,0,spectral_rolloff_std,0.0836454927921295,0.009441860020160592,0.013998501665890093,19
rec2018-01-23_10h42m23.823s.wav,0,duration_s,1.7200000000000006,0.17600000000000016,0.2609376000000002,19
rec2018-01-23_10h42m23.823s.wav,0,mean_rms,0.1772032380104065,0.008352816104889,0.01238388515710843,19
rec2018-01-23_10h42m23.823s.wav,0,spectral_centroid_mean,0.3825538754463196,0.009685575962066595,0.014359834921359933,19
rec2018-01-23_10h42m23.823s.wav,0,spectral_centroid_std,0.0391235426068306,0.0021876581013202043,0.0032434219010173348,19
rec2018-01-23_10h42m23.823s.wav,0,spectral_flatness_mean,0.1621612906455993,0.007325887680053683,0.01086136107444759,19
rec2018-01-23_10h42m23.823s.wav,0,spectral_flatness_std,0.0588302090764045,0.005075559020042392,0.007525023803114849,19
rec2018-01-23_10h42m23.823s.wav,0,spectral_rolloff_std,0.0789160728454589,0.009567327797412803,0.014184520192444221,19
rec2018-01-23_10h42m45.728s.wav,0,duration_s,1.6720000000000004,0.12800000000000034,0.1897728000000005,19
rec2018-01-23_10h42m45.728s.wav,0,mean_rms,0.177190899848938,0.008834302425384577,0.013097736775875174,19
rec2018-01-23_10h42m45.728s.wav,0,spectral_centroid_mean,0.3845367431640625,0.008457988500595093,0.012539813750982284,19
rec2018-01-23_10h42m45.728s.wav,0,spectral_centroid_std,0.0391235426068306,0.0022916086018085965,0.003397538913041425,19
rec2018-01-23_10h42m45.728s.wav,0,spectral_flatness_mean,0.1621612906455993,0.007325887680053683,0.01086136107444759,19
rec2018-01-23_10h42m45.728s.wav,0,spectral_flatness_std,0.0588279403746128,0.0050778277218340925,0.0075283873803912256,19
rec2018-01-23_10h42m45.728s.wav,0,spectral_rolloff_std,0.0789160728454589,0.009567327797412803,0.014184520192444221,19
rec2018-01-23_10h43m05.349s.wav,0,duration_s,1.6720000000000004,0.12800000000000034,0.1897728000000005,19
rec2018-01-23_10h43m05.349s.wav,0,mean_rms,0.1772032380104065,0.008352816104889,0.01238388515710843,19
rec2018-01-23_10h43m05.349s.wav,0,spectral_centroid_mean,0.3825538754463196,0.007557481527328436,0.011204722112417138,19
rec2018-01-23_10h43m05.349s.wav,0,spectral_centroid_std,0.0392467528581619,0.002414818853139898,0.0035802104316652126,19
rec2018-01-23_10h43m05.349s.wav,0,spectral_flatness_mean,0.1609401553869247,0.006308987736701993,0.009353705218434375,19
rec2018-01-23_10h43m05.349s.wav,0,spectral_flatness_std,0.0588279403746128,0.0050778277218340925,0.0075283873803912256,19
rec2018-01-23_10h43m05.349s.wav,0,spectral_rolloff_std,0.0789160728454589,0.009733155369758606,0.014430376151204108,19
rec2018-01-23_10h43m22.564s.wav,0,duration_s,1.6720000000000004,0.12800000000000034,0.1897728000000005,19
rec2018-01-23_10h43m22.564s.wav,0,mean_rms,0.177190899848938,0.008834302425384577,0.013097736775875174,19
rec2018-01-23_10h43m22.564s.wav,0,spectral_centroid_mean,0.3825538754463196,0.007557481527328436,0.011204722112417138,19
rec2018-01-23_10h43m22.564s.wav,0,spectral_centroid_std,0.0391235426068306,0.0021876581013202043,0.0032434219010173348,19
rec2018-01-23_10h43m22.564s.wav,0,spectral_flatness_mean,0.1621612906455993,0.007530122995376615,0.011164160352945368,19
rec2018-01-23_10h43m22.564s.wav,0,spectral_flatness_std,0.0588302090764045,0.0041896142065525055,0.0062115220226347445,19
rec2018-01-23_10h43m22.564s.wav,0,spectral_rolloff_std,0.0836454927921295,0.009441860020160592,0.013998501665890093,19
rec2018-01-23_10h43m40.126s.wav,0,duration_s,1.6720000000000004,0.12800000000000034,0.1897728000000005,19
rec2018-01-23_10h43m40.126s.wav,0,mean_rms,0.1772032380104065,0.008846640586853083,0.01311602933406838,19
rec2018-01-23_10h43m40.126s.wav,0,spectral_centroid_mean,0.3825538754463196,0.009685575962066595,0.014359834921359933,19
rec2018-01-23_10h43m40.126s.wav,0,spectral_centroid_std,0.0392467528581619,0.002414818853139898,0.0035802104316652126,19
rec2018-01-23_10h43m40.126s.wav,0,spectral_flatness_mean,0.1621612906455993,0.007325887680053683,0.01086136107444759,19
rec2018-01-23_10h43m40.126s.wav,0,spectral_flatness_std,0.0588302090764045,0.0041896142065525055,0.0062115220226347445,19
rec2018-01-23_10h43m40.126s.wav,0,spectral_rolloff_std,0.0789160728454589,0.009733155369758606,0.014430376151204108,19
rec2018-01-23_10h43m56.234s.wav,0,duration_s,1.7200000000000006,0.17600000000000016,0.2609376000000002,19
rec2018-01-23_10h43m56.234s.wav,0,mean_rms,0.1772032380104065,0.008352816104889,0.01238388515710843,19
rec2018-01-23_10h43m56.234s.wav,0,spectral_centroid_mean,0.3825538754463196,0.007557481527328436,0.011204722112417138,19
rec2018-01-23_10h43m56.234s.wav,0,spectral_centroid_std,0.0392467528581619,0.002304643392562901,0.0034168642938137567,19
rec2018-01-23_10h43m56.234s.wav,0,spectral_flatness_mean,0.1609401553869247,0.008547022938728305,0.012671816208958584,19
rec2018-01-23_10h43m56.234s.wav,0,spectral_flatness_std,0.0588279403746128,0.004187345504760805,0.006208158445358368,19
rec2018-01-23_10h43m56.234s.wav,0,spectral_rolloff_std,0.0789160728454589,0.009567327797412803,0.014184520192444221,19
rec2018-01-23_10h44m12.634s.wav,0,duration_s,1.6720000000000004,0.12800000000000034,0.1897728000000005,19
rec2018-01-23_10h44m12.634s.wav,0,mean_rms,0.1772032380104065,0.008352816104889,0.01238388515710843,19
rec2018-01-23_10h44m12.634s.wav,0,spectral_centroid_mean,0.3825538754463196,0.007557481527328436,0.011204722112417138,19
rec2018-01-23_10h44m12.634s.wav,0,spectral_centroid_std,0.0391235426068306,0.0021876581013202043,0.0032434219010173348,19
rec2018-01-23_10h44m12.634s.wav,0,spectral_flatness_mean,0.1609401553869247,0.006308987736701993,0.009353705218434375,19
rec2018-01-23_10h44m12.634s.wav,0,spectral_flatness_std,0.0588279403746128,0.004187345504760805,0.006208158445358368,19
rec2018-01-23_10h44m12.634s.wav,0,spectral_rolloff_std,0.0789160728454589,0.009567327797412803,0.014184520192444221,19
rec2018-01-23_10h44m30.273s.wav,0,duration_s,1.6720000000000004,0.12800000000000034,0.1897728000000005,19
rec2018-01-23_10h44m30.273s.wav,0,mean_rms,0.1772032380104065,0.008352816104889,0.01238388515710843,19
rec2018-01-23_10h44m30.273s.wav,0,spectral_centroid_mean,0.3825538754463196,0.007557481527328436,0.011204722112417138,19
rec2018-01-23_10h44m30.273s.wav,0,spectral_centroid_std,0.0391235426068306,0.0021876581013202043,0.0032434219010173348,19
rec2018-01-23_10h44m30.273s.wav,0,spectral_flatness_mean,0.1621612906455993,0.007530122995376615,0.011164160352945368,19
rec2018-01-23_10h44m30.273s.wav,0,spectral_flatness_std,0.0588279403746128,0.0050778277218340925,0.0075283873803912256,19
rec2018-01-23_10h44m30.273s.wav,0,spectral_rolloff_std,0.0836454927921295,0.0101812109351158,0.015094663332402685,19
rec2018-01-23_10h45m25.926s.wav,0,duration_s,1.7200000000000006,0.1600000000000006,0.23721600000000084,19
rec2018-01-23_10h45m25.926s.wav,0,mean_rms,0.1772032380104065,0.008352816104889,0.01238388515710843,19
rec2018-01-23_10h45m25.926s.wav,0,spectral_centroid_mean,0.3825538754463196,0.009685575962066595,0.014359834921359933,19
rec2018-01-23_10h45m25.926s.wav,0,spectral_centroid_std,0.0392467528581619,0.002414818853139898,0.0035802104316652126,19
rec2018-01-23_10h45m25.926s.wav,0,spectral_flatness_mean,0.1609401553869247,0.006308987736701993,0.009353705218434375,19
rec2018-01-23_10h45m25.926s.wav,0,spectral_flatness_std,0.0588279403746128,0.0050778277218340925,0.0075283873803912256,19
rec2018-01-23_10h45m25.926s.wav,0,spectral_rolloff_std,0.0789160728454589,0.009733155369758606,0.014430376151204108,19
rec2018-01-23_10h45m44.127s.wav,0,duration_s,1.6720000000000004,0.12800000000000034,0.1897728000000005,19
rec2018-01-23_10h45m44.127s.wav,0,mean_rms,0.1772032380104065,0.008846640586853083,0.01311602933406838,19
rec2018-01-23_10h45m44.127s.wav,0,spectral_centroid_mean,0.3845367431640625,0.007702708244323675,0.01142003524303428,19
rec2018-01-23_10h45m44.127s.wav,0,spectral_centroid_std,0.0392467528581619,0.002304643392562901,0.0034168642938137567,19
rec2018-01-23_10h45m44.127s.wav,0,spectral_flatness_mean,0.1621612906455993,0.007325887680053683,0.01086136107444759,19
rec2018-01-23_10h45m44.127s.wav,0,spectral_flatness_std,0.0588302090764045,0.0041896142065525055,0.0062115220226347445,19
rec2018-01-23_10h45m44.127s.wav,0,spectral_rolloff_std,0.0836454927921295,0.0101812109351158,0.015094663332402685,19
