recording_file,event_id,usable_order,n_training,z_duration_s,z_mean_rms,z_spectral_centroid_mean,z_spectral_centroid_std,z_spectral_flatness_mean,z_spectral_flatness_std,z_spectral_rolloff_std,mean_abs_z,rms_z,max_abs_z,max_abs_z_feature,in_sample_mean_abs_z,in_sample_rms_z,in_sample_max_abs_z,in_sample_max_abs_z_feature
rec2018-01-22_17h41m33.475s.wav,0,1,19,-0.7419398354242546,0.0009420071329599185,-0.45583970799861584,-0.14153294097057292,3.1337266132099084,0.9848034818193621,-0.7781181388093368,0.8909861036235728,1.3187572744076979,3.1337266132099084,spectral_flatness_mean,0.7573808712565676,1.1070218022054004,2.6061936776756816,spectral_flatness_mean
rec2018-01-22_17h41m49.809s.wav,0,2,19,-0.7419398354242546,0.02316677687012418,-0.46680066113408236,0.03626455928388636,-0.48025523141008736,-1.7267959248779794,-1.0331516659150681,0.6440535221307833,0.8493780087881303,1.7267959248779794,spectral_flatness_std,0.5676652931952549,0.7543015316440466,1.5615128724683445,spectral_flatness_std
rec2018-01-22_17h42m07.718s.wav,0,3,19,-0.6131734177059973,-0.8306283167249269,0.3111742740546714,0.6438949361029823,0.3748874677018546,-0.5191518434789962,-0.8521135165140722,0.5921462531833573,0.6226110748123103,0.8521135165140722,spectral_rolloff_std,0.5640240294011638,0.5873162508042983,0.8068745881927329,mean_rms
rec2018-01-22_17h42m23.769s.wav,0,4,19,0.25293403480372395,-0.636840303733759,0.5262930645593182,2.4255859020328714,0.4250161619677589,-0.00030148765652565336,-1.0213055715041306,0.7554680751797268,1.0592245448965851,2.4255859020328714,spectral_centroid_std,0.6973667611692991,0.9924665053357826,2.2909103188770366,spectral_centroid_std
rec2018-01-22_17h44m03.761s.wav,0,5,19,-0.3065867088530004,0.8228902950444088,-2.3420194987173155,-0.6437173000166291,-2.714430461886111,-1.7669490322586736,1.186461447068011,1.3975792491205927,1.6286937589382224,2.714430461886111,spectral_flatness_mean,1.300186918096962,1.5229131164805605,2.621671575300789,spectral_flatness_mean
rec2018-01-22_17h44m21.408s.wav,0,6,19,-0.7419398354242527,0.6258249416994186,-0.15812577101375175,-0.06399734992681165,0.32549608116789336,-2.358374179099954,-2.9132969532466597,1.026722158796963,1.470005179903221,2.9132969532466597,spectral_rolloff_std,0.9469636863133781,1.3610863947968403,2.727669420680823,spectral_rolloff_std
rec2018-01-22_17h44m39.521s.wav,0,7,19,0.9274247942803144,0.42256756203715845,-2.3398952416631764,-1.645337569956219,-1.5489613230838166,0.31117636970569323,0.33782829631689937,1.0761701652918967,1.3000640328111581,2.3398952416631764,spectral_centroid_mean,0.9827846826946137,1.2091791184828877,2.147780837212771,spectral_centroid_mean
rec2018-01-22_17h44m56.745s.wav,0,8,19,1.6862268986914815,1.3302622674386464,-1.3968947370294658,3.0606911194730038,-1.5225898473079178,0.22465986585528291,-1.093988974426868,1.4736162443175238,1.668946103033804,3.0606911194730038,spectral_centroid_std,1.337165547188032,1.5274544826352727,2.89548686334199,spectral_centroid_std
rec2018-01-22_17h45m12.839s.wav,0,9,19,-1.821125050586803,0.9244904967756162,-1.3422877605454873,0.9900678313997553,0.09636623815703045,0.8889973173524904,0.8319247254561162,0.9850370600390427,1.098365753701363,1.821125050586803,duration_s,0.9081759315915802,1.032763984084944,1.8104751964898131,duration_s
rec2018-01-23_10h42m07.256s.wav,0,10,19,-0.42922139239419865,0.12359065323047473,-1.1114613960540194,-0.03900295365673623,0.10329716602311663,-0.29453660861048236,-0.9681751168841499,0.4384693266933111,0.5941570852706088,1.1114613960540194,spectral_centroid_mean,0.38529456536868206,0.5157776559235712,0.976758614652347,spectral_centroid_mean
rec2018-01-23_10h42m23.823s.wav,0,11,19,-0.6131734177059956,-1.324729606079974,0.5009275930050034,1.8458496975976693,-0.6932946012716549,-0.5567576018587861,1.0511903595955938,0.9408461253020969,1.0477606959912125,1.8458496975976693,spectral_centroid_std,0.8966115113422318,0.9909118550786972,1.7390412717428088,spectral_centroid_std
rec2018-01-23_10h42m45.728s.wav,0,12,19,2.2764063132335015,0.12402866379350137,-0.5004891933750453,0.29452098339139765,-1.4454661083243296,0.08934694540854579,0.7142814097687455,0.7777913738992953,1.0785038534949456,2.2764063132335015,duration_s,0.66765900695156,0.9067601087880472,1.8104751964898083,duration_s
rec2018-01-23_10h43m05.349s.wav,0,13,19,1.517604208822333,-1.7456419795078062,1.4888843509505363,-0.034414248459131644,1.1857868365198174,0.40683787188407594,0.3277405867397273,0.9581300118404895,1.1493706833441468,1.7456419795078062,mean_rms,0.8229975210231587,1.0069874220809363,1.6962547184599384,mean_rms
rec2018-01-23_10h43m22.564s.wav,0,14,19,1.5176042088223378,0.4641421594523228,1.9227030871324085,3.144558399341243,-0.10937994619115779,-3.2176648308804645,-3.2584117865911413,1.9477806312015822,2.301743546421844,3.2584117865911413,spectral_rolloff_std,1.767849510415525,2.114386605373981,3.0706839661097862,spectral_rolloff_std
rec2018-01-23_10h43m40.126s.wav,0,15,19,0.8431134493457402,-0.5452692601812928,0.13808429752861912,-0.16796742068588344,-3.0362799046169626,-1.4342397763672659,0.5680839590487436,0.961862581110644,1.3445231742159152,3.0362799046169626,spectral_flatness_mean,0.8650977812518255,1.2650538474107735,2.9390963428036296,spectral_flatness_mean
rec2018-01-23_10h43m56.234s.wav,0,16,19,-0.18395202531179955,-1.5237384808058325,0.8644191140923507,-0.706735370647273,0.16626818523395046,1.105698308044721,0.9990665721904305,0.7928397223323368,0.9142257042311979,1.5237384808058325,mean_rms,0.7109818519716764,0.8389466227284481,1.4805677067686822,mean_rms
rec2018-01-23_10h44m12.634s.wav,0,17,19,3.7096991771212635,-2.3596058364119274,3.054301793554749,0.9529208482104857,1.752837379550968,0.817928177337454,0.7113073798567385,1.9083715131490835,2.197850535932833,3.7096991771212635,duration_s,1.670625204383284,1.9179429245438557,3.0174586608163496,duration_s
rec2018-01-23_10h44m30.273s.wav,0,18,19,0.3372453797382958,-1.7991995405093695,2.177147555988506,1.2666648057569636,-0.29547227480785343,0.4832706802674158,-0.31331735213453077,0.9531882270289908,1.2020391497159468,2.177147555988506,spectral_centroid_mean,0.858365665071025,1.1137530994508202,1.9535097662386969,spectral_centroid_mean
rec2018-01-23_10h45m25.926s.wav,0,19,19,-0.8093889113719158,-0.7143671371802939,0.28219969146836504,-0.19736114701843097,0.9137579963375099,0.0003013529560938931,0.43020947331022114,0.4782265299489758,0.5737163139644214,0.9137579963375099,spectral_flatness_mean,0.4111250472360468,0.49744277853745883,0.7454897867899266,duration_s
rec2018-01-23_10h45m44.127s.wav,0,20,19,0.5058680696074443,-0.0009406933420359133,-0.7406271802667241,-1.4479329531117655,-3.206896026714933,-2.115746279449469,-0.3787427568868341,1.1995362799113154,1.5948556749153402,3.206896026714933,spectral_flatness_mean,1.090835601341778,1.508061693607049,3.10736689325002,spectral_flatness_mean
