session,score,n_usable,n_calibration_excluded,n,median,mean,sd,min,p05,p25,p50,p75,p95,max
2018-01-22#1,mean_abs_z,9,9,0,,,,,,,,,,
2018-01-22#1,rms_z,9,9,0,,,,,,,,,,
2018-01-22#1,max_abs_z,9,9,0,,,,,,,,,,
2018-01-23#1,mean_abs_z,50,11,39,1.1954386377670174,1.473891269446108,0.8504550556127258,0.38990686953909914,0.6586731276607128,0.8449736118846494,1.1954386377670174,1.8198143940664862,3.179340428661094,3.703365550324943
2018-01-23#1,rms_z,50,11,39,1.4156578753849218,1.853510292585867,1.0822134790767814,0.5181083856363721,0.8549502638729336,1.0340667372501287,1.4156578753849218,2.6111858075616574,3.8658636240587523,4.759787121245631
2018-01-23#1,max_abs_z,50,11,39,2.610338067288439,3.4625384825101353,2.1009665349129385,1.0055358367351117,1.5050012801736867,1.9784883209305706,2.610338067288439,4.774703432856107,7.542036510050511,9.395488091496485
2018-01-23#2,mean_abs_z,27,0,27,1.54704017082528,1.577928821553474,0.5184712837285118,0.4786231006886851,0.7481528192999225,1.2966882951305239,1.54704017082528,1.765756520797188,2.5774836492757767,2.806776354619133
2018-01-23#2,rms_z,27,0,27,1.8515676242239905,1.916086494568147,0.6204313407705737,0.6244824401484318,0.916270395538995,1.53511316442213,1.8515676242239905,2.12025070983249,3.0049193421286016,3.2758215405420614
2018-01-23#2,max_abs_z,27,0,27,3.443275288775362,3.58078316272993,1.38133576836058,1.1647131262830857,1.605432020023091,2.8074646846281786,3.443275288775362,4.1748279149451575,6.210405246135967,7.036702912616507
2018-01-23#3,mean_abs_z,29,0,29,1.457939010239434,1.7860449664309992,1.0555921519434224,0.3087030612075936,0.6528036534656261,1.1544536690638108,1.457939010239434,2.0585596946847025,4.130862947337495,4.48385874006246
2018-01-23#3,rms_z,29,0,29,1.9022385205370504,2.201122060536298,1.2945218518255555,0.36605972694005057,0.8444735540985252,1.5457054571381252,1.9022385205370504,2.324913189214621,5.3216259594050985,5.385242362239065
2018-01-23#3,max_abs_z,29,0,29,3.34729782213896,4.179148535449517,2.596997496519117,0.6287878793204903,1.6376801609883997,2.7482017334246214,3.34729782213896,4.664003778203658,10.119394735155844,11.598785220337275
2018-02-01#1,mean_abs_z,2,0,2,1.6271340070128093,1.6271340070128093,0.5832166842846892,1.214737534653972,1.2559771818898557,1.4209357708333907,1.6271340070128093,1.833332243192228,1.998290832135763,2.039530479371647
2018-02-01#1,rms_z,2,0,2,2.420780569221845,2.420780569221845,1.2747749189727784,1.5193785795296617,1.60951877849888,1.9700795743757533,2.420780569221845,2.8714815640679365,3.23204235994481,3.322182558914028
2018-02-01#1,max_abs_z,2,0,2,5.714464651029206,5.714464651029206,3.640917924043002,3.139946897194752,3.3973986725781975,4.427205774111979,5.714464651029206,7.001723527946433,8.031530629480214,8.28898240486366
2018-02-01#4,mean_abs_z,2,0,2,1.1705332623258997,1.1705332623258997,0.17922390557561158,1.0438028233426473,1.0564758672409726,1.1071680428342736,1.1705332623258997,1.2338984818175258,1.2845906574108268,1.2972637013091521
2018-02-01#4,rms_z,2,0,2,1.5943292055034002,1.5943292055034002,0.29036961846463266,1.3890068792365078,1.409539111863197,1.491668042369954,1.5943292055034002,1.6969903686368462,1.7791192991436031,1.7996515317702924
2018-02-01#4,max_abs_z,2,0,2,2.829645880019771,2.829645880019771,0.5627283620161898,2.4317368392721246,2.4715277433468894,2.630691359645948,2.829645880019771,3.028600400393594,3.187764016692652,3.227554920767417
2018-02-02#1,mean_abs_z,8,0,8,1.7325472313659507,1.8395005066399828,1.2748450641419673,0.598916401146105,0.6049824786442501,0.7402191504448445,1.7325472313659507,2.5236291416733745,3.616131933649688,4.193729053437991
2018-02-02#1,rms_z,8,0,8,1.9940437684465424,2.1752067528308427,1.402052235595271,0.7182395685537013,0.7461239226293571,1.0432555585864984,1.9940437684465424,3.1181403134382477,4.038474185526465,4.525382939866097
2018-02-02#1,max_abs_z,8,0,8,3.225491928196418,3.715417171102124,2.307655573908961,1.3844810326098582,1.456326983688049,1.7005114471454934,3.225491928196418,5.373014080692636,6.936342647529526,7.624734220842812
2018-02-02#2,mean_abs_z,9,0,9,1.7397979164793382,1.7805656953292461,0.36238694849838166,1.3750894291772566,1.3785883723118417,1.4620326479100978,1.7397979164793382,2.1346479171938775,2.2342034393051775,2.2834181052384044
2018-02-02#2,rms_z,9,0,9,2.1170162896834843,2.173272469071035,0.35515383693532304,1.6377026993423718,1.734011728829485,1.9597069091577257,2.1170162896834843,2.3930519222060593,2.6932182455077767,2.838799551938187
2018-02-02#2,max_abs_z,9,0,9,4.159916701930334,4.157998061179155,0.9763540742066478,2.8664913503509863,3.011190411736447,3.427900365167022,4.159916701930334,4.612025834474329,5.609042091429972,6.02653328172617
2018-02-05#1,mean_abs_z,27,0,27,2.1451755842835225,2.212183447482762,0.6051588598124583,1.1974771866016487,1.3193434489165832,1.8352835540292387,2.1451755842835225,2.6040230735510175,3.126953646126273,3.7305613266987705
2018-02-05#1,rms_z,27,0,27,2.715724573328102,2.704941320558813,0.6975572393651712,1.4835584545535516,1.6896598415077657,2.1977055266290573,2.715724573328102,3.186246157636738,3.8051927266544747,4.313667744446748
2018-02-05#1,max_abs_z,27,0,27,4.337376704402331,4.801332611866,1.4496570626098446,2.406052198623528,2.88173902032574,3.6857129357261873,4.337376704402331,5.751999903078925,6.926391949606242,8.226553863726672
2018-02-06#1,mean_abs_z,4,0,4,1.6867548928010363,1.4939214806778098,0.40899757841522977,0.8809472757637992,1.000986042717296,1.4811411105312837,1.6867548928010363,1.6995352629475622,1.716890141665806,1.721228861345367
2018-02-06#1,rms_z,4,0,4,1.9295800956804483,1.7957821854437022,0.41645902291776776,1.1900011082306976,1.2949655726945262,1.7148234305498402,1.9295800956804483,2.0105388505743105,2.109281723861434,2.133967442183215
2018-02-06#1,max_abs_z,4,0,4,2.982599092823489,2.9482286229388572,0.3341531146934625,2.5204654696230726,2.5745127474068847,2.790701858542133,2.982599092823489,3.1401258572202133,3.273825840632345,3.307250836485378
2018-02-06#2,mean_abs_z,1,0,1,2.2056590932708238,2.2056590932708238,,2.2056590932708238,2.2056590932708238,2.2056590932708238,2.2056590932708238,2.2056590932708238,2.2056590932708238,2.2056590932708238
2018-02-06#2,rms_z,1,0,1,2.366617433007521,2.366617433007521,,2.366617433007521,2.366617433007521,2.366617433007521,2.366617433007521,2.366617433007521,2.366617433007521,2.366617433007521
2018-02-06#2,max_abs_z,1,0,1,3.5680057521061226,3.5680057521061226,,3.5680057521061226,3.5680057521061226,3.5680057521061226,3.5680057521061226,3.5680057521061226,3.5680057521061226,3.5680057521061226
2018-02-06#3,mean_abs_z,13,0,13,2.320181703612628,2.369151582777689,0.46318184083491726,1.5661635033799464,1.7481722496309493,1.997508494320351,2.320181703612628,2.6636337844667604,3.0072714769867956,3.0790749823498293
2018-02-06#3,rms_z,13,0,13,2.7081981718932338,2.8415094846319544,0.6631337892446053,1.910007991222948,2.0556350332020537,2.2118631167882494,2.7081981718932338,3.322521140766161,3.7506301899562478,4.10668832086494
2018-02-06#3,max_abs_z,13,0,13,4.508438234396206,4.942995786276688,1.9711244926156872,3.102715095530235,3.1793594838658916,3.656449906636295,4.508438234396206,5.314036892616009,8.345491944454173,10.275451630087167
2018-02-08#1,mean_abs_z,9,0,9,2.31615189095834,2.1048835431486292,0.5708700297506879,1.2790728027469347,1.3343662485300423,1.441373129562343,2.31615189095834,2.390100981521082,2.7368454749857913,2.7488700076694044
2018-02-08#1,rms_z,9,0,9,2.519679218179185,2.4762929068540185,0.7112241563928446,1.5904262921552212,1.6144788368002048,1.7604394352763477,2.519679218179185,2.911690419269864,3.4577462173675513,3.5344582032660927
2018-02-08#1,max_abs_z,9,0,9,3.789832848599672,4.219319473021788,1.6565728211917894,2.358379336214602,2.728375858441474,3.335341648376364,3.789832848599672,4.750439364201368,6.837342651340767,8.124593879573304
2018-02-09#1,mean_abs_z,4,0,4,1.7374422600608046,1.7104747552015849,0.21247170822489989,1.4292748677356417,1.469448181659955,1.6301414373572078,1.7374422600608046,1.8177755779051816,1.9137468219403078,1.9377396329490892
2018-02-09#1,rms_z,4,0,4,1.952420088029624,1.9288314162918234,0.2639697353082646,1.6498092280112286,1.6658986345955633,1.7302562609329022,1.952420088029624,2.150995243388545,2.158740057555162,2.160676261096816
2018-02-09#1,max_abs_z,4,0,4,2.7237579857122505,2.966308654437464,0.6384998481123844,2.5061815274037764,2.5372784260171963,2.661666020470875,2.7237579857122505,3.02840061967884,3.7349098190730317,3.91153711892158
2018-05-02#1,mean_abs_z,11,0,11,2.9459395894196954,2.696207788013227,0.8316923717545616,1.4540108401489515,1.5347288951422011,1.998358742760951,2.9459395894196954,3.241690074899396,3.7630211522432653,3.9527585652852664
2018-05-02#1,rms_z,11,0,11,3.740728940628835,3.4362020790781673,0.8936997380431864,2.1063902872629967,2.12303960461697,2.82661281269191,3.740728940628835,3.8911903916285535,4.631648080728386,4.649847909412284
2018-05-02#1,max_abs_z,11,0,11,6.874284498190313,6.5133313043615395,1.2861148435728358,4.484242860886694,4.576831850148466,5.529547933719542,6.874284498190313,7.491279109899677,7.995312739459459,8.051871878388033
2018-05-03#1,mean_abs_z,4,0,4,2.0627132630768554,1.90213905964896,0.5277553839687696,1.1503094457231189,1.2678220487199514,1.737872460707281,2.0627132630768554,2.226979862018535,2.3116521857789154,2.3328202667190108
2018-05-03#1,rms_z,4,0,4,2.620514939436708,2.334102539755688,0.7032303951268838,1.2909620950363652,1.4796849550832858,2.2345763952709685,2.620514939436708,2.7200410839214277,2.7875427648746616,2.80441818511297
2018-05-03#1,max_abs_z,4,0,4,4.346925971039903,4.011483458626855,1.442909861170056,1.9796236474840612,2.313448439874213,3.648747609434819,4.346925971039903,4.709661820231939,5.239898960001229,5.372458244943552
2018-05-03#2,mean_abs_z,57,0,57,2.430873590386677,2.558320279262576,1.200910380970234,1.1533691812286633,1.3052482326590402,1.9605564136904865,2.430873590386677,2.9492488594530575,3.5469874457279613,9.543405759070314
2018-05-03#2,rms_z,57,0,57,2.887688958570363,3.1412413811234994,1.3754191633592214,1.430056718743553,1.5284673238173268,2.4008951646024643,2.887688958570363,3.6452964136586767,4.533592955069159,10.991546714868658
2018-05-03#2,max_abs_z,57,0,57,5.275039081353229,5.568056148109579,2.5461116812588593,2.4866151128868834,2.8245915821742864,4.457405168741825,5.275039081353229,6.259949855567104,7.738003341901259,20.924289190708677
2018-05-03#3,mean_abs_z,52,0,52,1.9170975811177273,1.901868880006794,0.5669345051932096,0.9894896094924919,1.1179728173128007,1.4948324191552396,1.9170975811177273,2.273220863280811,2.8151171810188567,3.2057451456978012
2018-05-03#3,rms_z,52,0,52,2.4292464893318275,2.403784213274547,0.7202153347759972,1.273755365722068,1.375941977997146,1.8580432037472212,2.4292464893318275,2.874783691428285,3.725662991968855,4.152992889782067
2018-05-03#3,max_abs_z,52,0,52,4.3294767536475405,4.416668102115614,1.5747998917358828,2.0715412535270294,2.466935590571172,3.1081671225789234,4.3294767536475405,5.223392427840265,7.359556979992311,9.711908802194944
