group,metric,n,median,mean,sd,min,p05,p25,p50,p75,p95,max
calibration_in_sample,top1_share_mean_abs,20,0.31077105090614987,0.33826265035496167,0.08320067917363945,0.20436682181010943,0.24594863298449582,0.2828627857150112,0.31077105090614987,0.39646076933353624,0.4856567819713899,0.4915801238911589
calibration_in_sample,top1_share_rms,20,0.4478208272167632,0.4999988107086951,0.15195816889882424,0.2696311104876599,0.2997193718673075,0.41885772957931094,0.4478208272167632,0.5819352117145538,0.7721353404345447,0.7917771887073004
calibration_in_sample,mean_abs_without_top,20,0.8041004406094917,0.7720269079192114,0.09706745903591268,0.5931565221269812,0.6000670877000451,0.7041291024442079,0.8041004406094917,0.836660083332487,0.8797265948514216,0.9282387078882056
calibration_in_sample,rms_without_top,20,0.8026235823348209,0.7539064881144034,0.1254873783498506,0.4928758598012446,0.5155724879746216,0.6982827270283279,0.8026235823348209,0.8233887588702039,0.9038664804133762,0.9230910235531472
calibration_in_sample,max_abs_without_top,20,0.7583048901300193,0.7094664640974617,0.18803627902736655,0.3414896546267415,0.36839013017623123,0.5993123205491413,0.7583048901300193,0.8253989589078568,0.9668057938842542,0.9689446345328213
calibration_leave_one_out,top1_share_mean_abs,20,0.30366237947168007,0.3324057919882094,0.08257404253072284,0.20557506140541174,0.23731306129594895,0.2741552046050272,0.30366237947168007,0.38860305182691796,0.46086113368951004,0.5024491724819243
calibration_leave_one_out,top1_share_rms,20,0.4657056540653284,0.4922106684154987,0.15196492059966565,0.26758587552469115,0.28535094189216365,0.39578709998414247,0.4657056540653284,0.5808138590899388,0.752010170809457,0.8066672683471038
calibration_leave_one_out,mean_abs_without_top,20,0.8123938906163732,0.7788599093470892,0.09633638295250999,0.580475965437755,0.6289953440289049,0.7132964395352623,0.8123938906163732,0.8468189279608016,0.8898014284880597,0.9268290950270197
calibration_leave_one_out,rms_without_top,20,0.7895180171375726,0.7600543343204564,0.12455519059636658,0.4749261559390529,0.5376933269280629,0.6993059425513816,0.7895180171375726,0.8395912951630788,0.9130994107672206,0.9243825751393162
calibration_leave_one_out,max_abs_without_top,20,0.7313567347172935,0.7222885643235861,0.18203089762595648,0.31425953931910405,0.4157154226083753,0.6258092996210878,0.7313567347172935,0.8644443051323148,0.9754214313924384,0.9874948415426323
calibration_session_other,top1_share_mean_abs,39,0.3318693782139457,0.33702031519472336,0.06560400565671674,0.23641214570094135,0.26085787664947513,0.27802797833224124,0.3318693782139457,0.3787576378952908,0.46287882531933866,0.49533343495901966
calibration_session_other,top1_share_rms,39,0.4952538136562335,0.5038630821016833,0.12286462358161013,0.31243920301770167,0.3522545451851422,0.4240771544630302,0.4952538136562335,0.5485391852102124,0.7557088432059731,0.8100935446944489
calibration_session_other,mean_abs_without_top,39,0.7794857254170633,0.7734762989394895,0.0765380065995029,0.5887776592144771,0.6266413704607716,0.7247827557888273,0.7794857254170633,0.8423006919457185,0.8623324772422792,0.8908524966822351
calibration_session_other,rms_without_top,39,0.7673790137437916,0.754031740845836,0.10262847948538531,0.47069898150496303,0.5337931438921738,0.7257430321029563,0.7673790137437916,0.8196982702253655,0.8692921730395231,0.8956306510755506
calibration_session_other,max_abs_without_top,39,0.7518931585970144,0.7265511733225792,0.1837856892802256,0.31497108999426743,0.3870864913812504,0.6208679014260263,0.7518931585970144,0.8520527181202155,0.968700629214132,0.9979703011998412
other_session,top1_share_mean_abs,259,0.31546279143058953,0.3240036715265597,0.0753910199025546,0.19553078176451485,0.23104960673177005,0.26906018576220514,0.31546279143058953,0.35579827466567393,0.4789033041401087,0.616703191504023
other_session,top1_share_rms,259,0.454884843026889,0.47848526497033705,0.14276001904620234,0.23148937962336097,0.3004488487623076,0.37393704014014034,0.454884843026889,0.5612887191718574,0.7787391525674673,0.894376361471482
other_session,mean_abs_without_top,259,0.7986267433309788,0.7886623832190137,0.08795618988631371,0.44717960991197314,0.6079461451698731,0.7515686795567137,0.7986267433309788,0.8527631166107608,0.8971087921462683,0.9385474212747326
other_session,rms_without_top,259,0.7974758197809487,0.7708854090125811,0.11926635912172187,0.3510378587606628,0.5080715785592371,0.7154225675454083,0.7974758197809487,0.8546383939649924,0.9034062065753047,0.9468873870596997
other_session,max_abs_without_top,259,0.7436927270527887,0.731229201930468,0.18535818565767403,0.22184769831364617,0.36899614664649266,0.5969084888396654,0.7436927270527887,0.8938024625709866,0.9815943221064143,0.9992687320983639
