feature,n_drug_overlap,n_no_drug_overlap,median_drug_overlap,median_no_drug_overlap,median_overlap_fraction,cliffs_delta,mannwhitney_p
duration_s,11,278,1.3520000000000003,1.672,0.0406924460431656,-0.4924787442773054,0.005636351294179836
mean_rms,11,278,0.1772032380104065,0.18233401328325272,0.0406924460431656,-0.08371484630477433,0.6390617427464887
peak_rms,11,278,0.2706754207611084,0.2753587067127228,0.0406924460431656,-0.12688031393067367,0.4765928257148728
total_energy,11,278,0.0578002668917179,0.06504670158028594,0.0406924460431656,-0.2956180510137345,0.0967434016430261
time_to_peak_s,11,278,1.0399999618530271,0.7279999852180481,0.0406924460431656,0.23479398299542176,0.18723324253626983
spectral_centroid_mean,11,278,0.3788205981254577,0.37133038043975825,0.0406924460431656,0.09156311314584697,0.6078441190043697
spectral_centroid_std,11,278,0.0412683598697185,0.03941850550472735,0.0406924460431656,0.039895356442118945,0.823885491561184
spectral_flatness_mean,11,278,0.1539118736982345,0.13070101290941233,0.0406924460431656,0.3499018966644867,0.049279223502578226
spectral_flatness_std,11,278,0.0618907734751701,0.05601942166686055,0.0406924460431656,0.18443427076520602,0.3004341537463363
spectral_rolloff_mean,11,278,0.6474184989929199,0.6470162868499756,0.0406924460431656,0.14257684761281886,0.42366580287823685
spectral_rolloff_std,11,278,0.0826358348131179,0.0816068388521671,0.0406924460431656,-0.01962066710268151,0.9135861667969618
zcr_mean,11,278,0.3687030971050262,0.36065998673439026,0.0406924460431656,0.15631131458469594,0.3803093013354132
zcr_std,11,278,0.0626826584339141,0.06018711626529685,0.0406924460431656,0.08109875735775018,0.6496150959454542
