feature_a,feature_b,spearman_rho,abs_spearman_rho,pearson_r,n,within_session_rho
duration_s,mean_rms,-0.012795901859542764,0.012795901859542764,-0.11686454555290188,318,-0.13625294239830732
duration_s,peak_rms,-0.1631724254669888,0.1631724254669888,-0.22014377843128155,318,-0.19149093449475535
duration_s,total_energy,0.5648508931713486,0.5648508931713486,0.5432175543076481,318,0.43148932960702474
duration_s,time_to_peak_s,0.30515188538353344,0.30515188538353344,0.481346768544739,318,0.2080774601629957
duration_s,spectral_centroid_mean,0.1526169306481088,0.1526169306481088,0.22871223622445708,318,0.18531386272002354
duration_s,spectral_centroid_std,-0.04185700582906909,0.04185700582906909,-0.047566790442992425,318,-0.08839616147762323
duration_s,spectral_flatness_mean,-0.23374683327766876,0.23374683327766876,-0.1570841022489347,318,-0.15811202730287813
duration_s,spectral_flatness_std,-0.07072237506172065,0.07072237506172065,-0.012002795554707058,318,-0.05721792107011445
duration_s,spectral_rolloff_mean,0.06409165093437895,0.06409165093437895,0.07041514927880656,318,0.04334728942378636
duration_s,spectral_rolloff_std,0.2162258687471255,0.2162258687471255,0.2431877122708761,318,0.14720585036554734
duration_s,zcr_mean,0.2942471529626402,0.2942471529626402,0.352956118525383,318,0.18830210853279994
duration_s,zcr_std,-0.05450773931369425,0.05450773931369425,-0.09741458631317418,318,-0.17389628199733526
mean_rms,peak_rms,0.793453106519447,0.793453106519447,0.6793821813165224,318,0.7292318325997318
mean_rms,total_energy,0.7296320807893395,0.7296320807893395,0.7127521156681151,318,0.701719149268816
mean_rms,time_to_peak_s,-0.007124461163817598,0.007124461163817598,-0.032913065525952856,318,-0.09467244003293632
mean_rms,spectral_centroid_mean,-0.8386235779740682,0.8386235779740682,-0.8329155224139613,318,-0.760620078690772
mean_rms,spectral_centroid_std,-0.018603721714579236,0.018603721714579236,-0.07120992142040272,318,-0.07828125359899317
mean_rms,spectral_flatness_mean,-0.43279462205470304,0.43279462205470304,-0.40271680450686004,318,-0.4557914974986428
mean_rms,spectral_flatness_std,-0.49800868324191033,0.49800868324191033,-0.4686329914695785,318,-0.35326411006538766
mean_rms,spectral_rolloff_mean,-0.5958838843560401,0.5958838843560401,-0.5750688645656737,318,-0.5854055055486794
mean_rms,spectral_rolloff_std,-0.10358933329651411,0.10358933329651411,-0.13064336753422612,318,-0.14036884140689548
mean_rms,zcr_mean,-0.6288943093587316,0.6288943093587316,-0.658867279279305,318,-0.6741679874372242
mean_rms,zcr_std,-0.489579941782089,0.489579941782089,-0.44106394555011713,318,-0.4919610826225548
peak_rms,total_energy,0.5540032603672084,0.5540032603672084,0.47195866731406333,318,0.5385442229375084
peak_rms,time_to_peak_s,-0.07155435459380788,0.07155435459380788,-0.14204569251904586,318,-0.10254611042005468
peak_rms,spectral_centroid_mean,-0.779184288739344,0.779184288739344,-0.6053337440265512,318,-0.6815044468052172
peak_rms,spectral_centroid_std,0.19420007653671906,0.19420007653671906,0.24313042408968352,318,0.18757282742495157
peak_rms,spectral_flatness_mean,-0.36777348862836384,0.36777348862836384,-0.2995906704572739,318,-0.3856109352191188
peak_rms,spectral_flatness_std,-0.31414255644956196,0.31414255644956196,-0.14287950316774298,318,-0.19882576306613972
peak_rms,spectral_rolloff_mean,-0.4839126421606118,0.4839126421606118,-0.36037300426751506,318,-0.4330042006380792
peak_rms,spectral_rolloff_std,0.01871082087776907,0.01871082087776907,0.037670208246227556,318,0.028827137380241827
peak_rms,zcr_mean,-0.66067962442152,0.66067962442152,-0.5832689237608832,318,-0.6034063879226597
peak_rms,zcr_std,-0.315573655023893,0.315573655023893,-0.1369715680948908,318,-0.23355958371122013
total_energy,time_to_peak_s,0.2504896879959435,0.2504896879959435,0.2601034645264202,318,0.06932361023958329
total_energy,spectral_centroid_mean,-0.5434235796160066,0.5434235796160066,-0.5776950338641054,318,-0.5312924896603908
total_energy,spectral_centroid_std,-0.004323335732180444,0.004323335732180444,-0.003114393451701031,318,-0.049227772138353935
total_energy,spectral_flatness_mean,-0.49877740894285477,0.49877740894285477,-0.45715157684179514,318,-0.4903036332703262
total_energy,spectral_flatness_std,-0.360015702901697,0.360015702901697,-0.34320999522009804,318,-0.2383576665029659
total_energy,spectral_rolloff_mean,-0.3943258714074901,0.3943258714074901,-0.45600658489983964,318,-0.45507417554970614
total_energy,spectral_rolloff_std,0.12865613500017445,0.12865613500017445,0.09545508674377694,318,0.06565378990467378
total_energy,zcr_mean,-0.3252189235638497,0.3252189235638497,-0.3464393114590908,318,-0.4564768965568538
total_energy,zcr_std,-0.44887890125960933,0.44887890125960933,-0.42581927941928605,318,-0.5023807142230221
time_to_peak_s,spectral_centroid_mean,0.10905881534871452,0.10905881534871452,0.11249530537518367,318,0.11074075089438137
time_to_peak_s,spectral_centroid_std,-0.058060197480348005,0.058060197480348005,-0.08587689450720054,318,0.016728531061534917
time_to_peak_s,spectral_flatness_mean,0.052091861228033574,0.052091861228033574,0.05238812716615943,318,0.03489942048143285
time_to_peak_s,spectral_flatness_std,0.03507820313317075,0.03507820313317075,0.03689192376840163,318,0.1223967401758287
time_to_peak_s,spectral_rolloff_mean,0.11488571475743319,0.11488571475743319,0.09831636993994464,318,0.007373838899658646
time_to_peak_s,spectral_rolloff_std,0.11796616442883502,0.11796616442883502,0.12590997725390643,318,0.1208323625150281
time_to_peak_s,zcr_mean,0.186461340855423,0.186461340855423,0.19607746525095654,318,0.1208977800755323
time_to_peak_s,zcr_std,-0.023249194294445257,0.023249194294445257,-0.07680502036892221,318,0.02853284152976314
spectral_centroid_mean,spectral_centroid_std,0.050183421310755684,0.050183421310755684,0.06648573885328839,318,0.11479377220668216
spectral_centroid_mean,spectral_flatness_mean,0.5795768239649864,0.5795768239649864,0.5579953645593098,318,0.5334169387190868
spectral_centroid_mean,spectral_flatness_std,0.428353178708761,0.428353178708761,0.38475419998170796,318,0.26936539327699677
spectral_centroid_mean,spectral_rolloff_mean,0.8109677379630523,0.8109677379630523,0.7823695018915567,318,0.7977260973000184
spectral_centroid_mean,spectral_rolloff_std,-0.0768074523105525,0.0768074523105525,-0.09274143339848208,318,-0.09103147578116133
spectral_centroid_mean,zcr_mean,0.8454118737147868,0.8454118737147868,0.8451489735271615,318,0.8369730343295768
spectral_centroid_mean,zcr_std,0.477088895477374,0.477088895477374,0.5035088610254828,318,0.38249325486766406
spectral_centroid_std,spectral_flatness_mean,0.05850058559359524,0.05850058559359524,0.09601351505257591,318,0.14529996281175728
spectral_centroid_std,spectral_flatness_std,0.16368689055864902,0.16368689055864902,0.22705672501065227,318,0.2099777617337349
spectral_centroid_std,spectral_rolloff_mean,0.09065869530455999,0.09065869530455999,0.11393767939951559,318,0.1584207347066334
spectral_centroid_std,spectral_rolloff_std,0.3552081819282663,0.3552081819282663,0.3674891106432032,318,0.3619987648439263
spectral_centroid_std,zcr_mean,0.07708098431967496,0.07708098431967496,0.1065678992761763,318,0.12252772622821412
spectral_centroid_std,zcr_std,0.22487932219290574,0.22487932219290574,0.25339243021243135,318,0.2696026507983867
spectral_flatness_mean,spectral_flatness_std,0.42753183634576164,0.42753183634576164,0.420433923735308,318,0.4278999378996216
spectral_flatness_mean,spectral_rolloff_mean,0.7280117861323003,0.7280117861323003,0.7384224650509076,318,0.6677088861698561
spectral_flatness_mean,spectral_rolloff_std,-0.28590046979962197,0.28590046979962197,-0.24188645852500387,318,-0.16383877170849195
spectral_flatness_mean,zcr_mean,0.6264683453869647,0.6264683453869647,0.6410656192121899,318,0.6393552189034597
spectral_flatness_mean,zcr_std,0.5948449851563172,0.5948449851563172,0.5876015525963703,318,0.583602637923395
spectral_flatness_std,spectral_rolloff_mean,0.2914729847958371,0.2914729847958371,0.30754859100542387,318,0.21724703553678945
spectral_flatness_std,spectral_rolloff_std,0.3740083764979656,0.3740083764979656,0.3896517682631587,318,0.43106412552726525
spectral_flatness_std,zcr_mean,0.3420745406444123,0.3420745406444123,0.2753041498058136,318,0.2502524146023676
spectral_flatness_std,zcr_std,0.4622804770353459,0.4622804770353459,0.39837384620652894,318,0.4403278840321437
spectral_rolloff_mean,spectral_rolloff_std,-0.2536445901208672,0.2536445901208672,-0.20635359982413037,318,-0.1949796886242174
spectral_rolloff_mean,zcr_mean,0.7587615605057095,0.7587615605057095,0.7190500865213505,318,0.7667503122923907
spectral_rolloff_mean,zcr_std,0.5570371147112269,0.5570371147112269,0.5501946166571036,318,0.5200328359696604
spectral_rolloff_std,zcr_mean,-0.03285462743951463,0.03285462743951463,-0.03647032441245974,318,-0.06674593801353541
spectral_rolloff_std,zcr_std,0.12919163081612361,0.12919163081612361,0.13453083298672378,318,0.16753565355190697
zcr_mean,zcr_std,0.6229564630706599,0.6229564630706599,0.6142605472617778,318,0.5294747124316631
