grouping,group,feature,n,tested,median,mad_scaled,median_z_vs_pooled,mad_ratio_vs_pooled
date,2018-01-22,duration_s,9,True,1.56,0.11860799999999977,-0.24281667341157456,0.39999999999999936
date,2018-01-23,duration_s,106,True,1.608,0.2372160000000002,-0.08093889113719152,0.8000000000000009
date,2018-02-01,duration_s,2,False,1.4720000000000002,0.01186079999999968,-0.539592607581276,0.03999999999999893
date,2018-02-02,duration_s,19,True,1.5440000000000005,0.4032671999999993,-0.2967759341697008,1.359999999999998
date,2018-02-05,duration_s,27,True,1.3840000000000003,0.3083807999999976,-0.8363685417509775,1.0399999999999923
date,2018-02-06,duration_s,18,True,0.936,0.21349440000000017,-2.347227842978552,0.7200000000000008
date,2018-02-08,duration_s,9,True,1.576,0.3083807999999996,-0.18885741265344688,1.039999999999999
date,2018-02-09,duration_s,4,False,1.4480000000000002,0.2372160000000007,-0.6205314987184676,0.8000000000000026
date,2018-05-02,duration_s,11,True,1.6879999999999995,0.2846592000000012,0.18885741265344463,0.9600000000000044
date,2018-05-03,duration_s,113,True,1.7200000000000002,0.18977279999999982,0.29677593416970227,0.6399999999999996
date,2018-01-22,mean_rms,9,True,0.182725578546524,0.008187422078847803,-0.03706851249792793,0.2814243368058439
date,2018-01-23,mean_rms,106,True,0.1782876700162887,0.016838995729386744,-0.1896117004389879,0.5788028466080983
date,2018-02-01,mean_rms,2,False,0.17490202933549875,0.006359237743914086,-0.3059855326511758,0.2185845858973433
date,2018-02-02,mean_rms,19,True,0.1851703375577926,0.012899390655755913,0.0469646149957512,0.44338772638511365
date,2018-02-05,mean_rms,27,True,0.1990773528814315,0.030787877726554787,0.5249871875115875,1.0582644924633497
date,2018-02-06,mean_rms,18,True,0.18658276647329325,0.02473895069807774,0.09551370248656044,0.8503461439304181
date,2018-02-08,mean_rms,9,True,0.2139564752578735,0.01708865159153934,1.0364237675141248,0.5873842089416099
date,2018-02-09,mean_rms,4,False,0.1950355395674705,0.017836227352917212,0.38605888744102634,0.6130804550654568
date,2018-05-02,mean_rms,11,True,0.1872608959674835,0.05235248412787914,0.11882288837353361,1.7994996451801633
date,2018-05-03,mean_rms,113,True,0.1873696446418762,0.05532411904335026,0.12256088102552441,1.9016429544247306
date,2018-01-22,peak_rms,9,True,0.2749044299125671,0.02723761914968482,-0.0038782127496342867,0.6925488028472808
date,2018-01-23,peak_rms,106,True,0.27035045623779297,0.03579643760025501,-0.1196683998188789,0.9101669228142086
date,2018-02-01,peak_rms,2,False,0.2651202082633972,0.00823615804910664,-0.25265366381557103,0.20941409620362508
date,2018-02-02,peak_rms,19,True,0.2752003669738769,0.01595734081864365,0.0036463383648351255,0.40573433455565394
date,2018-02-05,peak_rms,27,True,0.278533786535263,0.03937101997733116,0.08840248808331633,1.0010549234253678
date,2018-02-06,peak_rms,18,True,0.28912562131881714,0.016018161365389822,0.35771246187342576,0.407280769161634
date,2018-02-08,peak_rms,9,True,0.2807661890983581,0.012298387330770492,0.14516397351449056,0.312701098288755
date,2018-02-09,peak_rms,4,False,0.26920630037784576,0.012463418018817942,-0.14875992087740383,0.31689719945355327
date,2018-05-02,peak_rms,11,True,0.2655431628227234,0.05346760112643233,-0.24189954202135655,1.3594772343255674
date,2018-05-03,peak_rms,113,True,0.2759006917476654,0.06994871002435683,0.021452927150225936,1.7785289941041147
date,2018-01-22,total_energy,9,True,0.0600308179855346,0.00927780104354023,-0.1661643481499566,0.3661221301438804
date,2018-01-23,total_energy,106,True,0.0642415434122085,0.014787133505567897,0.0,0.583532325426395
date,2018-02-01,total_energy,2,False,0.05793954804539675,0.003250535673648067,-0.24869039086157887,0.1282731801813447
date,2018-02-02,total_energy,19,True,0.0624448247253894,0.021736888939887324,-0.07090241209101368,0.8577847319665898
date,2018-02-05,total_energy,27,True,0.0674073100090026,0.020195635972916955,0.12492800875091038,0.7969635506640808
date,2018-02-06,total_energy,18,True,0.041244754567742306,0.00912765515148637,-0.9075031118572274,0.3601970479424911
date,2018-02-08,total_energy,9,True,0.0802804380655288,0.017994983781874137,0.6329295323395087,0.7101210473479123
date,2018-02-09,total_energy,4,False,0.060233838856220204,0.012629169473424549,-0.15815270473464188,0.49837438934710165
date,2018-05-02,total_energy,11,True,0.0697527378797531,0.04857332555651676,0.21748367405436997,1.9168086637626538
date,2018-05-03,total_energy,113,True,0.074208877980709,0.04605395646840344,0.3933326169585172,1.8173889011669768
date,2018-01-22,time_to_peak_s,9,True,0.5440000295639038,0.450710341322422,-0.4557370583794233,1.0270270868929168
date,2018-01-23,time_to_peak_s,106,True,0.9280000030994414,0.43291919363737086,0.419278085559855,0.9864866579206235
date,2018-02-01,time_to_peak_s,2,False,1.128000020980835,0.1660511830329895,0.8750152118493963,0.3783784110324999
date,2018-02-02,time_to_peak_s,19,True,0.7200000286102295,0.5100144615054131,-0.054688425274293115,1.162162521357497
date,2018-02-05,time_to_peak_s,27,True,0.6480000019073486,0.30838080636262893,-0.21875383691740793,0.702702849646249
date,2018-02-06,time_to_peak_s,18,True,0.4360000044107437,0.2312856047719717,-0.7018351418890366,0.5270271372346866
date,2018-02-08,time_to_peak_s,9,True,1.0880000591278076,0.3795456622123718,0.7838678816656529,0.8648651696366639
date,2018-02-09,time_to_peak_s,4,False,0.9239999949932098,0.17198163923621176,0.4101633253774339,0.3918920551624985
date,2018-05-02,time_to_peak_s,11,True,0.5680000185966492,0.20163356677293776,-0.40104863310513017,0.4594594703441669
date,2018-05-03,time_to_peak_s,113,True,0.6959999799728394,0.41512804595232006,-0.1093769863688217,0.9459462289483309
date,2018-01-22,spectral_centroid_mean,9,True,0.3786831498146057,0.01404819865822792,0.2925679512070199,0.5041085334616565
date,2018-01-23,spectral_centroid_mean,106,True,0.3764987885951996,0.017472463926672933,0.21418387096621258,0.6269855929804923
date,2018-02-01,spectral_centroid_mean,2,False,0.37445344030857086,0.01922536819875236,0.1407881602224139,0.6898871808206588
date,2018-02-02,spectral_centroid_mean,19,True,0.3603146374225616,0.015299780791997909,-0.36657163452216385,0.549020571603434
date,2018-02-05,spectral_centroid_mean,27,True,0.3624750077724457,0.024717222762107846,-0.2890484477201137,0.8869580521310069
date,2018-02-06,spectral_centroid_mean,18,True,0.3518805503845215,0.008541453775763512,-0.6692221985746717,0.3065033347893886
date,2018-02-08,spectral_centroid_mean,9,True,0.3636362254619598,0.03196014792323121,-0.2473790664184878,1.1468647113244927
date,2018-02-09,spectral_centroid_mean,4,False,0.3753560781478882,0.02379596711397175,0.17317860746019886,0.853899519501761
date,2018-05-02,spectral_centroid_mean,11,True,0.3552929162979126,0.016383195108175277,-0.5467721380306723,0.5878980401918822
date,2018-05-03,spectral_centroid_mean,113,True,0.3679105341434479,0.04618278865814217,-0.09399886918406239,1.6572329611804066
date,2018-01-22,spectral_centroid_std,9,True,0.0392467528581619,0.0034168642938137567,-0.01716686311293555,0.3806083231462235
date,2018-01-23,spectral_centroid_std,106,True,0.03872236236929885,0.006544115747138811,-0.07557930430977974,0.7289563491013675
date,2018-02-01,spectral_centroid_std,2,False,0.0479570487514138,0.028866715886257617,0.9530827075358734,3.215495666040586
date,2018-02-02,spectral_centroid_std,19,True,0.0387042090296745,0.0061127190113067316,-0.07760142504967475,0.6809025857332776
date,2018-02-05,spectral_centroid_std,27,True,0.0365064814686775,0.013487425705790519,-0.32240874831321387,1.5023793864843518
date,2018-02-06,spectral_centroid_std,18,True,0.0435387939214706,0.012986890611425057,0.46092837612096454,1.446624224276947
date,2018-02-08,spectral_centroid_std,9,True,0.0339027047157287,0.00963430157303806,-0.6124463437720694,1.073175593493123
date,2018-02-09,spectral_centroid_std,4,False,0.03848798200488085,0.013183640551194553,-0.10168719441271602,1.4685404194241665
date,2018-05-02,spectral_centroid_std,11,True,0.0385518670082092,0.005306045915186313,-0.09457097266664981,0.5910463701974608
date,2018-05-03,spectral_centroid_std,113,True,0.0409592539072036,0.01050632969364527,0.1735905380053885,1.1703117780707695
date,2018-01-22,spectral_flatness_mean,9,True,0.1621612906455993,0.007949176973104476,1.0071622637376079,0.26758575350941644
date,2018-01-23,spectral_flatness_mean,106,True,0.1434490755200386,0.025029334013164043,0.3772703640925586,0.842539199267031
date,2018-02-01,spectral_flatness_mean,2,False,0.14457295835018152,0.013222448721527991,0.4151025868468898,0.4450949974268721
date,2018-02-02,spectral_flatness_mean,19,True,0.1263759583234787,0.01449660935103885,-0.19744610595878867,0.48798588201697096
date,2018-02-05,spectral_flatness_mean,27,True,0.1273278146982193,0.02083962018191806,-0.1654046498269807,0.7015047580517989
date,2018-02-06,spectral_flatness_mean,18,True,0.1398719847202301,0.019412612856924635,0.25685808238378416,0.6534687372645178
date,2018-02-08,spectral_flatness_mean,9,True,0.1439122557640075,0.039142871126532634,0.3928619699924449,1.3176300767178246
date,2018-02-09,spectral_flatness_mean,4,False,0.15566189587116241,0.014310922211408676,0.7883791804124856,0.48173526848263126
date,2018-05-02,spectral_flatness_mean,11,True,0.0886730551719665,0.021571720173955002,-1.4666038795779455,0.7261487593963728
date,2018-05-03,spectral_flatness_mean,113,True,0.1220700070261955,0.02759419147968288,-0.3423933409186853,0.9288776114252724
date,2018-01-22,spectral_flatness_std,9,True,0.0588279403746128,0.008182523075491159,0.23772765102894075,0.6164971842631624
date,2018-01-23,spectral_flatness_std,106,True,0.05579629167914385,0.011438695088401457,0.009313643859213294,0.8618274887322661
date,2018-02-01,spectral_flatness_std,2,False,0.0580656006932258,0.009717269812524288,0.1802905668079527,0.7321298605426859
date,2018-02-02,spectral_flatness_std,19,True,0.0529512427747249,0.00819074147120114,-0.20504134450847875,0.6171163842052365
date,2018-02-05,spectral_flatness_std,27,True,0.0581270828843116,0.01728978688493369,0.184922829660991,1.3026672620085409
date,2018-02-06,spectral_flatness_std,18,True,0.0489004459232091,0.008392343467846532,-0.51024119911832,0.6323057166552712
date,2018-02-08,spectral_flatness_std,9,True,0.0501958131790161,0.0056812918983398936,-0.41264413053397275,0.42804651156983414
date,2018-02-09,spectral_flatness_std,4,False,0.05527412146329875,0.018384134208038437,-0.030028312748134178,1.3851188526824247
date,2018-05-02,spectral_flatness_std,11,True,0.0468122623860836,0.015680815000087053,-0.6675715554137449,1.181442228187661
date,2018-05-03,spectral_flatness_std,113,True,0.056820698082447,0.016462567799538416,0.08649566428872964,1.240341958161558
date,2018-01-22,spectral_rolloff_mean,9,True,0.6812580823898315,0.01992545621395111,0.7351145419367673,0.4217940060123202
date,2018-01-23,spectral_rolloff_mean,106,True,0.6665281355381012,0.03217630056738853,0.4233021937412073,0.6811272258585889
date,2018-02-01,spectral_rolloff_mean,2,False,0.6578616499900818,0.015483015668392181,0.23984483055232578,0.32775376050612737
date,2018-02-02,spectral_rolloff_mean,19,True,0.6424311399459839,0.020005254185199738,-0.08679745941222593,0.4234832173208697
date,2018-02-05,spectral_rolloff_mean,27,True,0.6180121302604675,0.05913665932416916,-0.6037136999997833,1.2518402675800504
date,2018-02-06,spectral_rolloff_mean,18,True,0.6007695496082306,0.03531692072153091,-0.9687149872579074,0.7476097566450729
date,2018-02-08,spectral_rolloff_mean,9,True,0.6855059266090393,0.0398496752500534,0.8250354557114502,0.8435618227020273
date,2018-02-09,spectral_rolloff_mean,4,False,0.6776823103427887,0.027960882157087325,0.6594204549299634,0.5918927210519128
date,2018-05-02,spectral_rolloff_mean,11,True,0.5822892189025879,0.02882279745340347,-1.3599177098990989,0.6101382609167385
date,2018-05-03,spectral_rolloff_mean,113,True,0.6328500509262085,0.06045248633623123,-0.28961569735962994,1.2796944828450583
date,2018-01-22,spectral_rolloff_std,9,True,0.0717171803116798,0.0050199264451860764,-0.531916155960736,0.296931998235838
date,2018-01-23,spectral_rolloff_std,106,True,0.0784222856163978,0.019818976072221953,-0.13530470393022048,1.1723056567405512
date,2018-02-01,spectral_rolloff_std,2,False,0.09207623451948166,0.00011618425548077657,0.6723354828081004,0.0068723762230686065
date,2018-02-02,spectral_rolloff_std,19,True,0.0808044895529747,0.02704852977097022,0.005604248186275764,1.5999385811594358
date,2018-02-05,spectral_rolloff_std,27,True,0.0816094502806663,0.013231329891085582,0.05321821225223324,0.7826419902317878
date,2018-02-06,spectral_rolloff_std,18,True,0.07707042619585985,0.0064718595899641304,-0.21526809053705268,0.3828148123948433
date,2018-02-08,spectral_rolloff_std,9,True,0.0673514008522033,0.028594223322719284,-0.7901549235830138,1.6913673859422687
date,2018-02-09,spectral_rolloff_std,4,False,0.05891961790621275,0.014375619985163205,-1.288900510033739,0.8503275127003046
date,2018-05-02,spectral_rolloff_std,11,True,0.0817266926169395,0.016396925573051037,0.06015317466006412,0.9698890867214458
date,2018-05-03,spectral_rolloff_std,113,True,0.0834014043211937,0.014731452217698138,0.15921348923698622,0.8713752266453244
date,2018-01-22,zcr_mean,9,True,0.4003302156925201,0.034744151562452315,1.0174028865626727,0.8315439666043619
date,2018-01-23,zcr_mean,106,True,0.3666083514690399,0.03467714512646198,0.2103256814312543,0.8299402780678532
date,2018-02-01,zcr_mean,2,False,0.37393680214881897,0.006748849350213963,0.38572006216247234,0.1615225788030751
date,2018-02-02,zcr_mean,19,True,0.3277613222599029,0.020085184711217962,-0.7194138950639989,0.4807057710051224
date,2018-02-05,zcr_mean,27,True,0.3458645641803741,0.0164372774541378,-0.28614265607898043,0.3933991270393093
date,2018-02-06,zcr_mean,18,True,0.32702338695526123,0.02935564553439617,-0.7370751595567049,0.7025789617002369
date,2018-02-08,zcr_mean,9,True,0.3484877049922943,0.06219058865904808,-0.2233621069041031,1.4884291730667025
date,2018-02-09,zcr_mean,4,False,0.36267662048339844,0.028447667455673217,0.11622618461249151,0.6808480038492748
date,2018-05-02,zcr_mean,11,True,0.314757764339447,0.01933563167452812,-1.0306326080525468,0.46276645525613763
date,2018-05-03,zcr_mean,113,True,0.3721117377281189,0.046028539091348644,0.3420401552011664,1.1016171715756375
date,2018-01-22,zcr_std,9,True,0.0782839730381965,0.011553252786398037,1.0894676925010982,0.6537754532289504
date,2018-01-23,zcr_std,106,True,0.0603790078312158,0.02059489370025694,0.07626154530902945,1.1654238171729079
date,2018-02-01,zcr_std,2,False,0.057416807860136004,0.018618781004101023,-0.09136342269370547,1.0535995545650778
date,2018-02-02,zcr_std,19,True,0.0499506592750549,0.006707094597816467,-0.5138578288433606,0.3795410601332474
date,2018-02-05,zcr_std,27,True,0.04999490827322,0.013271847465634293,-0.5113538665943587,0.7510272866396555
date,2018-02-06,zcr_std,18,True,0.055266646668314906,0.00981084243357181,-0.2130367413415182,0.5551759385129797
date,2018-02-08,zcr_std,9,True,0.0571545325219631,0.0205936703301967,-0.10620505917954805,1.165354589109575
date,2018-02-09,zcr_std,4,False,0.0555812995880842,0.004382128125429143,-0.19523116233833274,0.24797586050248352
date,2018-05-02,zcr_std,11,True,0.0446108765900135,0.00859502799510964,-0.8160254442847119,0.4863754326949361
date,2018-05-03,zcr_std,113,True,0.0636627227067947,0.018281688702106495,0.2620803982976647,1.0345241758305346
session,2018-01-22#1,duration_s,9,True,1.56,0.11860799999999977,-0.24281667341157456,0.39999999999999936
session,2018-01-23#1,duration_s,50,True,1.8480000000000003,0.35582400000000014,0.7284500202347237,1.2000000000000008
session,2018-01-23#2,duration_s,27,True,1.4800000000000004,0.1186080000000001,-0.5126129772022114,0.40000000000000047
session,2018-01-23#3,duration_s,29,True,1.464,0.3558240000000003,-0.5665722379603406,1.2000000000000013
session,2018-02-01#1,duration_s,2,False,1.4720000000000002,0.01186079999999968,-0.539592607581276,0.03999999999999893
session,2018-02-01#4,duration_s,2,False,1.6800000000000002,0.20163359999999966,0.16187778227438304,0.679999999999999
session,2018-02-02#1,duration_s,8,True,1.1279999999999997,0.4981536000000004,-1.6997167138810219,1.680000000000002
session,2018-02-02#2,duration_s,9,True,1.64,0.16605119999999982,0.02697963037906309,0.5599999999999995
session,2018-02-05#1,duration_s,27,True,1.3840000000000003,0.3083807999999976,-0.8363685417509775,1.0399999999999923
session,2018-02-06#1,duration_s,4,False,1.1840000000000002,0.11860800000000027,-1.5108593012275735,0.400000000000001
session,2018-02-06#2,duration_s,1,False,1.0639999999999992,0.0,-1.9155537569135341,0.0
session,2018-02-06#3,duration_s,13,True,0.8559999999999999,0.1660512000000008,-2.617024146769191,0.5600000000000028
session,2018-02-08#1,duration_s,9,True,1.576,0.3083807999999996,-0.18885741265344688,1.039999999999999
session,2018-02-09#1,duration_s,4,False,1.4480000000000002,0.2372160000000007,-0.6205314987184676,0.8000000000000026
session,2018-05-02#1,duration_s,11,True,1.6879999999999995,0.2846592000000012,0.18885741265344463,0.9600000000000044
session,2018-05-03#1,duration_s,4,False,1.5120000000000005,0.18977279999999982,-0.40469445568595613,0.6399999999999996
session,2018-05-03#2,duration_s,57,True,1.8320000000000003,0.1423296000000001,0.674490759476596,0.48000000000000054
session,2018-05-03#3,duration_s,52,True,1.6480000000000001,0.1304688000000006,0.05395926075812768,0.44000000000000217
session,2018-01-22#1,mean_rms,9,True,0.182725578546524,0.008187422078847803,-0.03706851249792793,0.2814243368058439
session,2018-01-23#1,mean_rms,50,True,0.1711558401584625,0.01641999010294678,-0.4347524136722925,0.5644004645880695
session,2018-01-23#2,mean_rms,27,True,0.1866277009248733,0.009420137250423472,0.09705822384064076,0.3237961659713931
session,2018-01-23#3,mean_rms,29,True,0.1762492656707763,0.017791412794589994,-0.2596772944139237,0.6115400547740065
session,2018-02-01#1,mean_rms,2,False,0.17490202933549875,0.006359237743914086,-0.3059855326511758,0.2185845858973433
session,2018-02-01#4,mean_rms,2,False,0.18103507161140436,0.0008494551479816642,-0.09517591046765281,0.029198122359497536
session,2018-02-02#1,mean_rms,8,True,0.18438067287206644,0.012319772833585697,0.019821656157264715,0.42346465907110314
session,2018-02-02#2,mean_rms,9,True,0.190538078546524,0.020396158200502314,0.23146871571897418,0.7010723570478501
session,2018-02-05#1,mean_rms,27,True,0.1990773528814315,0.030787877726554787,0.5249871875115875,1.0582644924633497
session,2018-02-06#1,mean_rms,4,False,0.1900669708847999,0.013937868905067423,0.21527544267306914,0.4790830954262213
session,2018-02-06#2,mean_rms,1,False,0.2040430009365081,0.0,0.6956702422329853,0.0
session,2018-02-06#3,mean_rms,13,True,0.1854767799377441,0.026717430049180983,0.05749788697275829,0.918351950142212
session,2018-02-08#1,mean_rms,9,True,0.2139564752578735,0.01708865159153934,1.0364237675141248,0.5873842089416099
session,2018-02-09#1,mean_rms,4,False,0.1950355395674705,0.017836227352917212,0.38605888744102634,0.6130804550654568
session,2018-05-02#1,mean_rms,11,True,0.1872608959674835,0.05235248412787914,0.11882288837353361,1.7994996451801633
session,2018-05-03#1,mean_rms,4,False,0.2015797272324562,0.012024418714642585,0.6110007135512989,0.41331252128634427
session,2018-05-03#2,mean_rms,57,True,0.2168460935354232,0.026029205685853873,1.1357479381199607,0.894695775688554
session,2018-05-03#3,mean_rms,52,True,0.1418451070785522,0.013758919966220876,-1.4422433600127182,0.4729321255663547
session,2018-01-22#1,peak_rms,9,True,0.2749044299125671,0.02723761914968482,-0.0038782127496342867,0.6925488028472808
session,2018-01-23#1,peak_rms,50,True,0.25283321738243103,0.023509593580663225,-0.5650649938384102,0.5977593269161645
session,2018-01-23#2,peak_rms,27,True,0.291642963886261,0.02213218383193016,0.4217188851903444,0.5627370488208231
session,2018-01-23#3,peak_rms,29,True,0.281709223985672,0.029432947057485497,0.1691417550769447,0.7483676211532918
session,2018-02-01#1,peak_rms,2,False,0.2651202082633972,0.00823615804910664,-0.25265366381557103,0.20941409620362508
session,2018-02-01#4,peak_rms,2,False,0.27448584139347076,0.014332639101147692,-0.014521322787727551,0.3644243645743471
session,2018-02-02#1,peak_rms,8,True,0.2715270668268204,0.00923462685048576,-0.0897516787438729,0.23480135084124165
session,2018-02-02#2,peak_rms,9,True,0.2782740890979767,0.029948806035518645,0.08179937243261416,0.7614839480874325
session,2018-02-05#1,peak_rms,27,True,0.278533786535263,0.03937101997733116,0.08840248808331633,1.0010549234253678
session,2018-02-06#1,peak_rms,4,False,0.2730257958173752,0.011434859284758608,-0.05164471489739231,0.2907448725553652
session,2018-02-06#2,peak_rms,1,False,0.2910551130771637,0.0,0.40677208048410984,0.0
session,2018-02-06#3,peak_rms,13,True,0.2920591533184051,0.02031949735879898,0.43230099559452884,0.5166473432556807
session,2018-02-08#1,peak_rms,9,True,0.2807661890983581,0.012298387330770492,0.14516397351449056,0.312701098288755
session,2018-02-09#1,peak_rms,4,False,0.26920630037784576,0.012463418018817942,-0.14875992087740383,0.31689719945355327
session,2018-05-02#1,peak_rms,11,True,0.2655431628227234,0.05346760112643233,-0.24189954202135655,1.3594772343255674
session,2018-05-03#1,peak_rms,4,False,0.30155906081199646,0.03411920000910763,0.6738474217227002,0.8675211658757569
session,2018-05-03#2,peak_rms,57,True,0.3125542402267456,0.05269007903337478,0.9534129116037678,1.3397078120506198
session,2018-05-03#3,peak_rms,52,True,0.2241680771112442,0.03148323795497409,-1.2939102159249203,0.8004987012870278
session,2018-01-22#1,total_energy,9,True,0.0600308179855346,0.00927780104354023,-0.1661643481499566,0.3661221301438804
session,2018-01-23#1,total_energy,50,True,0.06770548224449155,0.022368443377688604,0.13669453117305103,0.8827072383864293
session,2018-01-23#2,total_energy,27,True,0.0646235942840576,0.008175133147090714,0.0150765551414913,0.3226084659475075
session,2018-01-23#3,total_energy,29,True,0.0570596791803836,0.02111474312916408,-0.2834119225687269,0.8332335103556585
session,2018-02-01#1,total_energy,2,False,0.05793954804539675,0.003250535673648067,-0.24869039086157887,0.1282731801813447
session,2018-02-01#4,total_energy,2,False,0.0667620971798896,0.005947213335335244,0.09946651261810756,0.23468992324092514
session,2018-02-02#1,total_energy,8,True,0.0497274994850158,0.013637207072228132,-0.5727556189971883,0.5381537369756063
session,2018-02-02#2,total_energy,9,True,0.0798392668366432,0.02099484181702133,0.6155199598212179,0.8285019448044317
session,2018-02-05#1,total_energy,27,True,0.0674073100090026,0.020195635972916955,0.12492800875091038,0.7969635506640808
session,2018-02-06#1,total_energy,4,False,0.053978968411683995,0.010499911833554552,-0.40498344406398623,0.4143492697012005
session,2018-02-06#2,total_energy,1,False,0.0495019108057022,0.0,-0.5816578370356044,0.0
session,2018-02-06#3,total_energy,13,True,0.0361776947975158,0.003365333627164343,-1.1074602685084112,0.13280335614440883
session,2018-02-08#1,total_energy,9,True,0.0802804380655288,0.017994983781874137,0.6329295323395087,0.7101210473479123
session,2018-02-09#1,total_energy,4,False,0.060233838856220204,0.012629169473424549,-0.15815270473464188,0.49837438934710165
session,2018-05-02#1,total_energy,11,True,0.0697527378797531,0.04857332555651676,0.21748367405436997,1.9168086637626538
session,2018-05-03#1,total_energy,4,False,0.07633944228291506,0.004466615221649377,0.477409300331169,0.17626231386174904
session,2018-05-03#2,total_energy,57,True,0.0999301746487617,0.025430488930642623,1.408350710359747,1.0035421900289512
session,2018-05-03#3,total_energy,52,True,0.0397933088243007,0.0073340455189347216,-0.9647803055460389,0.2894173258688416
session,2018-01-22#1,time_to_peak_s,9,True,0.5440000295639038,0.450710341322422,-0.4557370583794233,1.0270270868929168
session,2018-01-23#1,time_to_peak_s,50,True,1.027999997138977,0.5633879929304123,0.6471466147495669,1.2837840096414568
session,2018-01-23#2,time_to_peak_s,27,True,0.9039999842643738,0.3558241025090214,0.3645895923754444,0.8108111972179123
session,2018-01-23#3,time_to_peak_s,29,True,0.7760000228881836,0.4032671335458755,0.07291794563913598,0.9189189406883338
session,2018-02-01#1,time_to_peak_s,2,False,1.128000020980835,0.1660511830329895,0.8750152118493963,0.3783784110324999
session,2018-02-01#4,time_to_peak_s,2,False,0.6520000100135803,0.4803624014139175,-0.20963907673498652,1.094594804125207
session,2018-02-02#1,time_to_peak_s,8,True,0.5960000157356262,0.32024163039922715,-0.33724544764841563,0.7297299365391651
session,2018-02-02#2,time_to_peak_s,9,True,1.0720000267028809,0.332102366065979,0.7474088409359672,0.7567568220649998
session,2018-02-05#1,time_to_peak_s,27,True,0.6480000019073486,0.30838080636262893,-0.21875383691740793,0.702702849646249
session,2018-02-06#1,time_to_peak_s,4,False,0.8199999928474426,0.17198163923621176,0.1731800360053008,0.3918920551624985
session,2018-02-06#2,time_to_peak_s,1,False,0.4720000028610229,0.0,-0.6198024700225382,0.0
session,2018-02-06#3,time_to_peak_s,13,True,0.3440000116825104,0.1304687992930413,-0.9114741846689643,0.29729735172083316
session,2018-02-08#1,time_to_peak_s,9,True,1.0880000591278076,0.3795456622123718,0.7838678816656529,0.8648651696366639
session,2018-02-09#1,time_to_peak_s,4,False,0.9239999949932098,0.17198163923621176,0.4101633253774339,0.3918920551624985
session,2018-05-02#1,time_to_peak_s,11,True,0.5680000185966492,0.20163356677293776,-0.40104863310513017,0.4594594703441669
session,2018-05-03#1,time_to_peak_s,4,False,0.7240000069141388,0.27279842262268067,-0.04557373300198942,0.621621790334582
session,2018-05-03#2,time_to_peak_s,57,True,0.7919999957084656,0.3439631901025772,0.10937685054858623,0.7837839089579158
session,2018-05-03#3,time_to_peak_s,52,True,0.5640000104904175,0.33210238815844056,-0.4101633932875516,0.7567568724067701
session,2018-01-22#1,spectral_centroid_mean,9,True,0.3786831498146057,0.01404819865822792,0.2925679512070199,0.5041085334616565
session,2018-01-23#1,spectral_centroid_mean,50,True,0.3878719359636307,0.01480221437215809,0.6223002978637739,0.5311657929013752
session,2018-01-23#2,spectral_centroid_mean,27,True,0.3702115416526794,0.012042910104990005,-0.011429028795054337,0.4321503346680947
session,2018-01-23#3,spectral_centroid_mean,29,True,0.3738905191421509,0.011974953693151474,0.1205881779640267,0.42971177240508357
session,2018-02-01#1,spectral_centroid_mean,2,False,0.37445344030857086,0.01922536819875236,0.1407881602224139,0.6898871808206588
session,2018-02-01#4,spectral_centroid_mean,2,False,0.3723252862691879,0.01804783999621864,0.06442103032384223,0.6476325096182874
session,2018-02-02#1,spectral_centroid_mean,8,True,0.3590465486049652,0.02351908229291443,-0.4120760019994298,0.843963725989954
session,2018-02-02#2,spectral_centroid_mean,9,True,0.3603146374225616,0.014894560861587441,-0.36657163452216385,0.534479573869962
session,2018-02-05#1,spectral_centroid_mean,27,True,0.3624750077724457,0.024717222762107846,-0.2890484477201137,0.8869580521310069
session,2018-02-06#1,spectral_centroid_mean,4,False,0.3533359467983246,0.008176177015900612,-0.6169964456780236,0.29339566624042035
session,2018-02-06#2,spectral_centroid_mean,1,False,0.3515449166297912,0.0,-0.6812661512545559,0.0
session,2018-02-06#3,spectral_centroid_mean,13,True,0.3522161841392517,0.010017782521247864,-0.6571782458947895,0.3594802279056825
session,2018-02-08#1,spectral_centroid_mean,9,True,0.3636362254619598,0.03196014792323121,-0.2473790664184878,1.1468647113244927
session,2018-02-09#1,spectral_centroid_mean,4,False,0.3753560781478882,0.02379596711397175,0.17317860746019886,0.853899519501761
session,2018-05-02#1,spectral_centroid_mean,11,True,0.3552929162979126,0.016383195108175277,-0.5467721380306723,0.5878980401918822
session,2018-05-03#1,spectral_centroid_mean,4,False,0.34967435896396637,0.02019041110575203,-0.7483896383731077,0.7245169847130066
session,2018-05-03#2,spectral_centroid_mean,57,True,0.3452703058719635,0.019153457236289976,-0.906425611490311,0.687306712626219
session,2018-05-03#3,spectral_centroid_mean,52,True,0.4078594893217087,0.020737796026468275,1.3395378922315,0.744159461042858
session,2018-01-22#1,spectral_centroid_std,9,True,0.0392467528581619,0.0034168642938137567,-0.01716686311293555,0.3806083231462235
session,2018-01-23#1,spectral_centroid_std,50,True,0.03860960155725475,0.007168788383156025,-0.08813985688027978,0.7985393304741718
session,2018-01-23#2,spectral_centroid_std,27,True,0.0410827957093715,0.0065138960212469095,0.18735199708549258,0.7255901401423289
session,2018-01-23#3,spectral_centroid_std,29,True,0.0377172492444515,0.006861675551533781,-0.18753997588606286,0.764329689760006
session,2018-02-01#1,spectral_centroid_std,2,False,0.0479570487514138,0.028866715886257617,0.9530827075358734,3.215495666040586
session,2018-02-01#4,spectral_centroid_std,2,False,0.04444314353168005,0.008508544292673427,0.5616648874605985,0.9477762349277311
session,2018-02-02#1,spectral_centroid_std,8,True,0.0304084066301584,0.013528751035965953,-1.0016801033129046,1.5069826610861592
session,2018-02-02#2,spectral_centroid_std,9,True,0.0401938371360302,0.007795358209312054,0.08832991050205227,0.8683336419717141
session,2018-02-05#1,spectral_centroid_std,27,True,0.0365064814686775,0.013487425705790519,-0.32240874831321387,1.5023793864843518
session,2018-02-06#1,spectral_centroid_std,4,False,0.03560025058686725,0.0021174354113638657,-0.4233548165938886,0.23586349119827316
session,2018-02-06#2,spectral_centroid_std,1,False,0.0270282328128814,0.0,-1.3782014333715262,0.0
session,2018-02-06#3,spectral_centroid_std,13,True,0.0457330644130706,0.015235071972012498,0.7053506125700888,1.6970516525277517
session,2018-02-08#1,spectral_centroid_std,9,True,0.0339027047157287,0.00963430157303806,-0.6124463437720694,1.073175593493123
session,2018-02-09#1,spectral_centroid_std,4,False,0.03848798200488085,0.013183640551194553,-0.10168719441271602,1.4685404194241665
session,2018-05-02#1,spectral_centroid_std,11,True,0.0385518670082092,0.005306045915186313,-0.09457097266664981,0.5910463701974608
session,2018-05-03#1,spectral_centroid_std,4,False,0.0364886503666639,0.011823072162084329,-0.32439497464638534,1.3169851896649518
session,2018-05-03#2,spectral_centroid_std,57,True,0.0423046797513961,0.009776096514612384,0.32345902280381156,1.0889702901221143
session,2018-05-03#3,spectral_centroid_std,52,True,0.0396666098386049,0.010288688569888415,0.029601474036704132,1.14606849064764
session,2018-01-22#1,spectral_flatness_mean,9,True,0.1621612906455993,0.007949176973104476,1.0071622637376079,0.26758575350941644
session,2018-01-23#1,spectral_flatness_mean,50,True,0.15123346447944636,0.027005858181416945,0.639309011912474,0.9090730946226118
session,2018-01-23#2,spectral_flatness_mean,27,True,0.1309996545314788,0.02070037139654155,-0.041802919500310856,0.6968173556595368
session,2018-01-23#3,spectral_flatness_mean,29,True,0.1400037407875061,0.022180566322803456,0.2612932643731615,0.7466437812158824
session,2018-02-01#1,spectral_flatness_mean,2,False,0.14457295835018152,0.013222448721527991,0.4151025868468898,0.4450949974268721
session,2018-02-01#4,spectral_flatness_mean,2,False,0.1305732727050781,0.006222938302159268,-0.05615581448380179,0.20947698614081553
session,2018-02-02#1,spectral_flatness_mean,8,True,0.14224965870380402,0.01996671388596288,0.33689551099394216,0.6721209250164325
session,2018-02-02#2,spectral_flatness_mean,9,True,0.1199953258037567,0.009327890177071156,-0.4122314059254721,0.31399609420318086
session,2018-02-05#1,spectral_flatness_mean,27,True,0.1273278146982193,0.02083962018191806,-0.1654046498269807,0.7015047580517989
session,2018-02-06#1,spectral_flatness_mean,4,False,0.14309827983379364,0.016035084190964718,0.36546185506712014,0.5397741301198519
session,2018-02-06#2,spectral_flatness_mean,1,False,0.1720146685838699,0.0,1.3388473638613114,0.0
session,2018-02-06#3,spectral_flatness_mean,13,True,0.1384586095809936,0.01806805459856991,0.20928094919078963,0.6082081227485162
session,2018-02-08#1,spectral_flatness_mean,9,True,0.1439122557640075,0.039142871126532634,0.3928619699924449,1.3176300767178246
session,2018-02-09#1,spectral_flatness_mean,4,False,0.15566189587116241,0.014310922211408676,0.7883791804124856,0.48173526848263126
session,2018-05-02#1,spectral_flatness_mean,11,True,0.0886730551719665,0.021571720173955002,-1.4666038795779455,0.7261487593963728
session,2018-05-03#1,spectral_flatness_mean,4,False,0.1261568963527679,0.010576489828527014,-0.20482018540075347,0.35602654335494105
session,2018-05-03#2,spectral_flatness_mean,57,True,0.1054501160979271,0.017792174984514835,-0.9018532764984294,0.5989214438062076
session,2018-05-03#3,spectral_flatness_mean,52,True,0.1399807184934616,0.026493837768584487,0.2605182862942667,0.8918374275285795
session,2018-01-22#1,spectral_flatness_std,9,True,0.0588279403746128,0.008182523075491159,0.23772765102894075,0.6164971842631624
session,2018-01-23#1,spectral_flatness_std,50,True,0.056729698553681304,0.006194220863655245,0.07963947179947586,0.46669220311589193
session,2018-01-23#2,spectral_flatness_std,27,True,0.0487579517066478,0.013705400978028774,-0.5209771643546363,1.0326082840463187
session,2018-01-23#3,spectral_flatness_std,29,True,0.0560980252921581,0.01901043616309756,0.03204720917942712,1.4323064240745513
session,2018-02-01#1,spectral_flatness_std,2,False,0.0580656006932258,0.009717269812524288,0.1802905668079527,0.7321298605426859
session,2018-02-01#4,spectral_flatness_std,2,False,0.05465667694807045,0.005662264765799025,-0.0765485365916986,0.42661294718781817
session,2018-02-02#1,spectral_flatness_std,8,True,0.0584397614002227,0.008657491668686275,0.20848101860349003,0.652282821238057
session,2018-02-02#2,spectral_flatness_std,9,True,0.0506914779543876,0.004217859627306451,-0.37529917769537385,0.31778689285219214
session,2018-02-05#1,spectral_flatness_std,27,True,0.0581270828843116,0.01728978688493369,0.184922829660991,1.3026672620085409
session,2018-02-06#1,spectral_flatness_std,4,False,0.0522366147488355,0.005037280073761996,-0.2588836816081404,0.37952462256060293
session,2018-02-06#2,spectral_flatness_std,1,False,0.0509950630366802,0.0,-0.3524261168202656,0.0
session,2018-02-06#3,spectral_flatness_std,13,True,0.0480078123509883,0.006386328624933916,-0.5774950374241608,0.48116620982638225
session,2018-02-08#1,spectral_flatness_std,9,True,0.0501958131790161,0.0056812918983398936,-0.41264413053397275,0.42804651156983414
session,2018-02-09#1,spectral_flatness_std,4,False,0.05527412146329875,0.018384134208038437,-0.030028312748134178,1.3851188526824247
session,2018-05-02#1,spectral_flatness_std,11,True,0.0468122623860836,0.015680815000087053,-0.6675715554137449,1.181442228187661
session,2018-05-03#1,spectral_flatness_std,4,False,0.05650485120713705,0.005462261711060985,0.06269876112201112,0.41154408408135745
session,2018-05-03#2,spectral_flatness_std,57,True,0.0473820194602012,0.010588298249244607,-0.6246442543029646,0.797755899564762
session,2018-05-03#3,spectral_flatness_std,52,True,0.0669363066554069,0.014406231852248264,0.8486376276908613,1.0854111000744386
session,2018-01-22#1,spectral_rolloff_mean,9,True,0.6812580823898315,0.01992545621395111,0.7351145419367673,0.4217940060123202
session,2018-01-23#1,spectral_rolloff_mean,50,True,0.6776861846446991,0.022211981803178786,0.6595024684761397,0.47019655086621187
session,2018-01-23#2,spectral_rolloff_mean,27,True,0.6621492505073547,0.020568258476257324,0.3306073294854652,0.4354012297757633
session,2018-01-23#3,spectral_rolloff_mean,29,True,0.65769362449646,0.037183203506469725,0.23628796614199798,0.7871163498070408
session,2018-02-01#1,spectral_rolloff_mean,2,False,0.6578616499900818,0.015483015668392181,0.23984483055232578,0.32775376050612737
session,2018-02-01#4,spectral_rolloff_mean,2,False,0.6484629213809967,0.020994245320558547,0.040886907136102296,0.4444187747512482
session,2018-02-02#1,spectral_rolloff_mean,8,True,0.642214298248291,0.04646548379659653,-0.09138769450437652,0.9836092253759571
session,2018-02-02#2,spectral_rolloff_mean,9,True,0.6444933414459229,0.007997029244899749,-0.04314354140281789,0.1692859107056339
session,2018-02-05#1,spectral_rolloff_mean,27,True,0.6180121302604675,0.05913665932416916,-0.6037136999997833,1.2518402675800504
session,2018-02-06#1,spectral_rolloff_mean,4,False,0.5992081761360168,0.024722215658426284,-1.0017670772404337,0.523334686448335
session,2018-02-06#2,spectral_rolloff_mean,1,False,0.619752824306488,0.0,-0.5668656445761533,0.0
session,2018-02-06#3,spectral_rolloff_mean,13,True,0.5936175584793091,0.04347655048370361,-1.120112624372997,0.9203376926084378
session,2018-02-08#1,spectral_rolloff_mean,9,True,0.6855059266090393,0.0398496752500534,0.8250354557114502,0.8435618227020273
session,2018-02-09#1,spectral_rolloff_mean,4,False,0.6776823103427887,0.027960882157087325,0.6594204549299634,0.5918927210519128
session,2018-05-02#1,spectral_rolloff_mean,11,True,0.5822892189025879,0.02882279745340347,-1.3599177098990989,0.6101382609167385
session,2018-05-03#1,spectral_rolloff_mean,4,False,0.5869555473327637,0.027826339066028594,-1.2611380713904992,0.5890446322177305
session,2018-05-03#2,spectral_rolloff_mean,57,True,0.572021484375,0.06230834147930145,-1.5772712717226918,1.3189803374307152
session,2018-05-03#3,spectral_rolloff_mean,52,True,0.6626466512680054,0.024180994534492493,0.3411366070676523,0.5118777931380234
session,2018-01-22#1,spectral_rolloff_std,9,True,0.0717171803116798,0.0050199264451860764,-0.531916155960736,0.296931998235838
session,2018-01-23#1,spectral_rolloff_std,50,True,0.08221366256475444,0.01641009268015617,0.0889577719513562,0.9706679298910427
session,2018-01-23#2,spectral_rolloff_std,27,True,0.0661442205309867,0.02776292265504607,-0.8615604449435041,1.6421953968539218
session,2018-01-23#3,spectral_rolloff_std,29,True,0.0800410881638526,0.019472494474053442,-0.03955145327732191,1.151811039056505
session,2018-02-01#1,spectral_rolloff_std,2,False,0.09207623451948166,0.00011618425548077657,0.6723354828081004,0.0068723762230686065
session,2018-02-01#4,spectral_rolloff_std,2,False,0.09773350507020945,0.01316933844387527,1.0069668100856648,0.7789751547722084
session,2018-02-02#1,spectral_rolloff_std,8,True,0.07344347611069675,0.01899975721947854,-0.4298046077646876,1.1238483150655865
session,2018-02-02#2,spectral_rolloff_std,9,True,0.0967670232057571,0.012592725196480812,0.9497987630227965,0.74486809650599
session,2018-02-05#1,spectral_rolloff_std,27,True,0.0816094502806663,0.013231329891085582,0.05321821225223324,0.7826419902317878
session,2018-02-06#1,spectral_rolloff_std,4,False,0.0783702097833156,0.003566745076328547,-0.13838502419900087,0.21097535078978918
session,2018-02-06#2,spectral_rolloff_std,1,False,0.0503219589591026,0.0,-1.797457772613513,0.0
session,2018-02-06#3,spectral_rolloff_std,13,True,0.0779604613780975,0.00641294451802969,-0.16262191572796578,0.37932994658521024
session,2018-02-08#1,spectral_rolloff_std,9,True,0.0673514008522033,0.028594223322719284,-0.7901549235830138,1.6913673859422687
session,2018-02-09#1,spectral_rolloff_std,4,False,0.05891961790621275,0.014375619985163205,-1.288900510033739,0.8503275127003046
session,2018-05-02#1,spectral_rolloff_std,11,True,0.0817266926169395,0.016396925573051037,0.06015317466006412,0.9698890867214458
session,2018-05-03#1,spectral_rolloff_std,4,False,0.08468574658036229,0.008631138123571903,0.23518319070529645,0.5105375782028471
session,2018-05-03#2,spectral_rolloff_std,57,True,0.0851539447903633,0.015108813554048578,0.2628774271814821,0.8936964014439981
session,2018-05-03#3,spectral_rolloff_std,52,True,0.0812850147485733,0.013889624492079028,0.03402763408440738,0.8215805550564368
session,2018-01-22#1,zcr_mean,9,True,0.4003302156925201,0.034744151562452315,1.0174028865626727,0.8315439666043619
session,2018-01-23#1,zcr_mean,50,True,0.38776193559169764,0.03293583939671512,0.7166018303144911,0.788264997237297
session,2018-01-23#2,zcr_mean,27,True,0.3444897532463074,0.026499333268404087,-0.3190464884085731,0.6342178383251436
session,2018-01-23#3,zcr_mean,29,True,0.3508274257183075,0.02666851733922958,-0.16736475006094417,0.6382669800371703
session,2018-02-01#1,zcr_mean,2,False,0.37393680214881897,0.006748849350213963,0.38572006216247234,0.1615225788030751
session,2018-02-01#4,zcr_mean,2,False,0.3557150363922119,0.02135899186134334,-0.05038784936757653,0.5111922443443924
session,2018-02-02#1,zcr_mean,8,True,0.33408287167549133,0.05779385741651054,-0.5681180354809806,1.3832006619907815
session,2018-02-02#2,zcr_mean,9,True,0.3242938816547394,0.011094524914026177,-0.8024013673469224,0.26552915641118285
session,2018-02-05#1,zcr_mean,27,True,0.3458645641803741,0.0164372774541378,-0.28614265607898043,0.3933991270393093
session,2018-02-06#1,zcr_mean,4,False,0.35745011270046234,0.014562400701641994,-0.008861659466798372,0.34852704406838675
session,2018-02-06#2,zcr_mean,1,False,0.3577352464199066,0.0,-0.0020374541425394036,0.0
session,2018-02-06#3,zcr_mean,13,True,0.317203164100647,0.018697513014078057,-0.9721059977910629,0.44749413752170925
session,2018-02-08#1,zcr_mean,9,True,0.3484877049922943,0.06219058865904808,-0.2233621069041031,1.4884291730667025
session,2018-02-09#1,zcr_mean,4,False,0.36267662048339844,0.028447667455673217,0.11622618461249151,0.6808480038492748
session,2018-05-02#1,zcr_mean,11,True,0.314757764339447,0.01933563167452812,-1.0306326080525468,0.46276645525613763
session,2018-05-03#1,zcr_mean,4,False,0.3311324715614319,0.02999957451224327,-0.6387309963272114,0.7179903397990227
session,2018-05-03#2,zcr_mean,57,True,0.3434345722198486,0.042410191547870554,-0.34430050604230455,1.0150179906041694
session,2018-05-03#3,zcr_mean,52,True,0.3998602628707886,0.02448743906915188,1.0061553408340889,0.5860664687391767
session,2018-01-22#1,zcr_std,9,True,0.0782839730381965,0.011553252786398037,1.0894676925010982,0.6537754532289504
session,2018-01-23#1,zcr_std,50,True,0.0662077255547046,0.02331853797286754,0.4060970160522916,1.3195493956296382
session,2018-01-23#2,zcr_std,27,True,0.0515218786895275,0.013005589118599767,-0.4249456667180473,0.7359602596536772
session,2018-01-23#3,zcr_std,29,True,0.0587381869554519,0.01879330592751502,-0.01658922421477252,1.0634755706978736
session,2018-02-01#1,zcr_std,2,False,0.057416807860136004,0.018618781004101023,-0.09136342269370547,1.0535995545650778
session,2018-02-01#4,zcr_std,2,False,0.0627841297537088,0.014071481351181858,0.21236258144319795,0.7962769678858383
session,2018-02-02#1,zcr_std,8,True,0.05613157525658605,0.011150308379530911,-0.16409216354491846,0.6309736356719264
session,2018-02-02#2,zcr_std,9,True,0.0467155091464519,0.004727488531172306,-0.6969284999950592,0.2675191146808996
session,2018-02-05#1,zcr_std,27,True,0.04999490827322,0.013271847465634293,-0.5113538665943587,0.7510272866396555
session,2018-02-06#1,zcr_std,4,False,0.0555283743888139,0.005181521755456868,-0.19822609344387454,0.293211946169631
session,2018-02-06#2,zcr_std,1,False,0.0708693414926529,0.0,0.6698885325159085,0.0
session,2018-02-06#3,zcr_std,13,True,0.0499884188175201,0.01243612278252845,-0.5117210919048276,0.7037352993895014
session,2018-02-08#1,zcr_std,9,True,0.0571545325219631,0.0205936703301967,-0.10620505917954805,1.165354589109575
session,2018-02-09#1,zcr_std,4,False,0.0555812995880842,0.004382128125429143,-0.19523116233833274,0.24797586050248352
session,2018-05-02#1,zcr_std,11,True,0.0446108765900135,0.00859502799510964,-0.8160254442847119,0.4863754326949361
session,2018-05-03#1,zcr_std,4,False,0.0439662355929613,0.0013433486960829023,-0.8525043881639586,0.07601741421776083
session,2018-05-03#2,zcr_std,57,True,0.0583815798163414,0.01529313096106046,-0.03676890852594172,0.8654076743761929
session,2018-05-03#3,zcr_std,52,True,0.07325268536806101,0.014996252462267864,0.8047571925507572,0.8486079142834708
