window,start_s,end_s,first_frame,label,logit_Drug,logit_Exhale,logit_Inhale,logit_Noise,p_Drug,p_Exhale,p_Inhale,p_Noise
0,0,0.2,0,Exhale,-5.84593868,5.04114342,-3.93543053,2.08130407,1.77744441e-05,0.950595379,0.000120093413,0.049266737
1,0.016,0.216,2,Exhale,-5.79899979,5.08092117,-3.86973953,2.02719426,1.79815161e-05,0.954807758,0.000123792226,0.0450504571
2,0.032,0.232,4,Exhale,-5.58059597,4.81124163,-3.77090383,1.9920305,2.89487107e-05,0.94351095,0.000176835121,0.056283243
3,0.048,0.248,6,Exhale,-5.50417709,4.54627562,-3.6236999,1.98162425,4.00699137e-05,0.928270519,0.000262723712,0.0714267045
4,0.064,0.264,8,Exhale,-5.4218049,4.30417776,-3.42591166,1.94452393,5.45336152e-05,0.913282037,0.000401300524,0.0862621516
5,0.08,0.28,10,Exhale,-5.27141857,3.54505539,-3.35381961,2.12124705,0.0001193848,0.805183828,0.000812365906,0.193884432
6,0.096,0.296,12,Exhale,-5.25534153,2.63189483,-3.4779644,2.52182555,0.000197804547,0.526768148,0.00116988004,0.471864194
7,0.112,0.312,14,Noise,-5.37027359,1.90800869,-3.5156734,2.88186812,0.000188974504,0.273729146,0.00120738521,0.724874496
8,0.128,0.328,16,Noise,-5.32899904,1.52817607,-3.3961482,2.96824765,0.00020115076,0.191229552,0.0013897866,0.807179511
9,0.144,0.344,18,Noise,-5.29392242,0.867543459,-3.30842733,3.18339157,0.00018914559,0.0896781906,0.0013774815,0.908755183
10,0.16,0.36,20,Noise,-5.11803913,-0.135765031,-3.28528595,3.52870488,0.000171096894,0.0249468815,0.00106953923,0.973812461
11,0.176,0.376,22,Noise,-5.08992195,-0.868304253,-3.26031756,3.80312109,0.000135933893,0.00926302839,0.000847061281,0.989753962
12,0.192,0.392,24,Noise,-5.01559353,-1.46065438,-3.18395042,3.97317004,0.000124149985,0.00434347289,0.000775209628,0.994757175
13,0.208,0.408,26,Noise,-5.0960331,-2.04696727,-3.13644814,4.22013378,8.97224527e-05,0.00189275155,0.000636704732,0.997380793
14,0.224,0.424,28,Noise,-5.23569393,-2.41365242,-3.1048274,4.41521025,6.42588348e-05,0.00108026399,0.0005411983,0.998314261
15,0.24,0.44,30,Noise,-5.3242116,-2.52218246,-3.18961215,4.52706909,5.26078184e-05,0.000866874179,0.00044472859,0.998635769
16,0.256,0.456,32,Noise,-5.35207081,-2.57301569,-3.18074918,4.55083227,4.99645575e-05,0.000804619107,0.000438182498,0.998707235
17,0.272,0.472,34,Noise,-5.22840691,-2.54356551,-3.12717342,4.467556,6.14413002e-05,0.000900476181,0.000502359413,0.998535752
18,0.288,0.488,36,Noise,-5.14707136,-2.52368212,-3.0608449,4.39376593,7.17389339e-05,0.000988731626,0.000577818661,0.998361707
19,0.304,0.504,38,Noise,-5.01768589,-2.47336531,-3.00115728,4.30109024,8.95529374e-05,0.00114041835,0.000672739698,0.998097301
20,0.32,0.52,40,Noise,-4.92823029,-2.46145368,-2.95663857,4.24324942,0.00010374721,0.0012225986,0.000745122728,0.99792856
21,0.336,0.536,42,Noise,-4.89134645,-2.46635079,-2.93121099,4.22043562,0.000110122077,0.00124461961,0.000781898561,0.997863352
22,0.352,0.552,44,Noise,-4.85447788,-2.45971751,-2.93362474,4.20187187,0.000116392854,0.00127631391,0.000794588414,0.997812688
23,0.368,0.568,46,Noise,-4.81648016,-2.42812943,-2.91062284,4.16251802,0.000125733975,0.00136993569,0.000845582457,0.99765873
24,0.384,0.584,48,Noise,-4.91317844,-2.52145863,-2.96145868,4.26113605,0.000103464765,0.0011311057,0.000728473184,0.998036981
25,0.4,0.6,50,Noise,-4.89904308,-2.50932837,-2.98858643,4.25677872,0.000105395447,0.00114990445,0.000712069916,0.998032629
26,0.416,0.616,52,Noise,-4.82651758,-2.47118783,-2.99657106,4.21168041,0.000118534415,0.00124954293,0.000738890609,0.997893035
27,0.432,0.632,54,Noise,-4.73683357,-2.43560553,-2.94646716,4.13860846,0.000139448894,0.0013925978,0.000835528597,0.997632444
28,0.448,0.648,56,Noise,-4.27627516,-2.31813145,-2.72250223,3.83172202,0.000299963809,0.00212559174,0.00141861278,0.996155858
29,0.464,0.664,58,Noise,-3.53705502,-2.41747928,-2.39614558,3.52437019,0.000852297584,0.00261105993,0.00266736187,0.993869305
30,0.48,0.68,60,Noise,-2.32676029,-2.7675736,-1.78808582,3.13803196,0.00417390093,0.00268595899,0.00715295505,0.985987186
31,0.496,0.696,62,Noise,-2.47252083,-3.11086178,-1.19847476,3.16209841,0.00350808562,0.00185285835,0.0125424201,0.982096612
32,0.512,0.712,64,Noise,-2.98942161,-3.53134155,-0.947275877,3.50218987,0.00149504945,0.000869566342,0.011522539,0.986112833
33,0.528,0.728,66,Noise,-2.74364829,-3.74009585,-0.730839133,3.49181175,0.00192533946,0.000710813445,0.014409842,0.982954025
34,0.544,0.744,68,Noise,-2.7904973,-3.86198497,-0.820585907,3.64284849,0.00158537668,0.000542989292,0.0113672158,0.986504436
35,0.56,0.76,70,Noise,-2.29629207,-3.95204329,-0.626250744,3.48746419,0.00301676476,0.000576046878,0.0160262231,0.980380952
36,0.576,0.776,72,Noise,-1.98742747,-3.86500406,-0.0724309459,3.14703155,0.00562707148,0.000860718836,0.038190458,0.955321729
37,0.592,0.792,74,Noise,-1.70720625,-3.98430109,0.799006224,2.79143882,0.00968464464,0.000993468217,0.118718371,0.870603502
38,0.608,0.808,76,Noise,-1.70631242,-4.10064888,1.4235363,2.60246468,0.0101717748,0.000928003516,0.23263377,0.756266475
39,0.624,0.824,78,Noise,-2.34233069,-4.03292418,2.05411482,2.61645007,0.00444906531,0.000820452289,0.361094415,0.633636057
40,0.64,0.84,80,Noise,-2.82252479,-4.03244209,2.27382946,2.75948691,0.00232380535,0.000693009759,0.379767925,0.617215276
41,0.656,0.856,82,Noise,-4.06623936,-3.89062738,2.98550415,2.98797536,0.000432004541,0.000514938787,0.498909324,0.500143766
42,0.672,0.872,84,Noise,-4.38872814,-3.84418964,2.94690442,3.13353872,0.000295379519,0.000509178964,0.453111529,0.546083927
43,0.688,0.888,86,Inhale,-4.3981719,-3.52726364,3.35795283,2.91275573,0.000260702567,0.000622839201,0.608958185,0.390158266
44,0.704,0.904,88,Inhale,-4.22869825,-3.15289211,3.61845732,2.68490553,0.000280249835,0.000821792288,0.717004299,0.2818937
45,0.72,0.92,90,Inhale,-4.50562096,-2.8706429,3.92799735,2.69231415,0.000168296101,0.000863248832,0.774012446,0.224955991
46,0.736,0.936,92,Inhale,-4.7368865,-2.78672504,4.13944674,2.72318912,0.000112286427,0.000789353624,0.804025471,0.195072904
47,0.752,0.952,94,Inhale,-5.03398418,-2.97404599,4.42878389,2.89256883,6.38970596e-05,0.00050130341,0.82244873,0.176986083
48,0.768,0.968,96,Inhale,-5.07330942,-3.04777718,4.51160049,2.93602467,5.69438926e-05,0.000431642926,0.828172207,0.171339214
49,0.784,0.984,98,Inhale,-5.24253464,-2.84705329,4.45432615,2.92432332,5.05032767e-05,0.000554196595,0.821509659,0.177885637
50,0.8,1,100,Inhale,-5.36284304,-2.89975762,4.58328676,2.96466231,3.99678393e-05,0.000469261635,0.834180355,0.165310442
51,0.816,1.016,102,Inhale,-5.52712011,-3.10446143,4.88621426,3.05343723,2.58798682e-05,0.000291816192,0.861818314,0.137863964
52,0.832,1.032,104,Inhale,-5.71980095,-3.32375669,5.23301888,3.15330386,1.55607486e-05,0.000170851694,0.888750196,0.111063398
53,0.848,1.048,106,Inhale,-5.76794195,-3.3685596,5.29364872,3.18354774,1.40038055e-05,0.000154271111,0.891730964,0.108100735
54,0.864,1.064,108,Inhale,-5.94382668,-3.45472217,5.45085335,3.27887034,1.01025225e-05,0.000121740246,0.897586882,0.102281302
55,0.88,1.08,110,Inhale,-6.05976772,-3.48609233,5.59443665,3.29374051,7.89092064e-06,0.000103481012,0.908833444,0.0910551846
56,0.896,1.096,112,Inhale,-6.18313742,-3.56861496,5.76333141,3.34068155,5.95352049e-06,8.13292063e-05,0.918458045,0.0814546496
57,0.912,1.112,114,Inhale,-5.96944809,-3.47901082,5.57378483,3.24504399,8.83924713e-06,0.000106659223,0.911124289,0.0887602121
58,0.928,1.128,116,Inhale,-5.9677043,-3.38011694,5.48357439,3.21582532,9.63658113e-06,0.000128143889,0.906045735,0.0938164964
59,0.944,1.144,118,Inhale,-5.90814161,-3.39944911,5.46737719,3.2015233,1.03931607e-05,0.000127720006,0.905884206,0.0939777046
60,0.96,1.16,120,Inhale,-6.20609426,-3.5028441,5.81149864,3.27649593,5.5931996e-06,8.34962484e-05,0.926476955,0.073433958
61,0.976,1.176,122,Inhale,-6.3243289,-3.66769242,6.19548035,3.26513433,3.46823481e-06,4.94163942e-05,0.94927609,0.0506709963
62,0.992,1.192,124,Inhale,-6.48488045,-3.74978113,6.37033033,3.32948995,2.49321033e-06,3.84235464e-05,0.954346359,0.045612704
63,1.008,1.208,126,Inhale,-6.39317179,-3.69601083,6.24629211,3.30182624,3.07931123e-06,4.56894268e-05,0.949954927,0.0499962829
64,1.024,1.224,128,Inhale,-6.36836815,-3.61062384,6.25586176,3.21392655,3.14115391e-06,4.95179156e-05,0.954382777,0.0455645323
65,1.04,1.24,130,Inhale,-6.33462238,-3.61640167,6.46580839,3.08002996,2.66911184e-06,4.04459461e-05,0.967215419,0.0327414796
66,1.056,1.256,132,Inhale,-6.52586603,-3.66793418,6.78261089,3.06000233,1.62112508e-06,2.82488363e-05,0.976370454,0.023599688
67,1.072,1.272,134,Inhale,-6.61018467,-3.72261572,6.91238451,3.08325553,1.31182685e-06,2.35467924e-05,0.978709221,0.0212659165
68,1.088,1.288,136,Inhale,-6.28177023,-3.77526188,6.8437748,2.96957922,1.95302869e-06,2.39481178e-05,0.979626238,0.020347856
69,1.104,1.304,138,Inhale,-6.2825551,-3.87493753,7.01447487,2.9531064,1.65100107e-06,1.833844e-05,0.983046591,0.016933402
70,1.12,1.32,140,Inhale,-6.512043,-3.96409369,7.33512926,2.9801476,9.56537065e-07,1.22253723e-05,0.987307131,0.0126796653
71,1.136,1.336,142,Inhale,-6.73912859,-4.0222311,7.46331453,3.0997169,6.70591248e-07,1.01482574e-05,0.987416923,0.0125722839
72,1.152,1.352,144,Inhale,-6.70614767,-4.00256681,7.32061863,3.14735532,7.97277096e-07,1.19058268e-05,0.984819174,0.0151681034
73,1.168,1.368,146,Inhale,-6.72803402,-4.00320148,7.14102507,3.25904846,9.28704992e-07,1.41663349e-05,0.979791343,0.0201935451
74,1.184,1.384,148,Inhale,-6.67586899,-3.95916462,7.13919687,3.19471025,9.81427434e-07,1.48493655e-05,0.980991066,0.0189931188
75,1.2,1.4,150,Inhale,-6.69351435,-3.96351171,7.17030525,3.19099879,9.35335265e-07,1.43414281e-05,0.98162961,0.0183551032
76,1.216,1.416,152,Inhale,-6.63937092,-3.95876408,7.01908207,3.23985577,1.14391469e-06,1.669423e-05,0.977652252,0.0223299246
77,1.232,1.432,154,Inhale,-6.55992365,-3.93254828,6.66093683,3.3692286,1.74736465e-06,2.41789912e-05,0.964118242,0.0358558148
78,1.248,1.448,156,Inhale,-6.46601963,-3.92972183,6.48332834,3.40668774,2.27288365e-06,2.87129187e-05,0.955889225,0.0440797918
79,1.264,1.464,158,Inhale,-6.19437981,-3.96739268,6.24125767,3.41346645,3.75231934e-06,3.47910864e-05,0.944122851,0.0558385849
80,1.28,1.48,160,Inhale,-6.71386576,-4.02278042,6.55132055,3.59456849,1.64809001e-06,2.43054928e-05,0.950556993,0.0494170748
81,1.296,1.496,162,Inhale,-7.09370422,-4.16615248,7.05270338,3.66273451,6.94846221e-07,1.29810032e-05,0.967376351,0.0326099917
82,1.312,1.512,164,Inhale,-7.1754117,-4.20159149,7.15127993,3.68429303,5.81626466e-07,1.1380409e-05,0.969722092,0.0302659292
83,1.328,1.528,166,Inhale,-7.25541019,-4.27728748,7.3329196,3.69206333,4.49904348e-07,8.84102155e-06,0.974431515,0.0255592167
84,1.344,1.544,168,Inhale,-7.21885443,-4.21245956,7.37596273,3.5957129,4.48486503e-07,9.0658823e-06,0.97768271,0.0223077759
85,1.36,1.56,170,Inhale,-7.28988552,-4.2460041,7.63199425,3.52409744,3.25404926e-07,6.82912423e-06,0.983816624,0.0161762275
86,1.376,1.576,172,Inhale,-7.31762171,-4.36308765,7.65954351,3.61719227,3.07566268e-07,5.90305126e-06,0.982740641,0.0172531381
87,1.392,1.592,174,Inhale,-7.42705345,-4.39223623,7.70839739,3.681427,2.62470337e-07,5.45864168e-06,0.98247838,0.017515881
88,1.408,1.608,176,Inhale,-7.42605686,-4.37463617,7.75067139,3.64477849,2.52192052e-07,5.33269304e-06,0.983786225,0.0162081756
89,1.424,1.624,178,Inhale,-7.34151936,-4.27710056,7.7945919,3.48959684,2.63416922e-07,5.6429194e-06,0.986673057,0.0133210262
90,1.44,1.64,180,Inhale,-7.17429876,-4.17270422,7.59445381,3.41573429,3.79670297e-07,7.6380511e-06,0.984905124,0.0150868846
91,1.456,1.656,182,Inhale,-7.14608908,-4.17584467,7.42469358,3.4977448,4.60798873e-07,8.9840496e-06,0.98066777,0.0193227846
92,1.472,1.672,184,Inhale,-7.15501213,-4.17820406,7.3357501,3.55730319,4.97647761e-07,9.76637421e-06,0.977642596,0.0223471168
93,1.488,1.688,186,Inhale,-7.0065546,-4.13679361,7.09046268,3.56907725,7.32970079e-07,1.29243172e-05,0.971276879,0.0287094451
94,1.504,1.704,188,Inhale,-6.95466375,-4.0624733,7.17052031,3.434587,7.16585248e-07,1.29220143e-05,0.976691365,0.0232949685
95,1.52,1.72,190,Inhale,-6.78800154,-3.9007144,6.96543741,3.31640816,1.03703769e-06,1.86091875e-05,0.974624157,0.0253561847
96,1.536,1.736,192,Inhale,-6.94813013,-4.02991295,7.17946434,3.39663219,7.15623628e-07,1.32449486e-05,0.977734625,0.0222514272
97,1.552,1.752,194,Inhale,-6.7957983,-3.91882563,6.78901196,3.43150759,1.21707205e-06,2.16157168e-05,0.966327667,0.0336495116
98,1.568,1.768,196,Inhale,-6.66070032,-3.84350395,6.51642084,3.44101262,1.80980783e-06,3.02778699e-05,0.955836236,0.0441316999
99,1.584,1.784,198,Inhale,-6.69945621,-3.89876008,6.69492149,3.41136765,1.46858338e-06,2.41671532e-05,0.963835597,0.0361387916
100,1.6,1.8,200,Inhale,-6.59526205,-3.80607605,6.51624823,3.37206244,1.93821575e-06,3.15304533e-05,0.958646953,0.041319605
101,1.616,1.816,202,Inhale,-6.44303083,-3.80414128,6.39966822,3.34255719,2.52646828e-06,3.5364621e-05,0.955052376,0.0449097604
102,1.632,1.832,204,Inhale,-6.43688488,-3.79019952,6.28083992,3.39290452,2.83927079e-06,4.00541649e-05,0.947206199,0.0527509302
103,1.648,1.848,206,Inhale,-6.41646242,-3.76217365,6.36908531,3.31077242,2.67520181e-06,3.80276542e-05,0.955101192,0.0448581092
104,1.664,1.864,208,Inhale,-6.31428385,-3.65389514,6.362782,3.16472292,2.99927137e-06,4.28951207e-05,0.960717082,0.0392370261
105,1.68,1.88,210,Inhale,-6.08790588,-3.50838041,6.08053207,3.06482935,4.94884489e-06,6.5279608e-05,0.953211546,0.0467182174
106,1.696,1.896,212,Inhale,-6.1335535,-3.60983586,6.090312,3.16993999,4.66026222e-06,5.8136251e-05,0.948784769,0.0511524305
107,1.712,1.912,214,Inhale,-6.17396069,-3.68672013,6.11236525,3.24297643,4.36642722e-06,5.2519561e-05,0.946258485,0.0536846407
108,1.728,1.928,216,Inhale,-6.21707201,-3.75257564,6.16710758,3.29270005,3.96048563e-06,4.65656412e-05,0.946518898,0.0534305871
109,1.744,1.944,218,Inhale,-6.16121626,-3.72560835,6.2507658,3.19007516,3.88720127e-06,4.44025718e-05,0.955195725,0.0447560027
110,1.76,1.96,220,Inhale,-6.14754009,-3.73352456,6.20827198,3.21376562,4.09923359e-06,4.58243449e-05,0.95227778,0.0476722941
111,1.776,1.976,222,Inhale,-6.28987551,-3.79819679,6.37458658,3.26430273,3.02643707e-06,3.65640226e-05,0.95727706,0.0426833555
112,1.792,1.992,224,Inhale,-6.60437298,-4.03702831,6.6727314,3.48232651,1.64551307e-06,2.1442971e-05,0.960449398,0.0395274907
113,1.808,2.008,226,Inhale,-7.03131819,-4.2504549,7.10995483,3.67128086,6.99508746e-07,1.1285134e-05,0.968879938,0.0311080534
114,1.824,2.024,228,Inhale,-7.15342379,-4.304708,7.29749966,3.68364215,5.15811792e-07,8.90579759e-06,0.973750234,0.0262403246
115,1.84,2.04,230,Inhale,-7.34546757,-4.42269564,7.63260603,3.70958567,3.06616585e-07,5.70084694e-06,0.980596542,0.0193974338
116,1.856,2.056,232,Inhale,-7.14608002,-4.46797609,7.61652517,3.63044333,3.80791789e-07,5.54336339e-06,0.981760502,0.0182335898
117,1.872,2.072,234,Inhale,-7.11618519,-4.46628666,7.66128016,3.58356214,3.75775045e-07,5.31819478e-06,0.983330667,0.0166636128
118,1.888,2.088,236,Inhale,-6.95208359,-4.4349122,7.70812654,3.41887069,4.23870546e-07,5.25323549e-06,0.986464858,0.0135294907
119,1.904,2.104,238,Inhale,-6.40039062,-4.28163576,7.34816599,3.16064644,1.05324341e-06,8.76379636e-06,0.985033512,0.0149566522
120,1.92,2.12,240,Inhale,-6.19876575,-3.94709659,6.85590982,3.0305047,2.0943387e-06,1.99037258e-05,0.978634357,0.0213436224
121,1.936,2.136,242,Inhale,-6.08770561,-3.87767887,6.56244993,3.06194353,3.11300323e-06,2.83780137e-05,0.970671594,0.0292969029
122,1.952,2.152,244,Inhale,-5.74241495,-3.65342522,6.08509731,2.92749715,7.0026349e-06,5.65585433e-05,0.959146202,0.0407902598
123,1.968,2.168,246,Inhale,-5.34358978,-3.3801918,5.60284424,2.73246622,1.6673348e-05,0.000118772456,0.946234345,0.0536301956
124,1.984,2.184,248,Inhale,-4.90122461,-2.9829874,4.99441624,2.48350286,4.65925077e-05,0.000317245838,0.924566865,0.0750693232
125,2,2.2,250,Inhale,-4.58937073,-2.74123836,4.33480549,2.28894019,0.00011778943,0.000747721759,0.884762704,0.114371762
126,2.016,2.216,252,Inhale,-4.23550272,-2.49558783,3.38561702,2.16765928,0.000377174321,0.00214870879,0.769754708,0.227719396
127,2.032,2.232,254,Inhale,-3.94524693,-2.36634564,2.30047917,2.16672421,0.00102787546,0.00498481002,0.530181885,0.463805437
128,2.048,2.248,256,Noise,-3.97168779,-2.08923197,1.09262311,2.39582253,0.00133610086,0.00877767336,0.211466476,0.778419733
129,2.064,2.264,258,Noise,-3.99325395,-1.81780493,-0.407143265,2.76210737,0.00110552274,0.00973538589,0.0399020985,0.949257016
130,2.08,2.28,260,Noise,-4.1625123,-1.62692189,-1.51568794,3.112432,0.000679623103,0.00857948139,0.00958891213,0.981151998
131,2.096,2.296,262,Noise,-4.37444878,-1.64045799,-2.25790429,3.46093535,0.000391664857,0.00602936698,0.00325175794,0.990327239
132,2.112,2.312,264,Noise,-3.72352171,-1.54656398,-2.30980754,3.19443202,0.000976389681,0.0086112041,0.00401413022,0.98639828
133,2.128,2.328,266,Noise,-2.40789366,-1.84149945,-2.27505898,2.93694472,0.00468542101,0.00825525541,0.00535103772,0.981708288
134,2.144,2.344,268,Noise,-0.159459978,-2.75019789,-2.18506336,2.49435449,0.0648718327,0.0048630978,0.00855751708,0.921707571
135,2.16,2.36,270,Noise,1.82849514,-3.55371165,-2.38676929,2.20529723,0.40371713,0.00185615593,0.0059622624,0.588464439
136,2.176,2.376,272,Drug,3.11713362,-4.13649321,-2.91532159,2.23657966,0.705387533,0.000499134592,0.00169264467,0.292420655
137,2.192,2.392,274,Drug,4.1323595,-4.51091862,-3.21664238,2.20135212,0.872736216,0.000153870365,0.000561373658,0.126548544
138,2.208,2.408,276,Drug,5.10455036,-4.80070496,-3.4501543,2.11566019,0.951849878,4.7508438e-05,0.00018336119,0.0479192436
139,2.224,2.424,278,Drug,5.55860233,-5.11804247,-3.72039676,2.18554616,0.966742933,2.23101815e-05,9.02594984e-05,0.0331444889
140,2.24,2.44,280,Drug,5.95775843,-5.44758701,-3.99123907,2.28002906,0.975286961,1.08606009e-05,4.65948287e-05,0.02465556
141,2.256,2.456,282,Drug,6.36718035,-5.76386356,-4.18856001,2.31876278,0.982818961,5.29697718e-06,2.55960967e-05,0.0171501581
142,2.272,2.472,284,Drug,6.84169769,-6.16888714,-4.58415937,2.49015784,0.987264216,2.20804645e-06,1.07707692e-05,0.0127228275
143,2.288,2.488,286,Drug,6.9804225,-6.31171131,-4.77477312,2.60296464,0.98758918,1.66677114e-06,7.75103581e-06,0.0124013945
144,2.304,2.504,288,Drug,7.40879488,-6.60822392,-5.19241524,2.7420001,0.990681112,8.09878657e-07,3.3365518e-06,0.00931473821
145,2.32,2.52,290,Drug,7.43143797,-6.60978889,-5.53996563,2.91159749,0.98922354,7.89345393e-07,2.30083469e-06,0.0107733971
146,2.336,2.536,292,Drug,6.89044762,-6.32220697,-5.62978125,3.17679763,0.97618705,1.78381606e-06,3.56505916e-06,0.0238075852
147,2.352,2.552,294,Drug,6.72571516,-6.24801302,-5.56176472,3.21755242,0.970912576,2.25300209e-06,4.47502453e-06,0.0290806703
148,2.368,2.568,296,Drug,6.54109907,-6.11165047,-5.28096104,3.08820629,0.969307363,3.10057476e-06,7.11551047e-06,0.0306823943
149,2.384,2.584,298,Drug,6.64483023,-6.12597513,-5.14492607,2.90408802,0.976803958,2.77662411e-06,7.40595897e-06,0.0231858864
150,2.4,2.6,300,Drug,6.72952461,-6.16986942,-5.12843275,2.85466719,0.979655623,2.44871239e-06,6.93789934e-06,0.0203350019
151,2.416,2.616,302,Drug,6.52922583,-5.98599672,-4.82529879,2.68367195,0.979058027,3.59348905e-06,1.14709937e-05,0.0209269337
152,2.432,2.632,304,Drug,6.39178324,-5.87070513,-4.68190765,2.62086034,0.977468312,4.61925219e-06,1.51656086e-05,0.0225118771
153,2.448,2.648,306,Drug,5.80139303,-5.30205488,-4.3743515,2.43961692,0.966438711,1.45548638e-05,3.68048131e-05,0.0335099287
154,2.464,2.664,308,Drug,5.98740959,-5.36103964,-4.3234601,2.30512214,0.975409508,1.14978893e-05,3.24513821e-05,0.0245465171
155,2.48,2.68,310,Drug,5.34015846,-4.68545675,-4.15969706,2.17649865,0.959333956,4.24522259e-05,7.18182782e-05,0.0405517705
156,2.496,2.696,312,Drug,5.92882586,-5.2690649,-4.20546484,2.217906,0.976077855,1.33752619e-05,3.87452019e-05,0.0238700025
157,2.512,2.712,314,Drug,6.268188,-5.55036831,-4.16851234,2.17222166,0.983597159,7.24575239e-06,2.88546562e-05,0.0163667221
158,2.528,2.728,316,Drug,6.44469833,-5.70810223,-4.11671448,2.13644767,0.986691296,5.20339836e-06,2.55515934e-05,0.013277973
159,2.544,2.744,318,Drug,6.34242392,-5.60381269,-4.09837866,2.12807178,0.985398769,6.38891879e-06,2.87891653e-05,0.0145660611
160,2.56,2.76,320,Drug,6.53545427,-5.73782682,-4.05656147,2.04456067,0.988884509,4.6230366e-06,2.48365686e-05,0.0110860104
161,2.576,2.776,322,Drug,6.74257517,-5.92414188,-4.1354022,2.08365822,0.990590632,3.12470411e-06,1.8691695e-05,0.00938755088
162,2.592,2.792,324,Drug,6.72388077,-5.96879768,-4.09990644,2.12178802,0.990046263,3.04295327e-06,1.97217032e-05,0.0099309776
163,2.608,2.808,326,Drug,7.16512108,-6.33979988,-4.33667135,2.228585,0.992860436,1.3544892e-06,1.00397574e-05,0.0071281665
164,2.624,2.824,328,Drug,7.50019932,-6.5875783,-4.41985226,2.20760942,0.994989097,7.578343e-07,6.62225193e-06,0.00500352122
165,2.64,2.84,330,Drug,7.87432432,-6.94763899,-4.65605354,2.36378288,0.995968401,3.64039664e-07,3.60057288e-06,0.0040276139
166,2.656,2.856,332,Drug,7.92351961,-7.07503891,-4.69991684,2.46882105,0.995738447,3.050381e-07,3.27986891e-06,0.00425794255
167,2.672,2.872,334,Drug,8.09669495,-7.21048546,-4.60946274,2.38789821,0.996691048,2.24252133e-07,3.0223614e-06,0.0033056864
168,2.688,2.888,336,Drug,7.79747486,-6.96909046,-4.54521656,2.39013505,0.995531738,3.84607091e-07,4.34202502e-06,0.00446351804
169,2.704,2.904,338,Drug,7.29560566,-6.62261915,-4.48286772,2.48859262,0.991885602,8.95062442e-07,7.60563671e-06,0.00810592063
170,2.72,2.92,340,Drug,6.83552551,-6.35356474,-4.37493563,2.57681322,0.986041665,1.84478665e-06,1.33430112e-05,0.0139431218
171,2.736,2.936,342,Drug,6.60444927,-6.22174644,-4.31999207,2.6153686,0.98179996,2.64044411e-06,1.76847298e-05,0.018179724
172,2.752,2.952,344,Drug,6.19471025,-6.08092356,-4.25299358,2.73999095,0.969339907,4.52101631e-06,2.81252233e-05,0.0306274313
173,2.768,2.968,346,Drug,5.86244488,-5.90100861,-4.22290277,2.77758074,0.956218839,7.44310864e-06,3.98608427e-05,0.0437338613
174,2.784,2.984,348,Drug,5.77260065,-5.81930923,-4.10012054,2.71698737,0.95496881,8.82443055e-06,4.9240316e-05,0.0449731387
175,2.8,3,350,Drug,5.38681984,-5.6968708,-4.06891108,2.81809235,0.928740859,1.42662184e-05,7.26645885e-05,0.0711722001
176,2.816,3.016,352,Drug,5.59695292,-5.84563541,-4.23923349,2.88805628,0.937493145,1.0058081e-05,5.01379545e-05,0.062446665
177,2.832,3.032,354,Drug,5.76959658,-5.87471533,-4.23547697,2.82090425,0.950152934,8.33168997e-06,4.29185748e-05,0.049795799
178,2.848,3.048,356,Drug,5.79004145,-5.88113928,-4.19861984,2.79755759,0.952184021,8.12814596e-06,4.37220406e-05,0.0477641076
179,2.864,3.064,358,Drug,5.22486639,-5.72298717,-4.22276831,2.94342422,0.907248974,1.59637202e-05,7.15600909e-05,0.0926635116
180,2.88,3.08,360,Drug,4.68426323,-5.59604073,-4.22409916,3.06724024,0.834266126,2.86170816e-05,0.000112837115,0.165592417
181,2.896,3.096,362,Drug,4.63992643,-5.43127155,-4.06452274,2.9190433,0.848092854,3.58573088e-05,0.00014065305,0.151730657
182,2.912,3.112,364,Drug,4.49239111,-5.24776316,-3.92016077,2.80263209,0.843992293,4.96870525e-05,0.000187419006,0.155770585
183,2.928,3.128,366,Drug,4.27820826,-5.07027817,-3.91903377,2.76545739,0.819225192,7.13521731e-05,0.000225624521,0.180477858
184,2.944,3.144,368,Drug,3.39833999,-4.74576092,-3.79723787,2.87195349,0.628229082,0.000182465155,0.000471105595,0.371117353
185,2.96,3.16,370,Noise,2.4157455,-4.4072566,-3.72190738,3.02975225,0.350745648,0.000381768536,0.000757606234,0.648114979
186,2.976,3.176,372,Noise,1.03708839,-4.01336479,-3.6430161,3.32501078,0.0919952467,0.000589361065,0.000853535952,0.906561852
187,2.992,3.192,374,Noise,-0.33142066,-3.565341,-3.55785799,3.59261417,0.0193486046,0.000762387703,0.000768114056,0.97912091
188,3.008,3.208,376,Noise,-1.77290523,-3.14128399,-3.38076806,3.87305689,0.00351369497,0.000894303084,0.000703846745,0.994888127
189,3.024,3.224,378,Noise,-2.71669436,-2.83335972,-3.2644949,4.00982761,0.00119515893,0.00106355152,0.000691065041,0.997050226
190,3.04,3.24,380,Noise,-3.41431212,-2.74591422,-3.2332139,4.14721251,0.000518961693,0.00101255078,0.000621992687,0.997846484
191,3.056,3.256,382,Noise,-3.78989744,-2.65717578,-3.25420403,4.19766617,0.000338991347,0.00105226075,0.000579211628,0.99802953
192,3.072,3.272,384,Noise,-4.14082098,-2.58490157,-3.27459669,4.25195026,0.000226083052,0.00107150758,0.000537606422,0.998164833
193,3.088,3.288,386,Noise,-4.51042175,-2.58019161,-3.32726097,4.37507248,0.000138168471,0.000952132221,0.000451075408,0.998458624
194,3.104,3.304,388,Noise,-4.63954592,-2.56737232,-3.33444118,4.40193415,0.000118218697,0.000938900805,0.000435999449,0.998506904
195,3.12,3.32,390,Noise,-4.73036385,-2.56827044,-3.32934356,4.41988754,0.000106038286,0.000921399449,0.00043044542,0.99854213
196,3.136,3.336,392,Noise,-4.76870632,-2.5331552,-3.30345106,4.39591265,0.000104517661,0.000977410935,0.000452420179,0.998465657
197,3.152,3.352,394,Noise,-4.80329752,-2.50029039,-3.28813529,4.37697983,0.000102887032,0.00102930458,0.000468152371,0.998399675
198,3.168,3.368,396,Noise,-4.88015461,-2.50220203,-3.30330348,4.40445805,9.26988287e-05,0.000999553245,0.0004486338,0.998459101
199,3.184,3.384,398,Noise,-4.90266085,-2.4919014,-3.2979691,4.40134668,9.09168593e-05,0.00101303379,0.000452431879,0.998443604
200,3.2,3.4,400,Noise,-4.88987303,-2.47494531,-3.28875518,4.37888336,9.41734252e-05,0.00105370278,0.000466965721,0.998385131
201,3.216,3.416,402,Noise,-4.96187496,-2.47282672,-3.29661322,4.40022945,8.57839477e-05,0.00103367958,0.000453544606,0.998426974
202,3.232,3.432,404,Noise,-5.00197268,-2.46218944,-3.30937886,4.40959835,8.16447937e-05,0.00103500474,0.000443621568,0.998439729
203,3.248,3.448,406,Noise,-5.02599144,-2.44694448,-3.30252624,4.40381479,8.01673814e-05,0.00105697219,0.000449251063,0.998413622
204,3.264,3.464,408,Noise,-5.01426077,-2.41577387,-3.29074025,4.37879133,8.31619473e-05,0.00111797778,0.000466058147,0.998332798
205,3.28,3.48,410,Noise,-4.94877625,-2.37079692,-3.2622776,4.32148123,9.40109749e-05,0.00123817136,0.000507709861,0.998160124
206,3.296,3.496,412,Noise,-4.98179054,-2.35186672,-3.26141095,4.32429123,9.07012727e-05,0.00125827268,0.00050671614,0.998144329
207,3.312,3.512,414,Noise,-4.9775691,-2.35107255,-3.27810764,4.32931662,9.06298592e-05,0.00125298032,0.000495835964,0.998160541
208,3.328,3.528,416,Noise,-4.98346853,-2.36605453,-3.27816391,4.33645868,8.94584591e-05,0.00122560316,0.000492295425,0.998192668
209,3.344,3.544,418,Noise,-4.948874,-2.3492384,-3.25252366,4.30603266,9.54594216e-05,0.00128477241,0.000520636211,0.998099148
210,3.36,3.56,420,Noise,-4.91600847,-2.33787346,-3.23346066,4.28120518,0.000101121004,0.00133202132,0.000543954549,0.998022914
211,3.376,3.576,422,Noise,-4.90693808,-2.32555628,-3.22593689,4.26988935,0.000103199061,0.00136381551,0.000554275,0.997978687
212,3.392,3.592,424,Noise,-4.8836484,-2.29702854,-3.20022273,4.23895073,0.000108936649,0.00144720054,0.000586511451,0.997857332
213,3.408,3.608,426,Noise,-4.86335802,-2.2798605,-3.19211721,4.2211833,0.000113154398,0.00149854622,0.000601841428,0.997786462
214,3.424,3.624,428,Noise,-4.87330723,-2.28683448,-3.19879127,4.23131847,0.000110908615,0.00147318107,0.000591831806,0.997824073
215,3.44,3.64,430,Noise,-4.89727974,-2.3138566,-3.22027755,4.26197004,0.000105025276,0.00139078579,0.000561832159,0.997942328
216,3.456,3.656,432,Noise,-4.93482256,-2.34648156,-3.252949,4.30186939,9.7212891e-05,0.0012936776,0.000522579357,0.998086512
217,3.472,3.672,434,Noise,-4.96859884,-2.35697007,-3.25019598,4.31660843,9.26131397e-05,0.00126150378,0.000516375352,0.998129487
218,3.488,3.688,436,Noise,-4.96754026,-2.35582924,-3.24383903,4.31341124,9.3007111e-05,0.00126697449,0.000521326845,0.998118699
219,3.504,3.704,438,Noise,-4.98192215,-2.35769129,-3.23697042,4.31773424,9.12843461e-05,0.00125917268,0.000522659917,0.998126864
220,3.52,3.72,440,Noise,-4.97656775,-2.34003019,-3.24361086,4.30930758,9.25477652e-05,0.00129240798,0.000523575756,0.998091459
221,3.536,3.736,442,Noise,-4.97532463,-2.32434583,-3.25520468,4.30574369,9.29917223e-05,0.00131749734,0.000519377238,0.998070121
222,3.552,3.752,444,Noise,-4.97892523,-2.32506514,-3.25687146,4.30868626,9.23859698e-05,0.00131269195,0.000516992761,0.998077929
223,3.568,3.768,446,Noise,-4.96849918,-2.3446331,-3.24985576,4.31023407,9.32120674e-05,0.00128529465,0.000519839756,0.998101652
224,3.584,3.784,448,Noise,-4.96380615,-2.35604453,-3.24662614,4.31164265,9.35201315e-05,0.00126894144,0.000520795118,0.998116732
225,3.6,3.8,450,Noise,-4.95107698,-2.36121225,-3.23509359,4.30497265,9.53507842e-05,0.00127083226,0.000530354679,0.99810344
226,3.616,3.816,452,Noise,-4.9373045,-2.36810589,-3.22042441,4.29658318,9.74859358e-05,0.00127271377,0.000542717113,0.998087108
227,3.632,3.832,454,Noise,-4.94692039,-2.36163306,-3.22771811,4.29973269,9.62496561e-05,0.00127695384,0.000537080341,0.998089731
228,3.648,3.848,456,Noise,-4.9337039,-2.34977317,-3.21607924,4.28577662,9.88959146e-05,0.00131028332,0.00055097678,0.998039842
229,3.664,3.864,458,Noise,-4.93601608,-2.34791064,-3.21355009,4.28507328,9.87364474e-05,0.00131364306,0.000552757876,0.998034835
230,3.68,3.88,460,Noise,-4.93513918,-2.35284591,-3.21732688,4.28936815,9.84012004e-05,0.00130159571,0.000548323442,0.998051703
231,3.696,3.896,462,Noise,-4.83463383,-2.32885718,-3.15155458,4.21268129,0.000117449017,0.00143911119,0.000632122741,0.997811317
232,3.712,3.912,464,Noise,-4.62937355,-2.25444341,-3.04009032,4.05618382,0.000168534942,0.0018117947,0.000825860829,0.997193813
233,3.728,3.928,466,Noise,-4.49216747,-2.11893153,-3.01974463,3.9409306,0.00021678755,0.00232657813,0.000945147243,0.996511459
234,3.744,3.944,468,Noise,-4.5200367,-1.91003823,-3.06932425,3.88538861,0.000222710994,0.00302865333,0.000950119109,0.995798528
235,3.76,3.96,470,Noise,-4.33146334,-1.33799756,-2.85232234,3.48769021,0.000397908181,0.00794014707,0.00174648815,0.989915431
236,3.776,3.976,472,Noise,-4.25550938,-0.845605612,-2.53418159,3.15086889,0.000594068784,0.0179779064,0.00332200201,0.978106022
237,3.792,3.992,474,Noise,-4.52564955,0.167947978,-2.69394517,2.91080928,0.000551504723,0.0602493994,0.00344388257,0.935755193
238,3.808,4.008,476,Noise,-4.90060186,1.29678845,-2.92483664,2.68137765,0.000406143023,0.199604988,0.00292915874,0.797059715
239,3.824,4.024,478,Noise,-5.26771736,2.41228342,-3.15885162,2.46906662,0.000223966534,0.484802783,0.00184523594,0.513128042
240,3.84,4.04,480,Exhale,-5.6461153,3.45378304,-3.27253747,2.2545681,8.5724736e-05,0.76761204,0.000920318009,0.231381893
241,3.856,4.056,482,Exhale,-5.86252785,4.20345402,-3.36822987,2.10840797,3.78250443e-05,0.889979064,0.00045818332,0.109524898
242,3.872,4.072,484,Exhale,-6.33293962,5.31520414,-3.5139482,1.97648895,8.43466023e-06,0.965588689,0.000141364391,0.0342615172
243,3.888,4.088,486,Exhale,-6.80691433,6.00742722,-3.73693681,2.00203037,2.67261044e-06,0.982049704,5.75718186e-05,0.0178900566
244,3.904,4.104,488,Exhale,-7.30684185,6.70853949,-3.94374728,2.04248762,8.11184009e-07,0.990654349,2.34257113e-05,0.00932140928
245,3.92,4.12,490,Exhale,-7.77261591,7.29590607,-4.08637762,2.09873319,2.84068477e-07,0.99448669,1.13327678e-05,0.00550168194
246,3.936,4.136,492,Exhale,-7.93122196,7.47352123,-4.23064995,2.16586781,2.03074507e-07,0.99506247,8.21851609e-06,0.00492907874
247,3.952,4.152,494,Exhale,-8.31628323,7.92185307,-4.5419836,2.30185986,8.83677842e-08,0.996384501,3.8499179e-06,0.00361156068
248,3.968,4.168,496,Exhale,-8.80492401,8.46587276,-4.77718019,2.40813541,3.15044986e-08,0.997663975,1.7684772e-06,0.00233422313
249,3.984,4.184,498,Exhale,-8.90968513,8.57496357,-4.81674004,2.42667961,2.54440184e-08,0.997865856,1.52450616e-06,0.00213258504
250,4,4.2,500,Exhale,-9.00406551,8.67687225,-4.84327412,2.44065189,2.09130082e-08,0.998045206,1.34098912e-06,0.00195341324
251,4.016,4.216,502,Exhale,-9.14876556,8.84474373,-4.8455143,2.44144773,1.5303792e-08,0.998345494,1.13155943e-06,0.00165334984
252,4.032,4.232,504,Exhale,-9.25404358,8.95626068,-4.91866302,2.47583461,1.23225217e-08,0.99846822,9.40873974e-07,0.00153080886
253,4.048,4.248,506,Exhale,-9.39722729,9.10981941,-4.94631958,2.4923749,9.16033205e-09,0.998664141,7.850835e-07,0.00133505708
254,4.064,4.264,508,Exhale,-9.31880951,9.00723362,-4.9158392,2.48359966,1.09764775e-08,0.998532951,8.9670317e-07,0.00146616937
255,4.08,4.28,510,Exhale,-9.41000271,9.11587715,-4.96216106,2.50182438,8.9893879e-09,0.998659611,7.68074187e-07,0.0013395868
256,4.096,4.296,512,Exhale,-9.13473225,8.73731041,-4.89507008,2.49519658,1.72753065e-08,0.998056829,1.19863694e-06,0.00194195728
257,4.112,4.312,514,Exhale,-9.27343559,8.93975353,-4.9735961,2.51394844,1.22859687e-08,0.998382449,9.05328079e-07,0.00161660998
258,4.128,4.328,516,Exhale,-9.5128994,9.25485706,-5.0075531,2.51631832,7.05915282e-09,0.998816371,6.38851077e-07,0.00118297467
259,4.144,4.344,518,Exhale,-9.57758141,9.31931496,-5.01496696,2.52298331,6.20435614e-09,0.998882771,5.94586425e-07,0.00111661945
260,4.16,4.36,520,Exhale,-9.51580811,9.25378799,-4.97348785,2.50549197,7.04625913e-09,0.998827815,6.61703211e-07,0.0011715017
261,4.176,4.376,522,Exhale,-9.48091507,9.21825123,-4.96936178,2.50250816,7.56012586e-09,0.998789072,6.88448949e-07,0.00121021806
262,4.192,4.392,524,Exhale,-9.34829617,9.08472729,-4.89702272,2.46671319,9.86414417e-09,0.998664856,8.45712748e-07,0.00133429782
263,4.208,4.408,526,Exhale,-9.1880703,8.88192081,-4.90891457,2.47478199,1.41770622e-08,0.998351932,1.02329295e-06,0.00164701906
264,4.224,4.424,528,Exhale,-9.08203316,8.77798843,-4.8813076,2.45863438,1.74867516e-08,0.998200953,1.16697379e-06,0.00179786631
265,4.24,4.44,530,Exhale,-9.16418839,8.88501358,-4.89805555,2.46005726,1.44752965e-08,0.998380959,1.03130094e-06,0.00161798031
266,4.256,4.456,532,Exhale,-9.22059345,8.93466759,-4.91025114,2.46757174,1.30195401e-08,0.998447716,9.69512712e-07,0.00155131961
267,4.272,4.472,534,Exhale,-9.39761829,9.11693573,-4.95672798,2.48951745,9.09194053e-09,0.998677373,7.71455234e-07,0.0013218252
268,4.288,4.488,536,Exhale,-9.47811127,9.21582127,-4.97223377,2.49489212,7.5998452e-09,0.998795331,6.88149044e-07,0.00120396551
269,4.304,4.504,538,Exhale,-9.58541107,9.32256126,-4.97745991,2.50309777,6.13617246e-09,0.998908281,6.15326087e-07,0.00109111425
270,4.32,4.52,540,Exhale,-9.63508034,9.37068367,-5.00699902,2.51859403,5.56470825e-09,0.998943269,5.69367387e-07,0.0010561269
271,4.336,4.536,542,Exhale,-9.56303787,9.30876446,-4.98529005,2.50210285,6.3620913e-09,0.998894215,6.18999763e-07,0.00110515684
272,4.352,4.552,544,Exhale,-9.57808304,9.34306526,-5.00439119,2.50402999,6.05598105e-09,0.998929441,5.86831788e-07,0.00106998952
273,4.368,4.568,546,Exhale,-9.59755421,9.36350632,-5.0025959,2.50572228,5.81914916e-09,0.998949289,5.76002719e-07,0.00105013628
274,4.384,4.584,548,Exhale,-9.72761154,9.47805786,-5.05143309,2.53597927,4.55684335e-09,0.999034166,4.89218223e-07,0.000965325802
275,4.4,4.6,550,Exhale,-9.76010513,9.53777218,-5.08751345,2.54551435,4.15565271e-09,0.999081433,4.44549414e-07,0.000918125152
276,4.416,4.616,552,Exhale,-9.9197607,9.71330929,-5.08230782,2.5441196,2.97256686e-09,0.999230266,3.7498225e-07,0.000769353705
277,4.432,4.632,554,Exhale,-9.99477482,9.77112865,-5.07619619,2.55056787,2.60291211e-09,0.99926877,3.56099264e-07,0.000730857369
278,4.448,4.648,556,Exhale,-10.1724043,9.96984959,-5.13909292,2.57842445,1.78674464e-09,0.999383569,2.74158594e-07,0.000616136706
279,4.464,4.664,558,Exhale,-10.1035643,9.89186382,-5.13012362,2.57366157,2.06922546e-09,0.999336779,2.99051237e-07,0.000662913721
280,4.48,4.68,560,Exhale,-10.0423975,9.83935928,-5.09385824,2.5532217,2.31827646e-09,0.999315143,3.26804866e-07,0.000684499508
281,4.496,4.696,562,Exhale,-10.1309948,9.93562603,-5.13397264,2.57220745,1.9270896e-09,0.999366105,2.85155039e-07,0.000633625372
282,4.512,4.712,564,Exhale,-10.1930857,9.99548244,-5.18206215,2.59546256,1.7058891e-09,0.999388874,2.55982712e-07,0.00061086705
283,4.528,4.728,566,Exhale,-10.2833614,10.0827656,-5.21230125,2.61306167,1.4284196e-09,0.999430001,2.27608908e-07,0.000569772092
284,4.544,4.744,568,Exhale,-10.1983681,9.99721622,-5.18955755,2.60123706,1.69395797e-09,0.99938643,2.53630446e-07,0.000613338896
285,4.56,4.76,570,Exhale,-10.0979309,9.89961433,-5.1638689,2.58425331,2.06484518e-09,0.999334931,2.86895272e-07,0.000664798659
286,4.576,4.776,572,Exhale,-10.1647148,9.96641827,-5.1765132,2.59240055,1.80670612e-09,0.99937278,2.64993929e-07,0.000626949128
287,4.592,4.792,574,Exhale,-10.0626163,9.81740093,-5.15924978,2.59421158,2.32220931e-09,0.999270737,3.12900596e-07,0.000728940184
288,4.608,4.808,576,Exhale,-9.67068863,9.3339138,-5.07490301,2.57339859,5.57061197e-09,0.99884218,5.51857852e-07,0.00115729054
289,4.624,4.824,578,Exhale,-9.45818996,9.14796448,-5.00284195,2.52706718,8.29604829e-09,0.99866879,7.14174519e-07,0.00133046159
290,4.64,4.84,580,Exhale,-9.33222198,9.02281952,-4.93983173,2.49338841,1.06628386e-08,0.998541415,8.6191352e-07,0.00145770679
291,4.656,4.856,582,Exhale,-9.38588715,9.092309,-4.93976402,2.49016428,9.42826706e-09,0.998643577,8.04189938e-07,0.0013556123
292,4.672,4.872,584,Exhale,-9.58648109,9.29761982,-5.00270557,2.52456784,6.28408836e-09,0.998856485,6.15107012e-07,0.0011428888
293,4.688,4.888,586,Exhale,-9.55948734,9.26440048,-5.02473164,2.53598404,6.67374822e-09,0.99880439,6.21998311e-07,0.0011949956
294,4.704,4.904,588,Exhale,-9.50777054,9.21374035,-5.00068712,2.52321625,7.39284323e-09,0.998758256,6.70213183e-07,0.00124108826
295,4.72,4.92,590,Exhale,-9.32212448,9.04061127,-4.96421766,2.49492025,1.05813607e-08,0.998564959,8.26335452e-07,0.00143423001
296,4.736,4.936,592,Exhale,-9.14910221,8.8422184,-4.88539028,2.46136427,1.53367488e-08,0.998308063,1.09003361e-06,0.0016908102
297,4.752,4.952,594,Exhale,-9.0149231,8.70555019,-4.85968065,2.44473863,2.01032879e-08,0.998092651,1.28193483e-06,0.00190605281
298,4.768,4.968,596,Exhale,-8.94522285,8.58739853,-4.75554132,2.41361904,2.42535165e-08,0.997919381,1.60077502e-06,0.00207901234
299,4.784,4.984,598,Exhale,-9.18630409,8.89432526,-4.8367219,2.43579245,1.4028199e-08,0.998434246,1.08642928e-06,0.00156463962
300,4.8,5,600,Exhale,-9.43529415,9.21179485,-4.92863226,2.46226716,7.96458899e-09,0.998829186,7.21741628e-07,0.0011700613
301,4.816,5.016,602,Exhale,-9.41952515,9.17768097,-4.9038825,2.456213,8.3716829e-09,0.998795927,7.65475761e-07,0.00120331766
302,4.832,5.032,604,Exhale,-9.36532497,9.12068653,-4.86566353,2.43901801,9.35583877e-09,0.998747051,8.41900658e-07,0.00125211361
303,4.848,5.048,606,Exhale,-9.22463417,8.96550083,-4.86111403,2.43463087,1.25745281e-08,0.998543382,9.87516614e-07,0.00145561376
304,4.864,5.064,608,Exhale,-9.08115196,8.79404449,-4.84526396,2.42848325,1.7224794e-08,0.998281956,1.19062997e-06,0.00171682134
305,4.88,5.08,610,Exhale,-8.90906048,8.63056564,-4.75968313,2.38353658,2.40877611e-08,0.998066008,1.52703183e-06,0.00193245325
306,4.896,5.096,612,Exhale,-8.85152721,8.55050087,-4.75452662,2.38563228,2.76364691e-08,0.997900724,1.66259827e-06,0.00209758198
307,4.912,5.112,614,Exhale,-8.99044704,8.69473171,-4.80113459,2.40901899,2.08264677e-08,0.998139322,1.37407653e-06,0.00185926305
308,4.928,5.128,616,Exhale,-9.20134735,8.95930958,-4.83929014,2.42019486,1.29508724e-08,0.998555303,1.01558533e-06,0.0014436791
309,4.944,5.144,618,Exhale,-9.22919941,8.97310162,-4.85622025,2.43408561,1.24226194e-08,0.998555183,9.84858616e-07,0.00144382147
310,4.96,5.16,620,Exhale,-9.18112373,8.90625572,-4.88793373,2.45039821,1.39337688e-08,0.998430133,1.01994635e-06,0.00156882463
311,4.976,5.176,622,Exhale,-9.04273796,8.74063969,-4.88472986,2.44971752,1.88787244e-08,0.998149157,1.20718164e-06,0.0018496206
312,4.992,5.192,624,Exhale,-9.00304985,8.6819725,-4.88233805,2.45304894,2.08274642e-08,0.99803102,1.28303589e-06,0.00196769112
313,5.008,5.208,626,Exhale,-8.91860294,8.59542084,-4.84138966,2.43245578,2.47082408e-08,0.997896969,1.45731372e-06,0.0021015706
314,5.024,5.224,628,Exhale,-8.88410091,8.5670166,-4.83758116,2.42840457,2.6311108e-08,0.997845173,1.50494395e-06,0.00215326669
315,5.04,5.24,630,Exhale,-8.86565876,8.53117752,-4.82983351,2.43080115,2.77764478e-08,0.997761369,1.57185809e-06,0.00223700469
316,5.056,5.256,632,Exhale,-8.76275444,8.41551208,-4.78583527,2.41086054,3.45543434e-08,0.997536957,1.84355747e-06,0.00246117194
317,5.072,5.272,634,Exhale,-8.75853157,8.40792561,-4.75459051,2.39805293,3.49652716e-08,0.997549653,1.9165775e-06,0.00244838651
318,5.088,5.288,636,Exhale,-8.73838902,8.37789631,-4.78013802,2.4132607,3.67601309e-08,0.997436643,1.9249685e-06,0.00256139762
319,5.104,5.304,638,Exhale,-8.67811203,8.31107903,-4.74179602,2.39635563,4.17365342e-08,0.997305691,2.13814269e-06,0.00269213342
320,5.12,5.32,640,Exhale,-8.54158211,8.17671108,-4.7171998,2.37875128,5.47042234e-08,0.996972859,2.50569951e-06,0.00302455435
321,5.136,5.336,642,Exhale,-8.57208633,8.19119644,-4.7170701,2.38520527,5.22989119e-08,0.996997058,2.4700455e-06,0.00300043309
322,5.152,5.352,644,Exhale,-8.54177952,8.14535427,-4.7057271,2.38253284,5.64294993e-08,0.996864974,2.61506557e-06,0.00313238241
323,5.168,5.368,646,Exhale,-8.57190228,8.18105316,-4.67699432,2.36870265,5.28428181e-08,0.997015893,2.59730541e-06,0.00298146927
324,5.184,5.384,648,Exhale,-8.55617142,8.17266846,-4.65727091,2.35883975,5.4132876e-08,0.997020185,2.67135806e-06,0.00297707808
325,5.2,5.4,650,Exhale,-8.6036005,8.2433939,-4.6890254,2.36967564,4.81085785e-08,0.997193038,2.41157568e-06,0.00280450238
326,5.216,5.416,652,Exhale,-8.65517807,8.30880737,-4.6710763,2.35939288,4.28058193e-08,0.997397065,2.30025626e-06,0.00260057999
327,5.232,5.432,654,Exhale,-8.75317192,8.40295506,-4.71123362,2.38214517,3.53292791e-08,0.997576118,2.01152898e-06,0.00242181821
328,5.248,5.448,656,Exhale,-8.78112125,8.4338007,-4.69334221,2.37641716,3.33148797e-08,0.997662961,1.98581188e-06,0.00233504688
329,5.264,5.464,658,Exhale,-8.73241329,8.36770725,-4.68755007,2.37679005,3.73616551e-08,0.997502685,2.13347653e-06,0.00249512214
330,5.28,5.48,660,Exhale,-8.81617355,8.47415733,-4.68159485,2.37038684,3.08982955e-08,0.997768581,1.93000869e-06,0.00222944096
331,5.296,5.496,662,Exhale,-8.89872074,8.5686903,-4.68295479,2.37181282,2.58890296e-08,0.997966588,1.75387913e-06,0.00203163782
332,5.312,5.512,664,Exhale,-8.93123436,8.58673668,-4.70295763,2.38720202,2.46127545e-08,0.997972012,1.68840825e-06,0.0020262578
333,5.328,5.528,666,Exhale,-8.96643639,8.63107967,-4.68499041,2.37885022,2.27331416e-08,0.998075902,1.64462847e-06,0.00192244898
334,5.344,5.544,668,Exhale,-8.98879051,8.65957928,-4.6510911,2.36439538,2.16077254e-08,0.998156548,1.65366669e-06,0.00184176851
335,5.36,5.56,670,Exhale,-8.86507607,8.50883579,-4.61393213,2.35178518,2.84240524e-08,0.997883976,1.99496071e-06,0.00211400958
336,5.376,5.576,672,Exhale,-8.80636024,8.43869591,-4.6065855,2.34775329,3.23284226e-08,0.997739673,2.1553783e-06,0.00225815875
337,5.392,5.592,674,Exhale,-8.61457253,8.24316692,-4.52785254,2.305475,4.7602672e-08,0.997365952,2.83446616e-06,0.00263116276
338,5.408,5.608,676,Exhale,-8.29090309,7.89382839,-4.41135216,2.24808407,9.32238393e-08,0.996475339,4.51226424e-06,0.00352006708
339,5.424,5.624,678,Exhale,-8.03835583,7.60462952,-4.31050301,2.20610476,1.60093919e-07,0.995490313,6.65825974e-06,0.00450285058
340,5.44,5.64,680,Exhale,-7.93872309,7.46726322,-4.28804302,2.20157242,2.02779461e-07,0.994852781,7.80717983e-06,0.00513923354
341,5.456,5.656,682,Exhale,-7.81332779,7.35413599,-4.22558928,2.1650939,2.57296904e-07,0.994444072,9.30185524e-06,0.00554635935
342,5.472,5.672,684,Exhale,-7.57924795,7.10871649,-4.12619114,2.11852884,4.15094632e-07,0.993228137,1.31156748e-05,0.00675830944
343,5.488,5.688,686,Exhale,-7.339396,6.85188818,-4.05332136,2.08179474,6.80970459e-07,0.991572976,1.82075855e-05,0.00840813015
344,5.504,5.704,688,Exhale,-7.05385637,6.52976751,-3.98194218,2.04878497,1.24682447e-06,0.988776624,2.6910433e-05,0.0111952089
345,5.52,5.72,690,Exhale,-6.83784533,6.26805925,-3.9414444,2.03683996,2.00398495e-06,0.985635817,3.62898681e-05,0.0143258795
346,5.536,5.736,692,Exhale,-6.64658308,6.02084875,-3.91293526,2.0328064,3.09460961e-06,0.981751561,4.76226996e-05,0.0181977134
347,5.552,5.752,694,Exhale,-6.40377855,5.73051071,-3.84468341,2.01466107,5.24410643e-06,0.97617209,6.77754506e-05,0.0237549096
348,5.568,5.768,696,Exhale,-6.21417427,5.55743074,-3.75669956,1.96455801,7.51321159e-06,0.97312516,8.77189304e-05,0.0267795883
349,5.584,5.784,698,Exhale,-6.08833313,5.41528893,-3.71290135,1.94812667,9.78690241e-06,0.969627261,0.000105264553,0.0302576646
350,5.6,5.8,700,Exhale,-5.84675741,5.16318178,-3.6371603,1.91245103,1.59171359e-05,0.962544382,0.000145037659,0.0372946337
351,5.616,5.816,702,Exhale,-5.49753809,4.71243572,-3.58125615,1.90381491,3.46995112e-05,0.942884803,0.00023580555,0.056844715
352,5.632,5.832,704,Exhale,-5.4115386,4.62467194,-3.57233238,1.89902663,4.10812827e-05,0.938241959,0.000258464628,0.0614585243
353,5.648,5.848,706,Exhale,-5.30636883,4.51547194,-3.53012872,1.88037407,5.06056313e-05,0.932760358,0.000298957952,0.0668900684
354,5.664,5.864,708,Exhale,-5.24790621,4.4231987,-3.51369667,1.88047326,5.84577392e-05,0.926722109,0.000331130868,0.0728883147
355,5.68,5.88,710,Exhale,-5.05885935,4.15246725,-3.43116212,1.86831045,9.06161222e-05,0.907055378,0.000461429561,0.0923925787
356,5.696,5.896,712,Exhale,-4.78774977,3.64193487,-3.25391293,1.88747704,0.000185900615,0.851620972,0.000861822278,0.147331297
357,5.712,5.912,714,Exhale,-4.68716288,3.27754879,-3.14223385,1.92915154,0.000275446189,0.792623758,0.00129119225,0.205809593
358,5.728,5.928,716,Exhale,-4.61012411,2.77976227,-3.06950665,2.04103708,0.000416862633,0.675118268,0.00194569444,0.322519213
359,5.744,5.944,718,Exhale,-4.57208776,2.43554068,-3.01463032,2.110466,0.000523798051,0.578812897,0.00248633162,0.418176949
360,5.76,5.96,720,Noise,-4.54581261,1.95906603,-3.00394011,2.26688457,0.000631557137,0.422129363,0.00295147672,0.574287593
361,5.776,5.976,722,Noise,-4.54626799,1.36025703,-2.96883559,2.49977922,0.000657211407,0.241477311,0.00318255043,0.754682958
362,5.792,5.992,724,Noise,-4.50253057,0.785552859,-2.91833091,2.71452093,0.000638445257,0.126388952,0.0031126684,0.869859934
363,5.808,6.008,726,Noise,-4.43082094,0.319366306,-2.84685755,2.86144972,0.000628779584,0.0726906434,0.00306482008,0.923615754
364,5.824,6.024,728,Noise,-4.35508966,-0.306698829,-2.78197789,3.05766273,0.000581359025,0.0333148763,0.00280309725,0.963300645
365,5.84,6.04,730,Noise,-4.24785089,-0.995390356,-2.66506958,3.2445848,0.00054760318,0.0141576659,0.00266599399,0.982628763
366,5.856,6.056,732,Noise,-4.29800177,-1.556674,-2.67774916,3.50139952,0.000406387902,0.00630208571,0.00205403357,0.991237521
367,5.872,6.072,734,Noise,-4.46470022,-1.92443895,-2.78651285,3.76310921,0.000265769224,0.00337074697,0.00142341712,0.994940042
368,5.888,6.088,736,Noise,-4.65217972,-2.18428683,-2.88122988,3.98043323,0.000177607391,0.00209533423,0.00104369782,0.996683359
369,5.904,6.104,738,Noise,-4.69398069,-2.25904536,-2.95056415,4.05734444,0.000157798699,0.00180128484,0.000902110187,0.997138798
370,5.92,6.12,740,Noise,-4.75281191,-2.29711008,-3.01591897,4.1178937,0.000140082746,0.00163260987,0.000795623637,0.997431695
371,5.936,6.136,742,Noise,-4.84152937,-2.33932948,-3.06138396,4.18597555,0.000119786419,0.00146251114,0.000710419554,0.997707307
372,5.952,6.152,744,Noise,-4.85647011,-2.35356259,-3.06925869,4.20030117,0.000116338517,0.00142142002,0.000694863615,0.997767389
373,5.968,6.168,746,Noise,-4.87806797,-2.37640166,-3.07986355,4.22474289,0.000111114299,0.00135590672,0.000670996436,0.997861981
374,5.984,6.184,748,Noise,-4.93411589,-2.40587306,-3.11818004,4.2765975,9.97664538e-05,0.00125022,0.000613247044,0.998036742
375,6,6.2,750,Noise,-4.96337891,-2.43352175,-3.11011767,4.29885006,9.47641311e-05,0.00118945213,0.000604651461,0.998111129
376,6.016,6.216,752,Noise,-4.97587109,-2.43317556,-3.142874,4.30954361,9.25959466e-05,0.00117725518,0.000578965235,0.998151183
377,6.032,6.232,754,Noise,-4.95520067,-2.42430472,-3.14611149,4.29556847,9.58566816e-05,0.00120441604,0.000585193979,0.998114526
378,6.048,6.248,756,Noise,-4.93243217,-2.41391635,-3.16597056,4.28944731,9.86648665e-05,0.00122444727,0.000577201019,0.998099685
379,6.064,6.264,758,Noise,-4.92012548,-2.41326022,-3.16572165,4.28474426,0.000100356367,0.00123101322,0.000580059888,0.998088598
380,6.08,6.28,760,Noise,-4.91928482,-2.41263771,-3.1666491,4.28443336,0.000100471909,0.00123216165,0.000579701853,0.998087645
381,6.096,6.296,762,Noise,-4.91471767,-2.41110539,-3.16535211,4.28170443,0.000101206802,0.00123741303,0.000582035573,0.99807936
382,6.112,6.312,764,Noise,-4.91213036,-2.41117096,-3.16338849,4.27955151,0.000101687125,0.00123999186,0.000584433263,0.998073876
383,6.128,6.328,766,Noise,-4.90203428,-2.40603638,-3.15551257,4.27024746,0.000103676008,0.00125798758,0.000594542595,0.998043776
384,6.144,6.344,768,Noise,-4.90136051,-2.407583,-3.15584826,4.27100611,0.000103667575,0.00125509547,0.000593894452,0.998047352
385,6.16,6.36,770,Noise,-4.90856409,-2.4084301,-3.16144109,4.27618217,0.000102393671,0.00124757737,0.000587542076,0.998062491
386,6.176,6.376,772,Noise,-4.91248941,-2.41128325,-3.16090751,4.27902079,0.000101704354,0.00124050805,0.000586194685,0.998071611
387,6.192,6.392,774,Noise,-4.93733358,-2.4216578,-3.17187285,4.29715919,9.74309078e-05,0.00120570441,0.000569411961,0.99812746
388,6.208,6.408,776,Noise,-4.95615816,-2.42829919,-3.18244648,4.31139374,9.42665501e-05,0.00118084473,0.000555483042,0.998169422
389,6.224,6.424,778,Noise,-4.93857908,-2.41603088,-3.16492319,4.292171,9.77942836e-05,0.00121854688,0.00057623873,0.998107433
390,6.24,6.44,780,Noise,-4.91709232,-2.40622711,-3.14524055,4.27199078,0.000101948564,0.00125555578,0.000599634426,0.998042881
391,6.256,6.456,782,Noise,-4.87956715,-2.38975811,-3.11900306,4.23828936,0.000109462919,0.0013200104,0.000636605371,0.997933924
392,6.272,6.472,784,Noise,-4.55356169,-2.33381867,-2.93916321,4.02069044,0.000188365739,0.00173390005,0.000946512329,0.997131228
393,6.288,6.488,786,Noise,-3.80491257,-2.26778316,-2.57783556,3.59658146,0.000606982852,0.00282321055,0.00207056664,0.994499266
394,6.304,6.504,788,Noise,-2.6288445,-2.52221036,-2.16236329,3.22930336,0.00282659894,0.00314466818,0.00450665597,0.989522099
395,6.32,6.52,790,Noise,-1.63479424,-2.89872813,-1.58382916,2.86694932,0.010809754,0.00305419159,0.0113749541,0.974761128
396,6.336,6.536,792,Noise,-1.91453886,-2.93586683,-1.60402834,3.01738167,0.00707364827,0.00254733674,0.00964931492,0.980729699
397,6.352,6.552,794,Noise,-2.8653357,-2.93344235,-1.442137,3.3132484,0.00204753084,0.00191272318,0.0084980214,0.987541735
398,6.368,6.568,796,Noise,-2.86453223,-3.02524543,-1.01591241,3.22173238,0.00223225146,0.00190084311,0.0141771361,0.981689751
399,6.384,6.584,798,Noise,-2.84472466,-3.15558696,-0.696712554,3.17644811,0.00236763619,0.00173503882,0.0202854555,0.975611866
400,6.4,6.6,800,Noise,-2.93640256,-2.87645507,-0.536223948,3.02437353,0.00249377801,0.00264784577,0.0274942666,0.967364132
401,6.416,6.616,802,Noise,-2.98010135,-3.05941772,-0.356626093,3.06064391,0.00229403377,0.00211910834,0.0316199102,0.963966966
402,6.432,6.632,804,Noise,-3.11964464,-3.13967252,-0.184189856,3.09025335,0.0019287864,0.00189054117,0.0363191739,0.959861517
403,6.448,6.648,806,Noise,-3.52281094,-3.34968948,-0.0517858192,3.30312085,0.00104625127,0.00124400377,0.0336575955,0.964052141
404,6.464,6.664,808,Noise,-4.15817022,-3.4546423,-0.0963044614,3.5892489,0.000420752913,0.000850286742,0.0244384129,0.97429055
405,6.48,6.68,810,Noise,-4.85346031,-3.23593807,-0.475303113,3.8483634,0.000163945137,0.000826379459,0.0130649591,0.985944688
406,6.496,6.696,812,Noise,-5.75024414,-3.16736174,-0.928288341,4.28995275,4.3349457e-05,0.000573740108,0.00538433949,0.993998587
407,6.512,6.712,814,Noise,-5.84259701,-3.0870955,-0.765707433,4.19868851,4.32303896e-05,0.000679967634,0.00692874007,0.992348075
408,6.528,6.728,816,Noise,-5.53184223,-2.85607958,-0.618592501,3.91015244,7.83794749e-05,0.00113833812,0.0106659513,0.988117337
409,6.544,6.744,818,Noise,-5.34024,-2.78317475,-0.804306448,3.85339141,0.000100588368,0.00129737973,0.00938596018,0.989216089
410,6.56,6.76,820,Noise,-5.28347254,-2.8158958,-1.03943026,3.92608261,9.92591886e-05,0.00117064628,0.00691727223,0.991812825
411,6.576,6.776,822,Noise,-5.15985107,-2.66772676,-1.22275317,3.87399244,0.000118394048,0.00143101998,0.00607001502,0.992380559
412,6.592,6.792,824,Noise,-5.09988785,-2.76367283,-1.35437989,3.94671106,0.000117050964,0.00121054321,0.00495482609,0.993717551
413,6.608,6.808,826,Noise,-5.00952053,-2.68259287,-1.48668087,3.92791462,0.000130603265,0.00133821496,0.00442490401,0.994106293
414,6.624,6.824,828,Noise,-4.87109423,-2.52772617,-1.68594682,3.87373447,0.000158385112,0.00164978043,0.00382830272,0.994363546
415,6.64,6.84,830,Noise,-4.61885405,-2.29978514,-1.9192549,3.75221252,0.000230081743,0.00233905809,0.00342218252,0.99400866
416,6.656,6.856,832,Noise,-4.6026454,-2.26972795,-2.08409214,3.78721762,0.000225941054,0.00232899375,0.00280407048,0.994641006
417,6.672,6.872,834,Noise,-4.71417856,-2.33855891,-2.19070506,3.89101553,0.000182342832,0.00196158537,0.00227415096,0.995581925
418,6.688,6.888,836,Noise,-4.66333199,-2.28168058,-2.3322053,3.88804722,0.000192455816,0.0020829034,0.00198027957,0.995744348
419,6.704,6.904,838,Noise,-4.57080841,-2.18289208,-2.4908452,3.85092354,0.000219074223,0.00238588871,0.00175350835,0.99564153
420,6.72,6.92,840,Noise,-4.55526447,-2.12377477,-2.65261674,3.86774158,0.000218835543,0.00248943293,0.00146699045,0.995824754
421,6.736,6.936,842,Noise,-4.58226061,-2.06424546,-2.79657245,3.89670873,0.000206959856,0.00256712013,0.00123424293,0.995991707
422,6.752,6.952,844,Noise,-4.59789515,-2.10542464,-2.82313347,3.92787123,0.000197548812,0.00238858443,0.00116531574,0.996248543
423,6.768,6.968,846,Noise,-4.65987635,-2.16858888,-2.87469292,3.99428058,0.000173823253,0.00209923112,0.00103610358,0.996690869
424,6.784,6.984,848,Noise,-4.75594234,-2.22784734,-2.97192073,4.08230686,0.000144667603,0.0018126294,0.000861315057,0.997181416
425,6.8,7,850,Noise,-4.8322978,-2.2867434,-3.06285644,4.16524601,0.000123413774,0.00157356192,0.000724139507,0.997578859
426,6.816,7.016,852,Noise,-4.877738,-2.33825803,-3.10163474,4.21644688,0.000112070593,0.00142027938,0.000661977916,0.997805655
427,6.832,7.032,854,Noise,-4.9004221,-2.37399244,-3.12749219,4.24705982,0.000106268111,0.00132928288,0.000625715125,0.997938752
428,6.848,7.048,856,Noise,-4.93567324,-2.40400624,-3.15752006,4.28346443,9.89329637e-05,0.00124402763,0.000585575821,0.998071492
429,6.864,7.064,858,Noise,-4.9479394,-2.42666078,-3.16431785,4.30052471,9.60799953e-05,0.00119566731,0.000571807672,0.998136461
430,6.88,7.08,860,Noise,-4.95315504,-2.43394303,-3.18179488,4.31184053,9.45084757e-05,0.00117368251,0.000555600622,0.998176217
431,6.896,7.096,862,Noise,-4.96358633,-2.43330789,-3.18236876,4.31587887,9.31515533e-05,0.00116970425,0.000553048332,0.998184085
432,6.912,7.112,864,Noise,-4.94800425,-2.42252851,-3.18164253,4.30458736,9.56854346e-05,0.00119576545,0.00055971503,0.998148859
433,6.928,7.128,866,Noise,-4.95173025,-2.42651343,-3.17884326,4.30747271,9.50557514e-05,0.0011875889,0.00055967184,0.99815768
434,6.944,7.144,868,Noise,-4.95194864,-2.42249155,-3.17827964,4.30567074,9.52055998e-05,0.00119451538,0.00056099263,0.998149276
435,6.96,7.16,870,Noise,-4.95821714,-2.42557359,-3.18366456,4.3114295,9.40690734e-05,0.00118402264,0.000554785714,0.998167098
436,6.976,7.176,872,Noise,-4.97006702,-2.43094587,-3.1886847,4.32020807,9.21508617e-05,0.00116741622,0.000547197298,0.998193264
437,6.992,7.192,874,Noise,-4.97009802,-2.43269086,-3.19189596,4.32239723,9.1947215e-05,0.00116284145,0.000544254377,0.998200953
438,7.008,7.208,876,Noise,-4.97382736,-2.43475151,-3.19861293,4.32720947,9.11665484e-05,0.00115489401,0.000538023654,0.998215914
439,7.024,7.224,878,Noise,-4.96791363,-2.42965484,-3.19456816,4.32069445,9.23048283e-05,0.00116835872,0.000543724105,0.998195589
440,7.04,7.24,880,Noise,-4.95182276,-2.42517233,-3.18157363,4.30799246,9.49976602e-05,0.00118856586,0.000557856285,0.998158574
441,7.056,7.256,882,Noise,-4.93968868,-2.42056227,-3.1767683,4.30013371,9.69137182e-05,0.00120344979,0.000564952381,0.998134673
442,7.072,7.272,884,Noise,-4.92066193,-2.41632581,-3.16997671,4.28805399,9.99723852e-05,0.00122320547,0.000575695653,0.998101115
443,7.088,7.288,886,Noise,-4.87906361,-2.40434837,-3.14599323,4.25613832,0.000107588348,0.00127796922,0.000608734787,0.998005688
444,7.104,7.304,888,Noise,-4.81183004,-2.39979029,-3.12041998,4.21766472,0.000119571087,0.00133401819,0.000648927584,0.997897506
445,7.12,7.32,890,Noise,-4.81373405,-2.42661095,-3.12059402,4.23579454,0.000117207986,0.00127547397,0.000637204095,0.997970104
446,7.136,7.336,892,Noise,-4.72344637,-2.3970747,-3.04590249,4.16234922,0.000138023242,0.00141345698,0.000738754752,0.997709751
447,7.152,7.352,894,Noise,-4.56727362,-2.32287407,-2.95097661,4.03781557,0.000182653675,0.00172329147,0.000919554092,0.997174501
448,7.168,7.368,896,Noise,-4.47166491,-2.278193,-2.89441943,3.96399426,0.00021629504,0.00193936389,0.00104721426,0.996797144
449,7.184,7.384,898,Noise,-4.45941448,-2.28055763,-2.88037729,3.95725083,0.000220434929,0.00194780703,0.00106917194,0.996762574
450,7.2,7.4,900,Noise,-4.45495844,-2.28358483,-2.87060094,3.95378113,0.000222185248,0.00194863626,0.00108341023,0.996745765
451,7.216,7.416,902,Noise,-4.45500326,-2.28588414,-2.87035799,3.95458102,0.000221999144,0.00194261968,0.00108281441,0.99675256
452,7.232,7.432,904,Noise,-4.45455551,-2.28522038,-2.87067294,3.95402789,0.000222220828,0.00194497954,0.00108306925,0.996749759
453,7.248,7.448,906,Noise,-4.46536255,-2.29201007,-2.87890077,3.96392608,0.000217679233,0.00191289873,0.00106367411,0.996805727
454,7.264,7.464,908,Noise,-4.5114193,-2.29514909,-2.91100836,3.99310803,0.000201930525,0.00185231958,0.00100057956,0.996945143
455,7.28,7.48,910,Noise,-4.53943872,-2.28236604,-2.93351007,4.00574541,0.000193893546,0.00185266777,0.000966071559,0.996987343
456,7.296,7.496,912,Noise,-4.52977943,-2.25349617,-2.89338231,3.973593,0.000202132549,0.00196885411,0.00103828008,0.996790707
457,7.312,7.512,914,Noise,-4.58574009,-2.26623869,-2.95250487,4.01945782,0.000182606469,0.00185721763,0.000935020624,0.997025132
458,7.328,7.528,916,Noise,-4.71434736,-2.31508017,-3.052953,4.12222767,0.000144955571,0.0015967004,0.000763430144,0.997494936
459,7.344,7.544,918,Noise,-4.82254601,-2.36801887,-3.10790086,4.20599365,0.000119676341,0.00139314367,0.000664766645,0.997822404
460,7.36,7.56,920,Noise,-4.8743701,-2.39622307,-3.13621902,4.24860477,0.000108908411,0.00129809661,0.000619342434,0.99797368
461,7.376,7.576,922,Noise,-4.90331125,-2.40895319,-3.15011072,4.27045393,0.00010352242,0.00125406589,0.000597640115,0.998044789
462,7.392,7.592,924,Noise,-4.90664244,-2.41302061,-3.15330958,4.27478218,0.00010273415,0.00124360085,0.000593167846,0.998060524
463,7.408,7.608,926,Noise,-4.90356398,-2.41247988,-3.15363479,4.27360535,0.000103171922,0.00124573486,0.000593671401,0.998057425
464,7.424,7.624,928,Noise,-4.90836954,-2.4148221,-3.1547842,4.27743244,0.000102286285,0.00123808743,0.000590731099,0.998068869
465,7.44,7.64,930,Noise,-4.9101758,-2.414922,-3.15453124,4.27792358,0.000102051672,0.00123735727,0.000590591109,0.998070002
466,7.456,7.656,932,Noise,-4.91168499,-2.41602755,-3.15505338,4.27906513,0.00010178193,0.00123458484,0.000589611707,0.998073995
467,7.472,7.672,934,Noise,-4.90967989,-2.41431856,-3.15421367,4.2771306,0.000102183039,0.00123908313,0.000591245829,0.998067498
468,7.488,7.688,936,Noise,-4.91932821,-2.41520619,-3.15826631,4.28299475,0.000100611738,0.00123076467,0.000585420756,0.998083174
469,7.504,7.704,938,Noise,-4.91888189,-2.41459227,-3.15962982,4.28322411,0.000100633617,0.00123123871,0.000584489258,0.998083651
470,7.52,7.72,940,Noise,-4.91689968,-2.41374445,-3.15891957,4.2817502,0.000100981568,0.00123409508,0.000585764647,0.998079181
471,7.536,7.736,942,Noise,-4.91664553,-2.41382861,-3.15759683,4.28119564,0.000101063088,0.00123467355,0.000586864306,0.998077393
472,7.552,7.752,944,Noise,-4.91216993,-2.41272736,-3.15611196,4.27845764,0.000101793936,0.00123941293,0.000589343137,0.998069465
473,7.568,7.768,946,Noise,-4.91765165,-2.41313839,-3.15921736,4.28228521,0.000100851743,0.00123418332,0.000585277332,0.998079717
474,7.584,7.784,948,Noise,-4.92401886,-2.41398406,-3.16005492,4.28567696,9.98731848e-05,0.00122897536,0.000582812296,0.99808836
475,7.6,7.8,950,Noise,-4.93240213,-2.4170711,-3.16337609,4.2910533,9.85100341e-05,0.00121863838,0.000577774947,0.998105049
476,7.616,7.816,952,Noise,-4.93397141,-2.41717219,-3.16480374,4.29225636,9.82376441e-05,0.0012170542,0.000576258928,0.998108447
477,7.632,7.832,954,Noise,-4.93553638,-2.41750789,-3.16581535,4.29335213,9.79769175e-05,0.00121531729,0.000575047685,0.998111665
478,7.648,7.848,956,Noise,-4.9359951,-2.41827154,-3.16699338,4.29428339,9.78411626e-05,0.00121326325,0.000573837955,0.998115063
479,7.664,7.864,958,Noise,-4.92991161,-2.41742396,-3.16168165,4.2893405,9.89245746e-05,0.00122029183,0.000579744577,0.998101056
480,7.68,7.88,960,Noise,-4.92634153,-2.4183588,-3.16007447,4.28765821,9.94451984e-05,0.00122120022,0.000581652857,0.998097718
481,7.696,7.896,962,Noise,-4.92772627,-2.41914582,-3.15979385,4.28853035,9.92212736e-05,0.0012191789,0.000581310363,0.998100281
482,7.712,7.912,964,Noise,-4.92742872,-2.41895151,-3.15831017,4.287673,9.93356516e-05,0.0012204583,0.000582671259,0.998097539
483,7.728,7.928,966,Noise,-4.92405224,-2.4169488,-3.16013479,4.28603983,9.98340547e-05,0.00122489792,0.000582556881,0.998092711
484,7.744,7.944,968,Noise,-4.91748047,-2.41384602,-3.15649652,4.2806406,0.000101034639,0.00123533548,0.000587835617,0.998075783
485,7.76,7.96,970,Noise,-4.91063261,-2.41336107,-3.15014458,4.27545309,0.000102256432,0.00124234403,0.000594649289,0.998060763
486,7.776,7.976,972,Noise,-4.91047144,-2.41308618,-3.15033245,4.27533054,0.000102285405,0.00124283729,0.000594610116,0.998060286
487,7.792,7.992,974,Noise,-4.92401981,-2.41714478,-3.15832329,4.28538418,9.99025651e-05,0.00122545857,0.000583994726,0.998090625
488,7.808,8.008,976,Noise,-4.94248772,-2.42323399,-3.16755795,4.29861736,9.67890446e-05,0.00120205467,0.000571042474,0.998130143
489,7.824,8.024,978,Noise,-4.94581223,-2.42432022,-3.17114234,4.30183268,9.61590558e-05,0.00119690667,0.000567178242,0.998139739
490,7.84,8.04,980,Noise,-4.94668341,-2.42386103,-3.17278314,4.30258942,9.60028265e-05,0.00119655277,0.000565821072,0.998141646
491,7.856,8.056,982,Noise,-4.94944286,-2.42487645,-3.17345881,4.30428934,9.55761425e-05,0.00119331409,0.000564481306,0.998146653
492,7.872,8.072,984,Noise,-4.94909096,-2.424685,-3.17348361,4.30402708,9.5634794e-05,0.00119385472,0.000564614951,0.998145878
493,7.888,8.088,986,Noise,-4.94866323,-2.4245162,-3.17366934,4.30386353,9.56913136e-05,0.00119425112,0.000564602204,0.998145461
494,7.904,8.104,988,Noise,-4.94802999,-2.42485666,-3.17298222,4.30352974,9.57838347e-05,0.00119424227,0.000565178518,0.998144805
495,7.92,8.12,990,Noise,-4.94788551,-2.42478299,-3.17270231,4.30332851,9.58168894e-05,0.00119456986,0.000565450173,0.99814415
496,7.936,8.136,992,Noise,-4.94768763,-2.42471194,-3.17244625,4.30310965,9.58567689e-05,0.0011949155,0.000565718394,0.998143494
497,7.952,8.152,994,Noise,-4.94641972,-2.4238832,-3.17240834,4.30211353,9.60737452e-05,0.00119709445,0.000566301984,0.998140514
498,7.968,8.168,996,Noise,-4.94159126,-2.42276311,-3.169873,4.2984643,9.68907189e-05,0.00120280532,0.000569809461,0.9981305
499,7.984,8.184,998,Noise,-4.92433453,-2.41763115,-3.1592381,4.28516579,9.98930191e-05,0.00122513121,0.000583588553,0.9980914
500,8,8.2,1000,Noise,-4.91027832,-2.41399479,-3.15036368,4.27545214,0.000102292855,0.00124155928,0.000594520068,0.998061657
501,8.016,8.216,1002,Noise,-4.90300226,-2.41470194,-3.14778948,4.27193499,0.000103402053,0.00124504277,0.000598147628,0.998053432
502,8.032,8.232,1004,Noise,-4.89577341,-2.41209126,-3.14403152,4.26653242,0.000104714687,0.00125503854,0.000603641965,0.998036623
503,8.048,8.248,1006,Noise,-4.89587784,-2.41148233,-3.14610934,4.26720905,0.000104633124,0.00125495589,0.000601982698,0.998038411
504,8.064,8.264,1008,Noise,-4.89579725,-2.41114831,-3.14603806,4.26698256,0.000104665167,0.00125565834,0.000602161395,0.998037517
505,8.08,8.28,1010,Noise,-4.89716673,-2.41117597,-3.14668131,4.26779842,0.000104436913,0.00125460234,0.00060128473,0.998039663
506,8.096,8.296,1012,Noise,-4.89958,-2.4117372,-3.14741731,4.2691865,0.000104041093,0.00125216425,0.000600011379,0.998043776
507,8.112,8.312,1014,Noise,-4.89837694,-2.4113121,-3.14718938,4.26849365,0.000104238308,0.00125356216,0.000600562838,0.99804163
508,8.128,8.328,1016,Noise,-4.89639091,-2.40987825,-3.14622951,4.26665306,0.0001046373,0.0012576658,0.000602243294,0.998035431
509,8.144,8.344,1018,Noise,-4.89466238,-2.40980172,-3.14594483,4.26580238,0.000104907311,0.00125882984,0.000602926186,0.998033345
510,8.16,8.36,1020,Noise,-4.89544296,-2.41030216,-3.14558363,4.26623297,0.000104780469,0.0012576601,0.000602885149,0.998034656
511,8.176,8.376,1022,Noise,-4.895998,-2.41006327,-3.14558625,4.2663064,0.000104714629,0.00125786802,0.000602839224,0.998034596
512,8.192,8.392,1024,Noise,-4.89669037,-2.41029692,-3.1470716,4.26733398,0.000104535022,0.00125628675,0.000601328211,0.998037875
513,8.208,8.408,1026,Noise,-4.9051609,-2.41273642,-3.14879918,4.27236128,0.000103135026,0.00124695967,0.000597288832,0.998052597
514,8.224,8.424,1028,Noise,-4.90818596,-2.4124465,-3.15053225,4.27415752,0.000102639438,0.00124508829,0.000595187186,0.998057067
515,8.24,8.44,1030,Noise,-4.90682125,-2.41233134,-3.14943743,4.27312565,0.000102885417,0.00124651357,0.000596452563,0.998054147
516,8.256,8.456,1032,Noise,-4.90501213,-2.4115808,-3.14854503,4.27172041,0.000103216204,0.00124919822,0.000597821956,0.998049736
517,8.272,8.472,1034,Noise,-4.90535688,-2.41190505,-3.14830589,4.271873,0.000103164944,0.00124860345,0.000597874052,0.998050332
518,8.288,8.488,1036,Noise,-4.90455341,-2.411448,-3.14792299,4.27137899,0.000103298698,0.00124978914,0.000598397455,0.998048544
519,8.304,8.504,1038,Noise,-4.90669441,-2.41379499,-3.14881992,4.27361679,0.000102848186,0.00124408235,0.000596529397,0.998056531
520,8.32,8.52,1040,Noise,-4.90993309,-2.41534376,-3.14985633,4.27591133,0.000102281425,0.0012393191,0.000594550045,0.998063862
521,8.336,8.536,1042,Noise,-4.91067076,-2.41478515,-3.15111446,4.27646017,0.00010215005,0.00123933272,0.000593477394,0.998065054
522,8.352,8.552,1044,Noise,-4.91142178,-2.41473818,-3.15136766,4.27690744,0.000102027821,0.00123883807,0.000593062432,0.998066068
523,8.368,8.568,1046,Noise,-4.91142321,-2.41478419,-3.15135241,4.27694416,0.000102023943,0.00123873563,0.000593049743,0.998066187
524,8.384,8.584,1048,Noise,-4.91070652,-2.41438198,-3.15081739,4.27619886,0.000102172969,0.00124015508,0.00059380813,0.998063862
525,8.4,8.6,1050,Noise,-4.91141081,-2.41417146,-3.15174246,4.27678013,0.000102041857,0.00123969722,0.000592915225,0.998065352
526,8.416,8.616,1052,Noise,-4.91115713,-2.4140749,-3.15148711,4.27648306,0.000102097983,0.00124018418,0.000593242352,0.998064458
527,8.432,8.632,1054,Noise,-4.91123009,-2.41396403,-3.15157914,4.27648449,0.00010209038,0.00124031981,0.00059318688,0.998064399
528,8.448,8.648,1056,Noise,-4.91128159,-2.41396809,-3.15164828,4.27654266,0.000102079204,0.00124024285,0.000593111443,0.998064578
529,8.464,8.664,1058,Noise,-4.91003942,-2.41370201,-3.15120745,4.2757678,0.000102285077,0.00124153181,0.000593831588,0.998062372
530,8.48,8.68,1060,Noise,-4.90972137,-2.41376972,-3.15129089,4.27573395,0.000102321086,0.00124148978,0.000593802193,0.998062372
531,8.496,8.696,1062,Noise,-4.90975332,-2.41425943,-3.15189385,4.27622271,0.000102268015,0.00124027801,0.00059315539,0.99806428
532,8.512,8.712,1064,Noise,-4.91090965,-2.41488457,-3.15292072,4.27733994,0.000102036138,0.0012381234,0.000591887161,0.998067975
533,8.528,8.728,1066,Noise,-4.91023779,-2.41458869,-3.15214658,4.27666187,0.000102173748,0.00123932713,0.000592746015,0.99806577
534,8.544,8.744,1068,Noise,-4.90982151,-2.41442156,-3.1518681,4.2763195,0.000102251179,0.0012399574,0.00059311348,0.998064697
535,8.56,8.76,1070,Noise,-4.90989304,-2.41416073,-3.15197372,4.27628422,0.000102247446,0.00124032423,0.000593071571,0.998064339
536,8.576,8.776,1072,Noise,-4.91046238,-2.41415429,-3.15206456,4.2765708,0.000102160033,0.00123997766,0.00059284817,0.998064995
537,8.592,8.792,1074,Noise,-4.90918207,-2.41420436,-3.15114522,4.27572632,0.000102377104,0.00124096032,0.000593893463,0.998062789
538,8.608,8.808,1076,Noise,-4.90854406,-2.41387844,-3.15136027,4.27534628,0.000102481266,0.0012418353,0.000593990786,0.998061717
539,8.624,8.824,1078,Noise,-4.91114664,-2.41499019,-3.15286708,4.27744246,0.000102001533,0.00123786612,0.000591858407,0.998068273
540,8.64,8.84,1080,Noise,-4.91339779,-2.4162364,-3.15474916,4.27952576,0.000101561076,0.00123376003,0.000589520205,0.998075187
541,8.656,8.856,1082,Noise,-4.91313028,-2.41559196,-3.1545887,4.27905035,0.000101636368,0.00123514014,0.000589894073,0.998073339
542,8.672,8.872,1084,Noise,-4.91266012,-2.41491914,-3.15388751,4.27832508,0.000101757665,0.00123686483,0.000590734533,0.998070657
543,8.688,8.888,1086,Noise,-4.91396141,-2.41509748,-3.15357089,4.27875233,0.000101582023,0.00123611733,0.000590669806,0.998071611
544,8.704,8.904,1088,Noise,-4.91431999,-2.4154799,-3.15361953,4.27904129,0.00010151638,0.00123528903,0.000590471027,0.998072743
545,8.72,8.92,1090,Noise,-4.91685438,-2.41621852,-3.15520453,4.28088808,0.000101073158,0.00123210636,0.000588451454,0.998078346
546,8.736,8.936,1092,Noise,-4.91802931,-2.41622949,-3.15652871,4.28185654,0.000100857033,0.00123090367,0.000587105518,0.998081148
547,8.752,8.952,1094,Noise,-4.91758442,-2.41570997,-3.15684509,4.28151608,0.000100936159,0.00123196119,0.000587119022,0.998079956
548,8.768,8.968,1096,Noise,-4.91864872,-2.41559172,-3.15734887,4.28206491,0.000100773599,0.00123143243,0.000586502079,0.998081267
549,8.784,8.984,1098,Noise,-4.91887093,-2.4159193,-3.15726876,4.28228235,0.000100729383,0.00123076246,0.000586421986,0.998082101
550,8.8,9,1100,Noise,-4.91655493,-2.41431165,-3.15566206,4.28005838,0.000101186975,0.00123547809,0.000588668336,0.998074651
551,8.816,9.016,1102,Noise,-4.91610432,-2.41538358,-3.15484214,4.28027487,0.00010121079,0.00123388891,0.000589024392,0.998075902
552,8.832,9.032,1104,Noise,-4.91600275,-2.41523528,-3.15511155,4.28022432,0.000101226178,0.00123413408,0.000588895404,0.998075724
553,8.848,9.048,1106,Noise,-4.91775608,-2.41598868,-3.15576315,4.28144169,0.0001009263,0.00123170903,0.000587798073,0.998079538
554,8.864,9.064,1108,Noise,-4.91853714,-2.41592097,-3.15641856,4.28193712,0.000100797683,0.00123118388,0.000587122748,0.998080909
555,8.88,9.08,1110,Noise,-4.91785336,-2.41596055,-3.15654945,4.28185368,0.000100875033,0.00123123778,0.000587094866,0.99808079
556,8.896,9.096,1112,Noise,-4.91702604,-2.41530728,-3.15570354,4.28076029,0.000101068617,0.00123338588,0.000588232419,0.998077333
557,8.912,9.112,1114,Noise,-4.91499138,-2.41449928,-3.15420055,4.2791543,0.000101436723,0.00123636052,0.000590061012,0.998072147
558,8.928,9.128,1116,Noise,-4.9138298,-2.41465974,-3.15249801,4.27813196,0.000101658195,0.00123742293,0.000591669348,0.998069227
559,8.944,9.144,1118,Noise,-4.91374445,-2.41480494,-3.15215564,4.27802849,0.000101677368,0.00123737101,0.000591933087,0.998069048
560,8.96,9.16,1120,Noise,-4.91165638,-2.41440916,-3.15155625,4.2767477,0.000102020123,0.00123944297,0.00059304497,0.998065472
561,8.976,9.176,1122,Noise,-4.91087532,-2.41445112,-3.15083718,4.27622652,0.000102152917,0.00124003529,0.000593780074,0.998064041
562,8.992,9.192,1124,Noise,-4.90998983,-2.41434169,-3.15074039,4.27580261,0.000102286649,0.00124069536,0.000594088691,0.998062909
563,9.008,9.208,1126,Noise,-4.91037607,-2.41431427,-3.15039682,4.27582216,0.000102245132,0.00124070491,0.000594281126,0.998062789
564,9.024,9.224,1128,Noise,-4.91095829,-2.41456008,-3.15047717,4.27619696,0.000102147445,0.00123993668,0.000594011392,0.998063922
565,9.04,9.24,1130,Noise,-4.90954018,-2.41379213,-3.14986706,4.275105,0.000102403799,0.00124224054,0.000595021178,0.998060346
566,9.056,9.256,1132,Noise,-4.90754366,-2.41263747,-3.14894342,4.27336979,0.000102786085,0.00124582869,0.000596601982,0.998054802
567,9.072,9.272,1134,Noise,-4.90822744,-2.41354585,-3.14972663,4.27451038,0.000102599137,0.00124328339,0.000595457677,0.998058677
568,9.088,9.288,1136,Noise,-4.90944719,-2.41401935,-3.15030217,4.27536058,0.000102387254,0.00124164217,0.00059461093,0.998061359
569,9.104,9.304,1138,Noise,-4.91092825,-2.41484857,-3.15078974,4.27647305,0.000102122431,0.00123923807,0.000593662437,0.998064995
570,9.12,9.32,1140,Noise,-4.91076517,-2.41471505,-3.15059853,4.27627659,0.00010215908,0.00123964623,0.00059389224,0.99806428
571,9.136,9.336,1142,Noise,-4.90937996,-2.41399813,-3.15023017,4.27530003,0.000102400321,0.00124174345,0.000594689627,0.99806118
572,9.152,9.352,1144,Noise,-4.90920353,-2.4139514,-3.14992642,4.27510977,0.000102437814,0.00124203705,0.00059498311,0.998060524
573,9.168,9.368,1146,Noise,-4.91234159,-2.41520643,-3.15223026,4.27779293,0.000101844089,0.00123716565,0.000592028315,0.998068988
574,9.184,9.384,1148,Noise,-4.91223812,-2.4151597,-3.15197968,4.2775569,0.000101878606,0.00123751466,0.000592316093,0.998068273
575,9.2,9.4,1150,Noise,-4.91231775,-2.41510701,-3.15202403,4.27757549,0.000101868602,0.00123755692,0.000592278782,0.998068273
576,9.216,9.416,1152,Noise,-4.91236687,-2.41512799,-3.15219474,4.27767181,0.000101853817,0.0012374121,0.000592120865,0.998068631
577,9.232,9.432,1154,Noise,-4.91232824,-2.41508126,-3.15218258,4.27762794,0.000101862206,0.00123752409,0.000592153927,0.998068452
578,9.248,9.448,1156,Noise,-4.91228485,-2.41506696,-3.1521976,4.27760887,0.000101868565,0.0012375653,0.000592156313,0.998068392
579,9.264,9.464,1158,Noise,-4.91243744,-2.41511035,-3.15224743,4.27770615,0.000101843143,0.00123739161,0.000592069351,0.99806869
580,9.28,9.48,1160,Noise,-4.91254234,-2.4151938,-3.15229177,4.27780581,0.000101822341,0.00123716542,0.00059198431,0.998069048
581,9.296,9.496,1162,Noise,-4.91352844,-2.41553688,-3.15273952,4.27849579,0.00010165204,0.00123589067,0.000591312419,0.998071134
582,9.312,9.512,1164,Noise,-4.91341066,-2.41560578,-3.15285254,4.27850723,0.000101662867,0.0012357916,0.000591238961,0.998071313
583,9.328,9.528,1166,Noise,-4.91318274,-2.4155066,-3.15275574,4.27831697,0.000101705329,0.00123614864,0.000591408345,0.998070717
584,9.344,9.544,1168,Noise,-4.91250944,-2.41519523,-3.15238738,4.27778959,0.000101827347,0.00123718381,0.000591937336,0.998069048
585,9.36,9.56,1170,Noise,-4.91234493,-2.41529369,-3.15219164,4.27774,0.000101849138,0.00123712316,0.000592082506,0.998068929
586,9.376,9.576,1172,Noise,-4.91247416,-2.41528463,-3.15250778,4.27789259,0.000101820493,0.00123694621,0.000591805321,0.998069406
587,9.392,9.592,1174,Noise,-4.91368818,-2.41685319,-3.15271592,4.2790885,0.000101575861,0.00123353698,0.000590977666,0.998073936
588,9.408,9.608,1176,Noise,-4.91410017,-2.41620922,-3.15308046,4.27902222,0.000101540689,0.00123441254,0.000590801006,0.99807322
589,9.424,9.624,1178,Noise,-4.91624117,-2.41704035,-3.15401459,4.28050184,0.000101174177,0.00123156921,0.0005893794,0.998077869
590,9.44,9.64,1180,Noise,-4.91596079,-2.41749525,-3.15426016,4.28067017,0.000101185615,0.00123080309,0.000589136092,0.998078883
591,9.456,9.656,1182,Noise,-4.91531801,-2.41732025,-3.15424395,4.2802906,0.000101289013,0.00123148458,0.000589368748,0.998077869
592,9.472,9.672,1184,Noise,-4.91725683,-2.41707444,-3.15558553,4.28143644,0.00010097734,0.00123038027,0.000587906223,0.99808073
593,9.488,9.688,1186,Noise,-4.9170084,-2.41713762,-3.15593934,4.28152704,0.000100993326,0.00123019156,0.000587645278,0.998081148
594,9.504,9.704,1188,Noise,-4.91914129,-2.41783595,-3.15684223,4.28298855,0.000100631412,0.00122754287,0.000586260052,0.998085558
595,9.52,9.72,1190,Noise,-4.91908503,-2.41808033,-3.15714216,4.28317833,0.000100618061,0.00122701109,0.000585973554,0.998086393
596,9.536,9.736,1192,Noise,-4.91871309,-2.41780162,-3.15717816,4.28290558,0.000100682861,0.00122768676,0.000586111739,0.998085499
597,9.552,9.752,1194,Noise,-4.91852427,-2.41734695,-3.15711904,4.2825799,0.000100734549,0.0012286437,0.000586336653,0.998084307
598,9.568,9.768,1196,Noise,-4.9189086,-2.41747117,-3.15699792,4.28269958,0.000100683828,0.00122834451,0.000586337643,0.998084605
599,9.584,9.784,1198,Noise,-4.91795635,-2.41747379,-3.1558311,4.28210497,0.000100839497,0.00122906954,0.000587370247,0.998082697
600,9.6,9.8,1200,Noise,-4.91581011,-2.41673994,-3.15538287,4.28076458,0.000101191305,0.00123161671,0.00058841944,0.998078763
601,9.616,9.816,1202,Noise,-4.91445208,-2.41522384,-3.15499187,4.27949667,0.000101456899,0.00123504456,0.000589393661,0.998074114
602,9.632,9.832,1204,Noise,-4.91473103,-2.41529036,-3.15500498,4.27968359,0.000101409692,0.0012347321,0.000589276024,0.998074591
603,9.648,9.848,1206,Noise,-4.91516399,-2.41538739,-3.155442,4.28009653,0.000101324069,0.00123410416,0.000588776078,0.998075783
604,9.664,9.864,1208,Noise,-4.91252089,-2.41492033,-3.15285802,4.27786684,0.000101818325,0.0012374284,0.000591613178,0.998069167
605,9.68,9.88,1210,Noise,-4.91189432,-2.41456866,-3.15220761,4.27722788,0.000101947044,0.00123865227,0.000592375174,0.998067021
606,9.696,9.896,1212,Noise,-4.91112423,-2.41448998,-3.15192437,4.27686405,0.0001020626,0.00123919919,0.000592758006,0.998066008
607,9.712,9.912,1214,Noise,-4.91138983,-2.41453004,-3.15206456,4.27703142,0.000102018472,0.00123894273,0.000592575991,0.998066485
608,9.728,9.928,1216,Noise,-4.91159391,-2.41445756,-3.15229678,4.2771492,0.000101985672,0.00123888697,0.00059236883,0.998066783
609,9.744,9.944,1218,Noise,-4.91137409,-2.41459179,-3.15218258,4.27711678,0.0001020114,0.00123876089,0.000592455675,0.998066783
610,9.76,9.96,1220,Noise,-4.91074133,-2.41433167,-3.15168405,4.27653265,0.000102135426,0.0012398049,0.000593096425,0.998064935
611,9.776,9.976,1222,Noise,-4.91145706,-2.41476822,-3.15215802,4.27719879,0.000101994614,0.00123844121,0.000592421857,0.998067141
612,9.792,9.992,1224,Noise,-4.91029501,-2.41430879,-3.15097046,4.27611065,0.000102224018,0.00124035496,0.000593769539,0.998063624
613,9.808,10.008,1226,Noise,-4.9114151,-2.41500068,-3.15157962,4.27703428,0.000102015634,0.00123835669,0.000592861965,0.998066783
614,9.824,10.024,1228,Noise,-4.91149855,-2.41506147,-3.15180755,4.27717972,0.000101992337,0.00123810186,0.00059264095,0.99806726
615,9.84,10.04,1230,Noise,-4.91155672,-2.415097,-3.15183163,4.27721834,0.000101982478,0.00123801024,0.000592603872,0.998067379
616,9.856,10.056,1232,Noise,-4.91096973,-2.41474628,-3.15146136,4.27669287,0.000102095815,0.00123909337,0.000593133853,0.99806565
617,9.872,10.072,1234,Noise,-4.91073656,-2.41476297,-3.15141582,4.27660847,0.000102128222,0.00123917696,0.000593210862,0.998065472
618,9.888,10.088,1236,Noise,-4.91052198,-2.41458106,-3.15132785,4.27639389,0.000102171995,0.00123966753,0.000593389908,0.998064756
619,9.904,10.104,1238,Noise,-4.91021156,-2.41490674,-3.15150976,4.27648115,0.000102194863,0.00123915658,0.000593230594,0.998065412
620,9.92,10.12,1240,Noise,-4.90997219,-2.41461205,-3.15134001,4.27618647,0.000102249345,0.00123988581,0.000593505567,0.998064339
621,9.936,10.136,1242,Noise,-4.91001081,-2.41464448,-3.15132856,4.27620792,0.000102243212,0.0012398191,0.00059349963,0.998064458
622,9.952,10.152,1244,Noise,-4.9095273,-2.41426969,-3.15105867,4.27573633,0.000102340746,0.00124086684,0.000593938923,0.998062849
623,9.968,10.168,1246,Noise,-4.90862513,-2.414325,-3.15105391,4.27540874,0.000102466613,0.00124120398,0.000594135956,0.998062193
624,9.984,10.184,1248,Noise,-4.90548325,-2.41397572,-3.15081811,4.27395868,0.000102937833,0.00124343473,0.000595136255,0.998058498
625,10,10.2,1250,Noise,-4.9056263,-2.41446757,-3.15138841,4.27447796,0.000102869883,0.00124218047,0.000594489335,0.998060465
626,10.016,10.216,1252,Noise,-4.90611124,-2.41502261,-3.15123844,4.27498388,0.000102768165,0.00124086533,0.000594278739,0.998062074
627,10.032,10.232,1254,Noise,-4.9058218,-2.41482663,-3.15100408,4.27472448,0.000102824488,0.00124142936,0.000594571698,0.99806118
628,10.048,10.248,1256,Noise,-4.90571737,-2.41493034,-3.15092516,4.27470875,0.00010283685,0.00124132028,0.000594627985,0.99806124
629,10.064,10.264,1258,Noise,-4.90572119,-2.41504097,-3.15078855,4.2746954,0.000102837839,0.00124119956,0.000594717218,0.99806124
630,10.08,10.28,1260,Noise,-4.90620613,-2.41518569,-3.15127921,4.2751503,0.000102741375,0.00124045729,0.000594155921,0.99806267
631,10.096,10.296,1262,Noise,-4.90640783,-2.41494846,-3.15062737,4.27486467,0.000102749873,0.00124110444,0.000594712503,0.998061419
632,10.112,10.312,1264,Noise,-4.90578938,-2.41481662,-3.15044808,4.27449417,0.000102851431,0.0012417268,0.000595038931,0.998060405
633,10.128,10.328,1266,Noise,-4.90576458,-2.41477847,-3.15064788,4.27453327,0.000102849976,0.00124172575,0.000594896846,0.998060524
634,10.144,10.344,1268,Noise,-4.90598059,-2.41487861,-3.15124273,4.27489662,0.000102790524,0.00124115194,0.000594327808,0.998061717
635,10.16,10.36,1270,Noise,-4.90514565,-2.41382265,-3.15075517,4.27396965,0.000102971433,0.0012436111,0.000595167046,0.998058259
636,10.176,10.376,1272,Noise,-4.90876055,-2.41420817,-3.15057445,4.27541494,0.000102452061,0.00124134077,0.000594416982,0.998061776
637,10.192,10.392,1274,Noise,-4.90886164,-2.41484833,-3.14983034,4.27530956,0.000102452512,0.00124067732,0.000594922225,0.998061955
638,10.208,10.408,1276,Noise,-4.90948248,-2.41528344,-3.15058327,4.2760067,0.000102317819,0.00123927637,0.000594061625,0.998064339
639,10.224,10.424,1278,Noise,-4.9066515,-2.41425228,-3.1506207,4.27438974,0.000102773454,0.00124255661,0.000594997895,0.99805969
640,10.24,10.44,1280,Noise,-4.90696144,-2.41402721,-3.15151286,4.27473021,0.000102706726,0.00124241447,0.000594265526,0.998060584
641,10.256,10.456,1282,Noise,-4.90694284,-2.41384625,-3.15139556,4.2745862,0.000102723374,0.0012428175,0.000594420475,0.998060048
642,10.272,10.472,1284,Noise,-4.90721893,-2.41404653,-3.15148354,4.27482319,0.000102670761,0.00124227512,0.000594227808,0.998060822
643,10.288,10.488,1286,Noise,-4.90749121,-2.41422176,-3.15164065,4.27507687,0.000102616861,0.00124174345,0.000593984267,0.998061657
644,10.304,10.504,1288,Noise,-4.90771151,-2.41431141,-3.15159869,4.27517986,0.000102583719,0.00124150468,0.000593948178,0.998061955
645,10.32,10.52,1290,Noise,-4.90730476,-2.41453671,-3.15141058,4.27505445,0.000102638318,0.00124138047,0.000594134384,0.998061836
646,10.336,10.536,1292,Noise,-4.90754795,-2.41383553,-3.15172529,4.27494574,0.000102624428,0.00124238525,0.00059401145,0.998061001
647,10.352,10.552,1294,Noise,-4.91038895,-2.41398549,-3.15367293,4.27688646,0.000102135426,0.00123979722,0.000591709395,0.998066366
648,10.368,10.568,1296,Noise,-4.9114852,-2.41435623,-3.15477681,4.27783871,0.000101926729,0.00123816181,0.000590495823,0.998069406
649,10.384,10.584,1298,Noise,-4.91153765,-2.41382146,-3.1553185,4.27782011,0.000101923237,0.00123884669,0.000590186799,0.998069048
650,10.4,10.6,1300,Noise,-4.91186428,-2.41334176,-3.15506315,4.27780199,0.000101891725,0.00123946264,0.000590347801,0.998068273
651,10.416,10.616,1302,Noise,-4.91329527,-2.41341662,-3.15322495,4.27766991,0.000101759353,0.00123953226,0.000591511431,0.9980672
652,10.432,10.632,1304,Noise,-4.91239977,-2.41315079,-3.15269756,4.27697468,0.000101921141,0.00124072155,0.000592233846,0.998065114
653,10.448,10.648,1306,Noise,-4.91312838,-2.41363358,-3.15372419,4.27785635,0.000101757454,0.00123903342,0.000591106538,0.998068094
654,10.464,10.664,1308,Noise,-4.91286945,-2.41462827,-3.1539185,4.27827358,0.000101741563,0.00123728788,0.000590746407,0.99807024
655,10.48,10.68,1310,Noise,-4.91394854,-2.41498232,-3.15412879,4.27894211,0.00010156411,0.00123602571,0.00059022865,0.998072207
656,10.496,10.696,1312,Noise,-4.91344404,-2.41490126,-3.15372109,4.27856493,0.000101653583,0.00123659091,0.000590691401,0.998071074
657,10.512,10.712,1314,Noise,-4.91343641,-2.41464186,-3.15327024,4.2781868,0.000101692669,0.00123737787,0.00059118052,0.998069763
658,10.528,10.728,1316,Noise,-4.91026592,-2.41551781,-3.15220547,4.27696323,0.000102140271,0.00123780535,0.000592533557,0.998067498
659,10.544,10.744,1318,Noise,-4.90236568,-2.41383839,-3.14790988,4.2713685,0.000103526305,0.00124682172,0.000598413229,0.998051226
660,10.56,10.76,1320,Noise,-4.90329504,-2.41407084,-3.14870358,4.27217102,0.000103347411,0.00124553498,0.000597460254,0.99805367
661,10.576,10.776,1322,Noise,-4.90258503,-2.41402292,-3.14870024,4.27189684,0.000103449107,0.00124593545,0.00059762568,0.998053014
662,10.592,10.792,1324,Noise,-4.90211153,-2.41434717,-3.14788985,4.27156019,0.000103532868,0.00124594988,0.000598311075,0.99805218
663,10.608,10.808,1326,Noise,-4.90212202,-2.41445494,-3.1480999,4.27169085,0.000103518309,0.00124565349,0.000598107581,0.998052716
664,10.624,10.824,1328,Noise,-4.90213108,-2.41461802,-3.14838624,4.27188015,0.000103497856,0.00124521554,0.000597823586,0.998053491
665,10.64,10.84,1330,Noise,-4.90061283,-2.4134078,-3.14821529,4.27067471,0.000103779712,0.00124822208,0.000598644547,0.998049378
666,10.656,10.856,1332,Noise,-4.89768553,-2.41092634,-3.14576793,4.267519,0.000104411774,0.00125526451,0.000602001557,0.998038352
667,10.672,10.872,1334,Noise,-4.89694738,-2.41098976,-3.14538407,4.26714897,0.00010452744,0.00125564821,0.000602454995,0.998037398
668,10.688,10.888,1336,Noise,-4.89914036,-2.41149688,-3.14703989,4.26883793,0.000104122999,0.00125290023,0.000600446365,0.998042524
669,10.704,10.904,1338,Noise,-4.89810038,-2.4104588,-3.14788771,4.26841164,0.000104275605,0.00125473412,0.000600192288,0.998040795
670,10.72,10.92,1340,Noise,-4.90436459,-2.4116621,-3.14885783,4.27177525,0.000103277438,0.0012490286,0.000597602397,0.998050094
671,10.736,10.936,1342,Noise,-4.90628767,-2.41216516,-3.14876032,4.27277613,0.000102976177,0.0012471549,0.000597064442,0.998052776
672,10.752,10.952,1344,Noise,-4.90637732,-2.41213417,-3.14929128,4.27297211,0.00010294684,0.00124695001,0.000596630969,0.998053491
673,10.768,10.968,1346,Noise,-4.90642214,-2.41206837,-3.14922571,4.27292776,0.000102946768,0.00124708714,0.000596696394,0.998053253
674,10.784,10.984,1348,Noise,-4.90809631,-2.41241884,-3.15005779,4.27405739,0.000102658865,0.00124524673,0.000595528982,0.998056591
675,10.8,11,1350,Noise,-4.90878582,-2.41249013,-3.15073085,4.27464819,0.000102527694,0.00124442473,0.000594777812,0.998058259
676,10.816,11.016,1352,Noise,-4.90977192,-2.41290307,-3.1513803,4.27548742,0.000102340986,0.0012428707,0.000593894569,0.998060882
677,10.832,11.032,1354,Noise,-4.91240644,-2.41464305,-3.1525588,4.27776241,0.000101840538,0.0012379,0.000591851596,0.998068392
678,10.848,11.048,1356,Noise,-4.91349602,-2.41509533,-3.15300918,4.27844715,0.000101660233,0.00123649603,0.000591181451,0.998070657
679,10.864,11.064,1358,Noise,-4.91304111,-2.41478586,-3.15267634,4.27800226,0.000101751597,0.00123742735,0.000591640535,0.998069167
680,10.88,11.08,1360,Noise,-4.91307545,-2.41496158,-3.15251827,4.27804375,0.000101743899,0.00123715878,0.000591709628,0.998069406
681,10.896,11.096,1362,Noise,-4.91315746,-2.41504622,-3.15255809,4.27813435,0.000101726371,0.00123694248,0.000591632677,0.998069704
682,10.912,11.112,1364,Noise,-4.91309071,-2.41497231,-3.15251541,4.27805758,0.000101740945,0.00123712851,0.000591703167,0.998069406
683,10.928,11.128,1366,Noise,-4.91241884,-2.41473579,-3.15225053,4.27758169,0.000101857637,0.00123800838,0.00059214083,0.998067975
684,10.944,11.144,1368,Noise,-4.91176462,-2.41445804,-3.15207076,4.27710867,0.000101972379,0.00123893644,0.00059252663,0.998066545
685,10.96,11.16,1370,Noise,-4.9124999,-2.41493344,-3.15156317,4.27738667,0.000101869191,0.00123800442,0.000592663244,0.998067439
686,10.976,11.176,1372,Noise,-4.91176081,-2.4153986,-3.15077114,4.27700853,0.000101982994,0.00123789581,0.00059335673,0.998066783
687,10.992,11.192,1374,Noise,-4.91281748,-2.41603827,-3.15214896,4.2781291,0.000101761594,0.00123572361,0.00059187843,0.998070657
688,11.008,11.208,1376,Noise,-4.91340494,-2.41648126,-3.15231967,4.27864599,0.00010164945,0.00123454013,0.000591472606,0.998072326
689,11.024,11.224,1378,Noise,-4.91383934,-2.41669083,-3.15222406,4.27883625,0.000101586033,0.00123404735,0.000591417018,0.998072922
690,11.04,11.24,1380,Noise,-4.91310596,-2.41604733,-3.15178442,4.27804375,0.000101740887,0.00123581744,0.000592144555,0.9980703
691,11.056,11.256,1382,Noise,-4.91189671,-2.41662812,-3.15206146,4.27787638,0.000101881087,0.00123530719,0.000592079887,0.998070717
692,11.072,11.272,1384,Noise,-4.90964794,-2.41614532,-3.15109348,4.27639389,0.000102261511,0.00123773201,0.000593530014,0.998066485
693,11.088,11.288,1386,Noise,-4.90867424,-2.41581082,-3.15076828,4.27578306,0.000102423481,0.00123890024,0.000594084733,0.998064578
694,11.104,11.304,1388,Noise,-4.90848494,-2.41585016,-3.15075588,4.2757287,0.00010244843,0.00123891875,0.000594124314,0.998064518
695,11.12,11.32,1390,Noise,-4.90843296,-2.41570687,-3.15041494,4.27548695,0.000102478436,0.00123939489,0.000594470126,0.998063684
696,11.136,11.336,1392,Noise,-4.90797424,-2.41637111,-3.14929032,4.27524805,0.000102549915,0.00123886741,0.000595281017,0.998063326
697,11.152,11.352,1394,Noise,-4.9056778,-2.41527653,-3.1502974,4.2741766,0.000102895559,0.00124154985,0.000595317513,0.998060226
698,11.168,11.368,1396,Noise,-4.90523434,-2.41427422,-3.15048647,4.27373171,0.0001029868,0.00124334544,0.00059546862,0.9980582
699,11.184,11.384,1398,Noise,-4.90459681,-2.41421366,-3.14843249,4.27267456,0.000103161125,0.0012447316,0.00059732201,0.998054802
700,11.2,11.4,1400,Noise,-4.90204525,-2.41518283,-3.1495049,4.2725668,0.000103435974,0.00124366162,0.000596746919,0.998056173
701,11.216,11.416,1402,Noise,-4.89907885,-2.4134419,-3.14821959,4.27006149,0.000104002647,0.0012489435,0.000599008403,0.998048067
702,11.232,11.432,1404,Noise,-4.89829731,-2.41344976,-3.14871383,4.27010775,0.000104079183,0.00124887633,0.000598684885,0.998048365
703,11.248,11.448,1406,Noise,-4.90119696,-2.41342568,-3.149019,4.27145576,0.00010363834,0.00124722789,0.000597697857,0.998051465
704,11.264,11.464,1408,Noise,-4.90074205,-2.41093469,-3.14872336,4.27015972,0.000103819359,0.00125195272,0.000598646409,0.998045564
705,11.28,11.48,1410,Noise,-4.90068769,-2.41040254,-3.14941072,4.27012825,0.000103828235,0.0012526582,0.000598253682,0.998045266
706,11.296,11.496,1412,Noise,-4.89979267,-2.40962481,-3.1494422,4.26939774,0.000103996892,0.00125454576,0.000598670566,0.998042762
707,11.312,11.512,1414,Noise,-4.90168524,-2.41005945,-3.15085864,4.27090073,0.00010364483,0.00125212304,0.000596928061,0.998047292
708,11.328,11.528,1416,Noise,-4.90450859,-2.41112018,-3.15249443,4.27315807,0.000103120299,0.00124798401,0.000594612793,0.998054266
709,11.344,11.544,1418,Noise,-4.90378952,-2.41015267,-3.15108991,4.27189159,0.000103324783,0.00125076936,0.000596200407,0.998049676
710,11.36,11.56,1420,Noise,-4.90326118,-2.41065621,-3.15030289,4.27159643,0.000103409853,0.00125050812,0.000596845697,0.998049259
711,11.376,11.576,1422,Noise,-4.90553951,-2.41119242,-3.15288424,4.27373075,0.00010295523,0.00124718132,0.000594041659,0.998055816
712,11.392,11.592,1424,Noise,-4.90665102,-2.41122794,-3.15117335,4.2735219,0.000102862206,0.00124739588,0.000595182413,0.998054564
713,11.408,11.608,1426,Noise,-4.90655804,-2.41081214,-3.15050983,4.27304459,0.000102920698,0.00124850811,0.000595860707,0.998052716
714,11.424,11.624,1428,Noise,-4.89875746,-2.40813518,-3.14846063,4.26796484,0.000104253326,0.00125821086,0.000600114581,0.998037398
715,11.44,11.64,1430,Noise,-4.90052843,-2.40885854,-3.15052962,4.2696104,0.000103898325,0.00125524076,0.000597892853,0.998042941
716,11.456,11.656,1432,Noise,-4.89933825,-2.41049862,-3.14934611,4.26951885,0.000104031686,0.00125329976,0.000598656305,0.998044014
717,11.472,11.672,1434,Noise,-4.89893723,-2.41167641,-3.1464324,4.26863527,0.000104165199,0.00125292852,0.00060093269,0.998041987
718,11.488,11.688,1436,Noise,-4.89472198,-2.40978289,-3.14527655,4.26563835,0.000104918188,0.00125905906,0.000603427761,0.99803257
719,11.504,11.704,1438,Noise,-4.89523935,-2.41018271,-3.14539075,4.26608849,0.000104816885,0.0012579913,0.000603088236,0.99803412
720,11.52,11.72,1440,Noise,-4.87968302,-2.40225577,-3.13382769,4.25157499,0.000108011431,0.00128647895,0.000618992024,0.997986495
721,11.536,11.736,1442,Noise,-4.84288597,-2.38986969,-3.10577393,4.21987677,0.000115656956,0.00134432164,0.000657037192,0.997882962
722,11.552,11.752,1444,Noise,-4.86002684,-2.38462877,-3.09616661,4.21800184,0.000113902999,0.00135390088,0.000664614665,0.997867584
723,11.568,11.768,1446,Noise,-4.9080534,-2.36251187,-3.13600945,4.24318218,0.000105868137,0.00134983251,0.000622808002,0.997921467
724,11.584,11.784,1448,Noise,-5.0083642,-2.37806559,-3.1940043,4.31326723,8.92999306e-05,0.00123929675,0.000548046781,0.998123348
725,11.6,11.8,1450,Noise,-5.04288006,-2.38602471,-3.21486235,4.34048843,8.3959756e-05,0.00119654427,0.0005223591,0.998197138
726,11.616,11.816,1452,Noise,-5.03695917,-2.38534999,-3.21601081,4.33903217,8.45811446e-05,0.00119909283,0.000522518181,0.9981938
727,11.632,11.832,1454,Noise,-5.05830145,-2.39650512,-3.23099232,4.35832834,8.1217433e-05,0.00116319547,0.0005049397,0.998250663
728,11.648,11.848,1456,Noise,-5.0633955,-2.39735222,-3.23519778,4.36228418,8.04865776e-05,0.00115763419,0.000500840717,0.998261034
729,11.664,11.864,1458,Noise,-5.06961203,-2.39700389,-3.23806787,4.3655858,7.97247048e-05,0.0011542287,0.000497762812,0.998268306
730,11.68,11.88,1460,Noise,-5.07269621,-2.39716506,-3.23878121,4.36698627,7.93682193e-05,0.00115243136,0.000496713328,0.998271465
731,11.696,11.896,1462,Noise,-5.08117056,-2.40099359,-3.24444127,4.37398529,7.81511335e-05,0.00114004337,0.000490474806,0.998291314
732,11.712,11.912,1464,Noise,-5.10601997,-2.40638328,-3.27010036,4.3947854,7.46678998e-05,0.00111063477,0.000468234794,0.998346448
733,11.728,11.928,1466,Noise,-5.12031364,-2.39351463,-3.29759526,4.40457535,7.28922387e-05,0.00111407659,0.000451105181,0.998361945
734,11.744,11.944,1468,Noise,-5.04907846,-2.3648603,-3.25430274,4.34718513,8.28846314e-05,0.00121399015,0.000498810085,0.998204291
735,11.76,11.96,1470,Noise,-4.97238588,-2.37116194,-3.19309473,4.29597044,9.41821345e-05,0.00126959651,0.000558090804,0.998078108
736,11.776,11.976,1472,Noise,-4.92436266,-2.38815665,-3.15145111,4.26899719,0.00010151101,0.00128225214,0.000597693957,0.998018563
737,11.792,11.992,1474,Noise,-4.91124868,-2.40471148,-3.14468956,4.27009726,0.000102739745,0.0012598352,0.000601098116,0.998036325
738,11.808,12,1476,Noise,-4.92279005,-2.41605687,-3.15425968,4.2830286,0.000100260557,0.00122967549,0.000587750634,0.99808234
