strategy,fold,feature,n_train,center,scale
A_first20,first20,duration_s,20,1.6960000000000006,0.2253551999999997
A_first20,first20,mean_rms,20,0.17719706892967224,0.012740810966491802
A_first20,first20,spectral_centroid_mean,20,0.38354530930519104,0.011979924497008281
A_first20,first20,spectral_centroid_std,20,0.03918514773249625,0.0034072016034275908
A_first20,first20,spectral_flatness_mean,20,0.161550723016262,0.011012760713696479
A_first20,first20,spectral_flatness_std,20,0.05882907472550865,0.0068682729128747965
A_first20,first20,spectral_rolloff_std,20,0.0812807828187942,0.014084214893728483
B_pooled_in_sample,all,duration_s,318,1.6320000000000001,0.2965199999999999
B_pooled_in_sample,all,mean_rms,318,0.18380400538444513,0.02909280047267677
B_pooled_in_sample,all,spectral_centroid_mean,318,0.3705300390720367,0.027867408952116965
B_pooled_in_sample,all,spectral_centroid_std,318,0.039400866255164105,0.008977376704663007
B_pooled_in_sample,all,spectral_flatness_mean,318,0.13224149495363235,0.029707026135921476
B_pooled_in_sample,all,spectral_flatness_std,318,0.05567267537116995,0.013272604132443707
B_pooled_in_sample,all,spectral_rolloff_std,318,0.08070974424481385,0.016905980072915563
C_loso_global,2018-01-22#1,duration_s,309,1.64,0.3083807999999996
C_loso_global,2018-01-22#1,mean_rms,309,0.1838201880455017,0.03000845568180084
C_loso_global,2018-01-22#1,spectral_centroid_mean,309,0.3704258799552917,0.028523091119527732
C_loso_global,2018-01-22#1,spectral_centroid_std,309,0.0394020453095436,0.00935955419763933
C_loso_global,2018-01-22#1,spectral_flatness_mean,309,0.1310176700353622,0.029763516560196875
C_loso_global,2018-01-22#1,spectral_flatness_std,309,0.0556609295308589,0.013579534701257872
C_loso_global,2018-01-22#1,spectral_rolloff_std,309,0.0807666927576065,0.016883710871636867
C_loso_global,2018-01-23#1,duration_s,268,1.5920000000000003,0.2965200000000004
C_loso_global,2018-01-23#1,mean_rms,268,0.1866299584507942,0.031122744213044663
C_loso_global,2018-01-23#1,spectral_centroid_mean,268,0.36507315933704376,0.026530748748779254
C_loso_global,2018-01-23#1,spectral_centroid_std,268,0.039850516244769055,0.009512815126776684
C_loso_global,2018-01-23#1,spectral_flatness_mean,268,0.1299631148576736,0.02787443987801672
C_loso_global,2018-01-23#1,spectral_flatness_std,268,0.0554164443165063,0.01466515826359388
C_loso_global,2018-01-23#1,spectral_rolloff_std,268,0.0805936716496944,0.01691272379681473
C_loso_global,2018-01-23#2,duration_s,291,1.6560000000000006,0.3083807999999996
C_loso_global,2018-01-23#2,mean_rms,291,0.1832701116800308,0.03248153001666069
C_loso_global,2018-01-23#2,spectral_centroid_mean,291,0.3706341981887817,0.028876835614442823
C_loso_global,2018-01-23#2,spectral_centroid_std,291,0.0391893610358238,0.009759621061384637
C_loso_global,2018-01-23#2,spectral_flatness_mean,291,0.1323072910308838,0.031011707501113536
C_loso_global,2018-01-23#2,spectral_flatness_std,291,0.0559081621468067,0.013023180241137773
C_loso_global,2018-01-23#2,spectral_rolloff_std,291,0.0809658020734787,0.01582569184005254
C_loso_global,2018-01-23#3,duration_s,289,1.6559999999999997,0.28465920000000056
C_loso_global,2018-01-23#3,mean_rms,289,0.1846234798431396,0.030992034164071123
C_loso_global,2018-01-23#3,spectral_centroid_mean,289,0.3702115416526794,0.02956771107316009
C_loso_global,2018-01-23#3,spectral_centroid_std,289,0.0394020453095436,0.009386368922889129
C_loso_global,2018-01-23#3,spectral_flatness_mean,289,0.1310375481843948,0.02979760522842403
C_loso_global,2018-01-23#3,spectral_flatness_std,289,0.0555322542786598,0.013068707281351078
C_loso_global,2018-01-23#3,spectral_rolloff_std,289,0.0807171016931533,0.016854725562035933
C_loso_global,2018-02-01#1,duration_s,316,1.64,0.30838079999999946
C_loso_global,2018-02-01#1,mean_rms,316,0.18383396416902542,0.029151091432571368
C_loso_global,2018-02-01#1,spectral_centroid_mean,316,0.3705300390720367,0.027943583759665446
C_loso_global,2018-02-01#1,spectral_centroid_std,316,0.039400866255164105,0.008948454910889232
C_loso_global,2018-02-01#1,spectral_flatness_mean,316,0.13203898817300797,0.02949909188747408
C_loso_global,2018-02-01#1,spectral_flatness_std,316,0.05567267537116995,0.013435541559755801
C_loso_global,2018-02-01#1,spectral_rolloff_std,316,0.0806648507714271,0.016909365742653597
C_loso_global,2018-02-01#4,duration_s,316,1.6320000000000001,0.29652000000000006
C_loso_global,2018-02-01#4,mean_rms,316,0.18383396416902542,0.029151091432571368
C_loso_global,2018-02-01#4,spectral_centroid_mean,316,0.3705300390720367,0.027943583759665446
C_loso_global,2018-02-01#4,spectral_centroid_std,316,0.039400866255164105,0.008977376704663007
C_loso_global,2018-02-01#4,spectral_flatness_mean,316,0.13224149495363235,0.029734868160635242
C_loso_global,2018-02-01#4,spectral_flatness_std,316,0.05567267537116995,0.013435541559755801
C_loso_global,2018-02-01#4,spectral_rolloff_std,316,0.0806648507714271,0.016909365742653597
C_loso_global,2018-02-02#1,duration_s,310,1.64,0.2846592000000004
C_loso_global,2018-02-02#1,mean_rms,310,0.18380400538444513,0.02958508679419758
C_loso_global,2018-02-02#1,spectral_centroid_mean,310,0.3706792145967483,0.028173279082775116
C_loso_global,2018-02-02#1,spectral_centroid_std,310,0.03953734226524825,0.008916313140839308
C_loso_global,2018-02-02#1,spectral_flatness_mean,310,0.13154608011245728,0.029608256263285875
C_loso_global,2018-02-02#1,spectral_flatness_std,310,0.05559659190475935,0.013481121069565404
C_loso_global,2018-02-02#1,spectral_rolloff_std,310,0.0807855911552906,0.016799317668378354
C_loso_global,2018-02-02#2,duration_s,309,1.6240000000000006,0.3083807999999993
C_loso_global,2018-02-02#2,mean_rms,309,0.1837848424911499,0.02922589650750156
C_loso_global,2018-02-02#2,spectral_centroid_mean,309,0.3711270689964294,0.028146105355024337
C_loso_global,2018-02-02#2,spectral_centroid_std,309,0.0393996872007846,0.009009272696077843
C_loso_global,2018-02-02#2,spectral_flatness_mean,309,0.1326788812875747,0.03022817625850439
C_loso_global,2018-02-02#2,spectral_flatness_std,309,0.0559081621468067,0.013485580985248068
C_loso_global,2018-02-02#2,spectral_rolloff_std,309,0.0806273147463798,0.01672160743474954
C_loso_global,2018-02-05#1,duration_s,291,1.6400000000000003,0.28465919999999956
C_loso_global,2018-02-05#1,mean_rms,291,0.1832701116800308,0.02897125879526134
C_loso_global,2018-02-05#1,spectral_centroid_mean,291,0.3711270689964294,0.027606077224016187
C_loso_global,2018-02-05#1,spectral_centroid_std,291,0.0394349656999111,0.008614066173881375
C_loso_global,2018-02-05#1,spectral_flatness_mean,291,0.1323640644550323,0.029761428822577
C_loso_global,2018-02-05#1,spectral_flatness_std,291,0.0550694614648819,0.01300020960420372
C_loso_global,2018-02-05#1,spectral_rolloff_std,291,0.080560028553009,0.017321362535655478
C_loso_global,2018-02-06#1,duration_s,314,1.64,0.2846592000000004
C_loso_global,2018-02-06#1,mean_rms,314,0.18380400538444513,0.0291955083265901
C_loso_global,2018-02-06#1,spectral_centroid_mean,314,0.37092565000057215,0.027898316305875817
C_loso_global,2018-02-06#1,spectral_centroid_std,314,0.0394433811306953,0.008930278338119336
C_loso_global,2018-02-06#1,spectral_flatness_mean,314,0.13203898817300797,0.029771486415714032
C_loso_global,2018-02-06#1,spectral_flatness_std,314,0.05570097826421255,0.013457849422842285
C_loso_global,2018-02-06#1,spectral_rolloff_std,314,0.0807418972253799,0.01699281449317937
C_loso_global,2018-02-06#2,duration_s,317,1.64,0.3083807999999993
C_loso_global,2018-02-06#2,mean_rms,317,0.1837878227233886,0.028968077480792956
C_loso_global,2018-02-06#2,spectral_centroid_mean,317,0.3706341981887817,0.02771229777932175
C_loso_global,2018-02-06#2,spectral_centroid_std,317,0.0394020453095436,0.008973908188193984
C_loso_global,2018-02-06#2,spectral_flatness_mean,317,0.1321756988763809,0.029665149874985197
C_loso_global,2018-02-06#2,spectral_flatness_std,317,0.055684421211481,0.013262772987037957
C_loso_global,2018-02-06#2,spectral_rolloff_std,317,0.0807171016931533,0.016854725562035933
C_loso_global,2018-02-06#3,duration_s,305,1.6400000000000006,0.2846591999999992
C_loso_global,2018-02-06#3,mean_rms,305,0.1837848424911499,0.02896365898847588
C_loso_global,2018-02-06#3,spectral_centroid_mean,305,0.3715676069259643,0.027492963820695875
C_loso_global,2018-02-06#3,spectral_centroid_std,305,0.0391235426068306,0.008883666005730536
C_loso_global,2018-02-06#3,spectral_flatness_mean,305,0.1311898827552795,0.030041362403333164
C_loso_global,2018-02-06#3,spectral_flatness_std,305,0.0559992007911205,0.013273438122868547
C_loso_global,2018-02-06#3,spectral_rolloff_std,305,0.0808044895529747,0.01719530294984575
C_loso_global,2018-02-08#1,duration_s,309,1.64,0.28465920000000056
C_loso_global,2018-02-08#1,mean_rms,309,0.183437094092369,0.029174045500159302
C_loso_global,2018-02-08#1,spectral_centroid_mean,309,0.3706341981887817,0.02771229777932175
C_loso_global,2018-02-08#1,spectral_centroid_std,309,0.0394349656999111,0.008891182965785305
C_loso_global,2018-02-08#1,spectral_flatness_mean,309,0.1311898827552795,0.029571753993630365
C_loso_global,2018-02-08#1,spectral_flatness_std,309,0.0560396425426006,0.01362336062192925
C_loso_global,2018-02-08#1,spectral_rolloff_std,309,0.0808044895529747,0.016770961993932722
C_loso_global,2018-02-09#1,duration_s,314,1.64,0.3083807999999993
C_loso_global,2018-02-09#1,mean_rms,314,0.18378633260726923,0.02909280047267677
C_loso_global,2018-02-09#1,spectral_centroid_mean,314,0.3705300390720367,0.027867408952116965
C_loso_global,2018-02-09#1,spectral_centroid_std,314,0.039400866255164105,0.008880940348282426
C_loso_global,2018-02-09#1,spectral_flatness_mean,314,0.13154608011245728,0.029243824540078536
C_loso_global,2018-02-09#1,spectral_flatness_std,314,0.05567267537116995,0.013188663824647583
C_loso_global,2018-02-09#1,spectral_rolloff_std,314,0.0807855911552906,0.016799317668378354
C_loso_global,2018-05-02#1,duration_s,307,1.6240000000000006,0.3083807999999993
C_loso_global,2018-05-02#1,mean_rms,307,0.1837878227233886,0.028968077480792956
C_loso_global,2018-05-02#1,spectral_centroid_mean,307,0.3711270689964294,0.0279475383102893
C_loso_global,2018-05-02#1,spectral_centroid_std,307,0.0394349656999111,0.008928541318327095
C_loso_global,2018-05-02#1,spectral_flatness_mean,307,0.1326913237571716,0.029040098905563395
C_loso_global,2018-05-02#1,spectral_flatness_std,307,0.0557175353169441,0.01314580444917093
C_loso_global,2018-05-02#1,spectral_rolloff_std,307,0.0807023867964744,0.016832909256219802
C_loso_global,2018-05-03#1,duration_s,314,1.64,0.3083807999999993
C_loso_global,2018-05-03#1,mean_rms,314,0.18368792533874512,0.029219511786103228
C_loso_global,2018-05-03#1,spectral_centroid_mean,314,0.37092565000057215,0.027898316305875817
C_loso_global,2018-05-03#1,spectral_centroid_std,314,0.039400866255164105,0.008948454910889232
C_loso_global,2018-05-03#1,spectral_flatness_mean,314,0.1323249191045761,0.029794887855649044
C_loso_global,2018-05-03#1,spectral_flatness_std,314,0.05567267537116995,0.013435541559755801
C_loso_global,2018-05-03#1,spectral_rolloff_std,314,0.0806648507714271,0.016909365742653597
C_loso_global,2018-05-03#2,duration_s,261,1.5919999999999996,0.2609376000000009
C_loso_global,2018-05-03#2,mean_rms,261,0.1776945143938064,0.025742202517390293
C_loso_global,2018-05-03#2,spectral_centroid_mean,261,0.3751016855239868,0.02540845170021049
C_loso_global,2018-05-03#2,spectral_centroid_std,261,0.0387622229754924,0.009404987344890854
C_loso_global,2018-05-03#2,spectral_flatness_mean,261,0.1383199393749237,0.02739801042079917
C_loso_global,2018-05-03#2,spectral_flatness_std,261,0.0568421818315982,0.01332705100402242
C_loso_global,2018-05-03#2,spectral_rolloff_std,261,0.0798647701740264,0.017458081734180512
C_loso_global,2018-05-03#3,duration_s,266,1.6080000000000003,0.3558239999999998
C_loso_global,2018-05-03#3,mean_rms,266,0.18782936781644816,0.024429943437874233
C_loso_global,2018-05-03#3,spectral_centroid_mean,266,0.36438269913196564,0.02444586105644707
C_loso_global,2018-05-03#3,spectral_centroid_std,266,0.039218056946992846,0.00913952984958886
C_loso_global,2018-05-03#3,spectral_flatness_mean,266,0.13034214824438095,0.029700652460753967
C_loso_global,2018-05-03#3,spectral_flatness_std,266,0.05340203456580635,0.011415290886908763
C_loso_global,2018-05-03#3,spectral_rolloff_std,266,0.0806312076747417,0.017393085712194452
D1_offline_session_location,2018-01-22#1,duration_s,292,-0.007999999999999896,0.2312856000000002
D1_offline_session_location,2018-01-22#1,mean_rms,292,0.0,0.019113431219011566
D1_offline_session_location,2018-01-22#1,spectral_centroid_mean,292,0.0002334788441658575,0.01884092622846369
D1_offline_session_location,2018-01-22#1,spectral_centroid_std,292,-1.3796612620402271e-05,0.010036898023635062
D1_offline_session_location,2018-01-22#1,spectral_flatness_mean,292,-0.0001464113593101224,0.02231880161650484
D1_offline_session_location,2018-01-22#1,spectral_flatness_std,292,6.34519383311237e-05,0.011698916670307445
D1_offline_session_location,2018-01-22#1,spectral_rolloff_std,292,0.0007342770695686271,0.0169778689429164
D1_offline_session_location,2018-01-23#1,duration_s,251,-0.008000000000000007,0.21349439999999953
D1_offline_session_location,2018-01-23#1,mean_rms,251,0.00041525810956949405,0.02031109117716555
D1_offline_session_location,2018-01-23#1,spectral_centroid_mean,251,0.00036428868770604916,0.020153428325056948
D1_offline_session_location,2018-01-23#1,spectral_centroid_std,251,-0.00019462592899804898,0.010162391490116704
D1_offline_session_location,2018-01-23#1,spectral_flatness_mean,251,-9.740889072415437e-05,0.02181848192363969
D1_offline_session_location,2018-01-23#1,spectral_flatness_std,251,8.263811469079452e-05,0.012893160581588755
D1_offline_session_location,2018-01-23#1,spectral_rolloff_std,251,0.000666305422782898,0.01663432564213874
D1_offline_session_location,2018-01-23#2,duration_s,274,-0.008000000000000007,0.24907680000000004
D1_offline_session_location,2018-01-23#2,mean_rms,274,0.0,0.0196303782507777
D1_offline_session_location,2018-01-23#2,spectral_centroid_mean,274,0.0002334788441658575,0.019053665587306062
D1_offline_session_location,2018-01-23#2,spectral_centroid_std,274,-8.841045200829942e-05,0.010328118090704108
D1_offline_session_location,2018-01-23#2,spectral_flatness_mean,274,-3.8251280784606934e-05,0.022479159748926766
D1_offline_session_location,2018-01-23#2,spectral_flatness_std,274,6.34519383311237e-05,0.011305238670296971
D1_offline_session_location,2018-01-23#2,spectral_rolloff_std,274,0.0007482171058654785,0.016710116593167207
D1_offline_session_location,2018-01-23#3,duration_s,272,-0.008000000000000118,0.2134944000000005
D1_offline_session_location,2018-01-23#3,mean_rms,272,0.00024547800421714783,0.018926567655801772
D1_offline_session_location,2018-01-23#3,spectral_centroid_mean,272,0.0002334788441658575,0.019731340800225816
D1_offline_session_location,2018-01-23#3,spectral_centroid_std,272,-1.3796612620402271e-05,0.010036898023635062
D1_offline_session_location,2018-01-23#3,spectral_flatness_mean,272,-0.0001464113593101224,0.021875751107186037
D1_offline_session_location,2018-01-23#3,spectral_flatness_std,272,0.00013801734894512696,0.011236141735128996
D1_offline_session_location,2018-01-23#3,spectral_rolloff_std,272,0.0006523653864860465,0.016906493722647468
D1_offline_session_location,2018-02-02#1,duration_s,293,-0.008000000000000007,0.2253552000000002
D1_offline_session_location,2018-02-02#1,mean_rms,293,7.56978988648016e-05,0.019219734621048177
D1_offline_session_location,2018-02-02#1,spectral_centroid_mean,293,0.00023846328258519955,0.018450651848316273
D1_offline_session_location,2018-02-02#1,spectral_centroid_std,293,-7.158517837529965e-05,0.009561857629939986
D1_offline_session_location,2018-02-02#1,spectral_flatness_mean,293,-9.740889072415437e-05,0.022360045480728168
D1_offline_session_location,2018-02-02#1,spectral_flatness_std,293,8.263811469079452e-05,0.011784154910221634
D1_offline_session_location,2018-02-02#1,spectral_rolloff_std,293,0.000666305422782898,0.01678590754419567
D1_offline_session_location,2018-02-02#2,duration_s,292,-0.007999999999999896,0.22535520000000003
D1_offline_session_location,2018-02-02#2,mean_rms,292,0.00024547800421714783,0.018884398669749537
D1_offline_session_location,2018-02-02#2,spectral_centroid_mean,292,0.00030137598514562436,0.01876823098361492
D1_offline_session_location,2018-02-02#2,spectral_centroid_std,292,-8.841045200829942e-05,0.009861762795969838
D1_offline_session_location,2018-02-02#2,spectral_flatness_mean,292,-0.0001464113593101224,0.023192456294596285
D1_offline_session_location,2018-02-02#2,spectral_flatness_std,292,0.0001010783016681463,0.012058597133494903
D1_offline_session_location,2018-02-02#2,spectral_rolloff_std,292,0.0006523653864860465,0.016710116593167207
D1_offline_session_location,2018-02-05#1,duration_s,274,-0.007999999999999896,0.22535519999999953
D1_offline_session_location,2018-02-05#1,mean_rms,274,0.00024547800421714783,0.018619515578448813
D1_offline_session_location,2018-02-05#1,spectral_centroid_mean,274,0.00030137598514562436,0.018250240083038806
D1_offline_session_location,2018-02-05#1,spectral_centroid_std,274,-1.3796612620402271e-05,0.009200350396335053
D1_offline_session_location,2018-02-05#1,spectral_flatness_mean,274,-3.8251280784606934e-05,0.022479159748926766
D1_offline_session_location,2018-02-05#1,spectral_flatness_std,274,0.0001010783016681463,0.011300285816565114
D1_offline_session_location,2018-02-05#1,spectral_rolloff_std,274,0.0007482171058654785,0.017298344952240627
D1_offline_session_location,2018-02-06#3,duration_s,288,-0.008000000000000007,0.2312856000000002
D1_offline_session_location,2018-02-06#3,mean_rms,288,0.00024547800421714783,0.01838901388049136
D1_offline_session_location,2018-02-06#3,spectral_centroid_mean,288,0.0002963915467262823,0.0192076721370221
D1_offline_session_location,2018-02-06#3,spectral_centroid_std,288,-8.841045200829942e-05,0.009818826096877547
D1_offline_session_location,2018-02-06#3,spectral_flatness_mean,288,-0.0001464113593101224,0.023039940986037233
D1_offline_session_location,2018-02-06#3,spectral_flatness_std,288,6.34519383311237e-05,0.012058597133494903
D1_offline_session_location,2018-02-06#3,spectral_rolloff_std,288,0.0006523653864860465,0.01737816225439313
D1_offline_session_location,2018-02-08#1,duration_s,292,-0.007999999999999896,0.22535519999999987
D1_offline_session_location,2018-02-08#1,mean_rms,292,0.0,0.018949444399774116
D1_offline_session_location,2018-02-08#1,spectral_centroid_mean,292,0.00030137598514562436,0.01849794076234102
D1_offline_session_location,2018-02-08#1,spectral_centroid_std,292,-1.3796612620402271e-05,0.009778282287530636
D1_offline_session_location,2018-02-08#1,spectral_flatness_mean,292,-3.8251280784606934e-05,0.021679945620149372
D1_offline_session_location,2018-02-08#1,spectral_flatness_std,292,6.34519383311237e-05,0.011698916670307445
D1_offline_session_location,2018-02-08#1,spectral_rolloff_std,292,0.0006523653864860465,0.01625931162983178
D1_offline_session_location,2018-05-02#1,duration_s,290,-0.007999999999999896,0.22535519999999987
D1_offline_session_location,2018-05-02#1,mean_rms,290,0.0,0.018451612870395203
D1_offline_session_location,2018-05-02#1,spectral_centroid_mean,290,0.0002334788441658575,0.018828808513283647
D1_offline_session_location,2018-05-02#1,spectral_centroid_std,290,-8.841045200829942e-05,0.009861762795969838
D1_offline_session_location,2018-05-02#1,spectral_flatness_mean,290,-3.8251280784606934e-05,0.02223278737887743
D1_offline_session_location,2018-05-02#1,spectral_flatness_std,290,0.0001010783016681463,0.011668101828731514
D1_offline_session_location,2018-05-02#1,spectral_rolloff_std,290,0.0006523653864860465,0.016810035273805292
D1_offline_session_location,2018-05-03#2,duration_s,244,-0.008000000000000007,0.2609375999999997
D1_offline_session_location,2018-05-03#2,mean_rms,244,0.0,0.01670702088698747
D1_offline_session_location,2018-05-03#2,spectral_centroid_mean,244,0.0002334788441658575,0.018458019684255082
D1_offline_session_location,2018-05-03#2,spectral_centroid_std,244,-1.3796612620402271e-05,0.009708203618601051
D1_offline_session_location,2018-05-03#2,spectral_flatness_mean,244,-8.725374937057495e-05,0.02350648958981037
D1_offline_session_location,2018-05-03#2,spectral_flatness_std,244,0.0001010783016681463,0.011810141168162154
D1_offline_session_location,2018-05-03#2,spectral_rolloff_std,244,0.0007482171058654785,0.016957201445102692
D1_offline_session_location,2018-05-03#3,duration_s,249,-0.008000000000000007,0.2490768000000002
D1_offline_session_location,2018-05-03#3,mean_rms,249,7.56978988648016e-05,0.01929134733527907
D1_offline_session_location,2018-05-03#3,spectral_centroid_mean,249,0.00023846328258519955,0.018387202298641287
D1_offline_session_location,2018-05-03#3,spectral_centroid_std,249,-7.158517837529965e-05,0.009790462137758823
D1_offline_session_location,2018-05-03#3,spectral_flatness_mean,249,-9.740889072415437e-05,0.02145960093140602
D1_offline_session_location,2018-05-03#3,spectral_flatness_std,249,8.263811469079452e-05,0.010954306821897583
D1_offline_session_location,2018-05-03#3,spectral_rolloff_std,249,0.0008301287889480591,0.01692865798473354
D1L_offline_level_location,2018-01-22#1,duration_s,292,-0.007999999999999896,0.2312856000000002
D1L_offline_level_location,2018-01-22#1,mean_rms,292,0.0,0.019113431219011566
D1L_offline_level_location,2018-01-22#1,spectral_centroid_mean,292,0.0002334788441658575,0.01884092622846369
D1L_offline_level_location,2018-01-22#1,spectral_centroid_std,292,0.039545757696032455,0.008851761729642686
D1L_offline_level_location,2018-01-22#1,spectral_flatness_mean,292,-0.0001464113593101224,0.02231880161650484
D1L_offline_level_location,2018-01-22#1,spectral_flatness_std,292,0.05570097826421255,0.01391854352429503
D1L_offline_level_location,2018-01-22#1,spectral_rolloff_std,292,0.0807855911552906,0.0169364400543273
D1L_offline_level_location,2018-01-23#1,duration_s,251,-0.008000000000000007,0.21349439999999953
D1L_offline_level_location,2018-01-23#1,mean_rms,251,0.00041525810956949405,0.02031109117716555
D1L_offline_level_location,2018-01-23#1,spectral_centroid_mean,251,0.00036428868770604916,0.020153428325056948
D1L_offline_level_location,2018-01-23#1,spectral_centroid_std,251,0.0401255302131176,0.009514157243818065
D1L_offline_level_location,2018-01-23#1,spectral_flatness_mean,251,-9.740889072415437e-05,0.02181848192363969
D1L_offline_level_location,2018-01-23#1,spectral_flatness_std,251,0.0556609295308589,0.015761330976337112
D1L_offline_level_location,2018-01-23#1,spectral_rolloff_std,251,0.0806273147463798,0.01672160743474954
D1L_offline_level_location,2018-01-23#2,duration_s,274,-0.008000000000000007,0.24907680000000004
D1L_offline_level_location,2018-01-23#2,mean_rms,274,0.0,0.0196303782507777
D1L_offline_level_location,2018-01-23#2,spectral_centroid_mean,274,0.0002334788441658575,0.019053665587306062
D1L_offline_level_location,2018-01-23#2,spectral_centroid_std,274,0.039400866255164105,0.009168451643362635
D1L_offline_level_location,2018-01-23#2,spectral_flatness_mean,274,-3.8251280784606934e-05,0.022479159748926766
D1L_offline_level_location,2018-01-23#2,spectral_flatness_std,274,0.05601942166686055,0.013466484813764716
D1L_offline_level_location,2018-01-23#2,spectral_rolloff_std,274,0.08117785677313805,0.01565382353514433
D1L_offline_level_location,2018-01-23#3,duration_s,272,-0.008000000000000118,0.2134944000000005
D1L_offline_level_location,2018-01-23#3,mean_rms,272,0.00024547800421714783,0.018926567655801772
D1L_offline_level_location,2018-01-23#3,spectral_centroid_mean,272,0.0002334788441658575,0.019731340800225816
D1L_offline_level_location,2018-01-23#3,spectral_centroid_std,272,0.039545757696032455,0.008851761729642686
D1L_offline_level_location,2018-01-23#3,spectral_flatness_mean,272,-0.0001464113593101224,0.021875751107186037
D1L_offline_level_location,2018-01-23#3,spectral_flatness_std,272,0.05567267537116995,0.013260533363744637
D1L_offline_level_location,2018-01-23#3,spectral_rolloff_std,272,0.080760795623064,0.01682253132238979
D1L_offline_level_location,2018-02-02#1,duration_s,293,-0.008000000000000007,0.2253552000000002
D1L_offline_level_location,2018-02-02#1,mean_rms,293,7.56978988648016e-05,0.019219734621048177
D1L_offline_level_location,2018-02-02#1,spectral_centroid_mean,293,0.00023846328258519955,0.018450651848316273
D1L_offline_level_location,2018-02-02#1,spectral_centroid_std,293,0.0398027785122394,0.008972626825422068
D1L_offline_level_location,2018-02-02#1,spectral_flatness_mean,293,-9.740889072415437e-05,0.022360045480728168
D1L_offline_level_location,2018-02-02#1,spectral_flatness_std,293,0.055684421211481,0.013724925190955462
D1L_offline_level_location,2018-02-02#1,spectral_rolloff_std,293,0.0808044895529747,0.016770961993932722
D1L_offline_level_location,2018-02-02#2,duration_s,292,-0.007999999999999896,0.22535520000000003
D1L_offline_level_location,2018-02-02#2,mean_rms,292,0.00024547800421714783,0.018884398669749537
D1L_offline_level_location,2018-02-02#2,spectral_centroid_mean,292,0.00030137598514562436,0.01876823098361492
D1L_offline_level_location,2018-02-02#2,spectral_centroid_std,292,0.0394433811306953,0.008880940348282426
D1L_offline_level_location,2018-02-02#2,spectral_flatness_mean,292,-0.0001464113593101224,0.023192456294596285
D1L_offline_level_location,2018-02-02#2,spectral_flatness_std,292,0.05601942166686055,0.013929973611608209
D1L_offline_level_location,2018-02-02#2,spectral_rolloff_std,292,0.0806648507714271,0.016455746752023655
D1L_offline_level_location,2018-02-05#1,duration_s,274,-0.007999999999999896,0.22535519999999953
D1L_offline_level_location,2018-02-05#1,mean_rms,274,0.00024547800421714783,0.018619515578448813
D1L_offline_level_location,2018-02-05#1,spectral_centroid_mean,274,0.00030137598514562436,0.018250240083038806
D1L_offline_level_location,2018-02-05#1,spectral_centroid_std,274,0.03964474052190775,0.008558558864146476
D1L_offline_level_location,2018-02-05#1,spectral_flatness_mean,274,-3.8251280784606934e-05,0.022479159748926766
D1L_offline_level_location,2018-02-05#1,spectral_flatness_std,274,0.05544172227382655,0.013251511354744434
D1L_offline_level_location,2018-02-05#1,spectral_rolloff_std,274,0.08054894953966135,0.017393085712194452
D1L_offline_level_location,2018-02-06#3,duration_s,288,-0.008000000000000007,0.2312856000000002
D1L_offline_level_location,2018-02-06#3,mean_rms,288,0.00024547800421714783,0.01838901388049136
D1L_offline_level_location,2018-02-06#3,spectral_centroid_mean,288,0.0002963915467262823,0.0192076721370221
D1L_offline_level_location,2018-02-06#3,spectral_centroid_std,288,0.03932322002947325,0.008576671921089286
D1L_offline_level_location,2018-02-06#3,spectral_flatness_mean,288,-0.0001464113593101224,0.023039940986037233
D1L_offline_level_location,2018-02-06#3,spectral_flatness_std,288,0.05606883391737935,0.013625873639434663
D1L_offline_level_location,2018-02-06#3,spectral_rolloff_std,288,0.08083973824977875,0.017219621226936568
D1L_offline_level_location,2018-02-08#1,duration_s,292,-0.007999999999999896,0.22535519999999987
D1L_offline_level_location,2018-02-08#1,mean_rms,292,0.0,0.018949444399774116
D1L_offline_level_location,2018-02-08#1,spectral_centroid_mean,292,0.00030137598514562436,0.01849794076234102
D1L_offline_level_location,2018-02-08#1,spectral_centroid_std,292,0.03964474052190775,0.008773206459358304
D1L_offline_level_location,2018-02-08#1,spectral_flatness_mean,292,-3.8251280784606934e-05,0.021679945620149372
D1L_offline_level_location,2018-02-08#1,spectral_flatness_std,292,0.056110318750142996,0.014047980495169757
D1L_offline_level_location,2018-02-08#1,spectral_rolloff_std,292,0.08083973824977875,0.016715868917852577
D1L_offline_level_location,2018-05-02#1,duration_s,290,-0.007999999999999896,0.22535519999999987
D1L_offline_level_location,2018-05-02#1,mean_rms,290,0.0,0.018451612870395203
D1L_offline_level_location,2018-05-02#1,spectral_centroid_mean,290,0.0002334788441658575,0.018828808513283647
D1L_offline_level_location,2018-05-02#1,spectral_centroid_std,290,0.03964474052190775,0.00886320838630198
D1L_offline_level_location,2018-05-02#1,spectral_flatness_mean,290,-3.8251280784606934e-05,0.02223278737887743
D1L_offline_level_location,2018-05-02#1,spectral_flatness_std,290,0.0559536814689636,0.013455148619413472
D1L_offline_level_location,2018-05-02#1,spectral_rolloff_std,290,0.08070974424481385,0.01682253132238979
D1L_offline_level_location,2018-05-03#2,duration_s,244,-0.008000000000000007,0.2609375999999997
D1L_offline_level_location,2018-05-03#2,mean_rms,244,0.0,0.01670702088698747
D1L_offline_level_location,2018-05-03#2,spectral_centroid_mean,244,0.0002334788441658575,0.018458019684255082
D1L_offline_level_location,2018-05-03#2,spectral_centroid_std,244,0.03911532834172245,0.00829063529781995
D1L_offline_level_location,2018-05-03#2,spectral_flatness_mean,244,-8.725374937057495e-05,0.02350648958981037
D1L_offline_level_location,2018-05-03#2,spectral_flatness_std,244,0.056995723396539646,0.013572249712049986
D1L_offline_level_location,2018-05-03#2,spectral_rolloff_std,244,0.0797795988619327,0.017521409775316705
D1L_offline_level_location,2018-05-03#3,duration_s,249,-0.008000000000000007,0.2490768000000002
D1L_offline_level_location,2018-05-03#3,mean_rms,249,7.56978988648016e-05,0.01929134733527907
D1L_offline_level_location,2018-05-03#3,spectral_centroid_mean,249,0.00023846328258519955,0.018387202298641287
D1L_offline_level_location,2018-05-03#3,spectral_centroid_std,249,0.0394517965614795,0.008733238434791481
D1L_offline_level_location,2018-05-03#3,spectral_flatness_mean,249,-9.740889072415437e-05,0.02145960093140602
D1L_offline_level_location,2018-05-03#3,spectral_flatness_std,249,0.0534584708511829,0.011449423740059065
D1L_offline_level_location,2018-05-03#3,spectral_rolloff_std,249,0.0807023867964744,0.017346680496633092
