strategy,eval_set,feature,family,n_events,median_z,robust_sd_z,median_abs_z,session_median_z_min,session_median_z_max,robust_sd_session_median_z,session_epsilon_squared
A_first20,all_usable,duration_s,level,318,-0.31304116588148356,1.3588516746411483,0.9074563178484465,-3.727448933949613,0.7454897867899206,0.7368421052631573,0.38971958409768415
A_first20,all_usable,mean_rms,level,318,0.5185648285771668,2.283433962656736,1.6030593848431576,-2.7747026420920395,3.1119702434976446,0.8313675646432069,0.5505520682421032
A_first20,all_usable,spectral_centroid_mean,level,318,-1.1032896310226072,2.317500917451506,1.8149902859526517,-3.1949286026623844,2.0295770664155324,1.1507921432957848,0.5047133844096217
A_first20,all_usable,spectral_centroid_std,within-event variability,318,0.0633125208824873,2.63905930333907,1.8404769908522876,-2.575938298898599,1.921787273751942,0.7342059431812855,0.038592097578209104
A_first20,all_usable,spectral_flatness_mean,level,318,-2.6797762714076363,2.6786282435780415,2.7637945050935855,-6.617565725700201,0.0963662381570304,1.3537859714936278,0.317637121998453
A_first20,all_usable,spectral_flatness_std,within-event variability,318,-0.45956230836749756,1.9585626706255486,1.524414132841726,-1.749611946388902,1.180388728395022,1.055278816582033,0.16336448458760358
A_first20,all_usable,spectral_rolloff_std,within-event variability,318,-0.040544579750385695,1.2275662153942992,0.8292693973541744,-1.0747182148255638,1.0995458748544602,0.3786174304885916,0.04486047047769018
A_first20,sessions_ge5,duration_s,level,301,-0.2484965955966418,1.368421052631579,0.8874878414165746,-3.727448933949613,0.7454897867899206,0.7368421052631573,0.38971958409768415
A_first20,sessions_ge5,mean_rms,level,301,0.5170607725680443,2.3547244340250555,1.6073738969875284,-2.7747026420920395,3.1119702434976446,0.8313675646432069,0.5505520682421032
A_first20,sessions_ge5,spectral_centroid_mean,level,301,-1.0026455029081005,2.3307214395966542,1.8000964939108377,-3.1949286026623844,2.0295770664155324,1.1507921432957848,0.5047133844096217
A_first20,sessions_ge5,spectral_centroid_std,within-event variability,301,0.0782603614400177,2.5961904592083878,1.7405326117216298,-2.575938298898599,1.921787273751942,0.7342059431812855,0.038592097578209104
A_first20,sessions_ge5,spectral_flatness_mean,level,301,-2.77071078044202,2.7299336991083005,2.7787007258460155,-6.617565725700201,0.0963662381570304,1.3537859714936278,0.317637121998453
A_first20,sessions_ge5,spectral_flatness_std,within-event variability,301,-0.453030834393879,1.9896909377791672,1.5794410688413485,-1.749611946388902,1.180388728395022,1.055278816582033,0.16336448458760358
A_first20,sessions_ge5,spectral_rolloff_std,within-event variability,301,-0.0400221900825935,1.230090872763628,0.8319247254561162,-1.0747182148255638,1.0995458748544602,0.3786174304885916,0.04486047047769018
A_first20,sessions_ge20,duration_s,level,242,-0.0709990273133294,1.2105263157894783,0.8164888141032491,-1.3844810326098562,0.7454897867899206,0.9210526315789495,0.33509430770240817
A_first20,sessions_ge20,mean_rms,level,242,0.3745040984651343,2.5573431084230194,1.699820126503341,-2.7747026420920395,3.1119702434976446,1.6245604330817727,0.6383233674431735
A_first20,sessions_ge20,spectral_centroid_mean,level,242,-0.7575944870444966,2.408104216553282,1.7837747685748784,-3.1949286026623844,2.0295770664155324,1.571524334133072,0.5477385528458328
A_first20,sessions_ge20,spectral_centroid_std,within-event variability,242,0.1588173208459813,2.6103775580585267,1.7648472481725694,-0.786177800903842,0.9155701311485812,0.7322371508440778,0.019126643674909627
A_first20,sessions_ge20,spectral_flatness_mean,level,242,-2.773333728649584,2.786660581562128,2.7858937063316436,-5.09414563494175,-0.936845792352881,0.8532523546345427,0.25051673954098613
A_first20,sessions_ge20,spectral_flatness_std,within-event variability,242,-0.2938607614927937,2.122931034001991,1.5512060850423819,-1.6666570199692528,1.180388728395022,1.0112202922197402,0.19075284840864523
A_first20,sessions_ge20,spectral_rolloff_std,within-event variability,242,0.0266807547188007,1.1930535452456006,0.8008664744058218,-1.0747182148255638,0.275000204185593,0.11434995954979982,0.03417398573456359
A_first20,post_warmup_k5,duration_s,level,241,-0.0354995136566679,1.2631578947368376,0.8164888141032496,-3.372453797382983,0.7454897867899206,0.8421052631578946,0.3994735410664977
A_first20,post_warmup_k5,mean_rms,level,241,0.4897667172920119,2.5474905670846537,1.6760283229530786,-2.7559814721557445,2.9573501279436316,2.34894417240038,0.610374017172662
A_first20,post_warmup_k5,spectral_centroid_mean,level,241,-0.8249026354292397,2.3100561904463413,1.7797770528890275,-3.186533897259829,1.8952630238189296,1.1658401919363892,0.5161144833283525
A_first20,post_warmup_k5,spectral_centroid_std,within-event variability,241,0.0733205710996191,2.76131648885511,1.9078928833920696,-0.869861763491209,1.9660349154476908,1.1652115380406791,0.03369394553553337
A_first20,post_warmup_k5,spectral_flatness_mean,level,241,-2.809452205811555,2.749558161228532,2.8592117726586106,-7.491279109899677,-1.0587638348052688,1.418195131247683,0.3058443746585882
A_first20,post_warmup_k5,spectral_flatness_std,within-event variability,241,-0.4061329854378925,1.9800571026267264,1.5229711012434153,-1.7399958940655385,1.4227727472509422,1.675974357293902,0.22603298295349333
A_first20,post_warmup_k5,spectral_rolloff_std,within-event variability,241,-0.0410669694181779,1.2316398626065654,0.8169063499675051,-1.1443729918763559,0.8032845434402395,0.3790103641145725,0.04757289859385164
A_first20,post_warmup_k3,duration_s,level,268,-0.1774975682833154,1.2631578947368471,0.8298011317244953,-3.514451852009639,0.7809893004465827,1.1052631578947378,0.41279512520851597
A_first20,post_warmup_k3,mean_rms,level,268,0.43268526989536216,2.4188203241799306,1.6173777407465157,-2.7559814721557445,2.9573501279436316,1.331102263899669,0.5720043804369602
A_first20,post_warmup_k3,spectral_centroid_mean,level,268,-0.9385153767938403,2.331601086557638,1.7907440283719644,-3.186533897259829,1.8952630238189296,1.135022120262681,0.4981888733499399
A_first20,post_warmup_k3,spectral_centroid_std,within-event variability,268,0.06814352212620245,2.6323382209552526,1.8404769908522876,-3.990645379301169,1.6047157113041668,0.86944861618526,0.034551046487117244
A_first20,post_warmup_k3,spectral_flatness_mean,level,268,-2.773333728649584,2.7309878933167475,2.7858937063316436,-7.0411346514838105,-0.7131118045754437,1.7266585253317523,0.3047994975058733
A_first20,post_warmup_k3,spectral_flatness_std,within-event variability,268,-0.4090770844852881,1.9950794117327848,1.548151609400271,-1.8228005781424998,1.3367731082294751,1.204705196934111,0.1979210803582113
A_first20,post_warmup_k3,spectral_rolloff_std,within-event variability,268,-0.038261670776853204,1.2241815745501399,0.8217602096098688,-1.6736929851787221,0.434278268651761,0.46899710003005013,0.04420494337913581
A_first20,post_warmup_k10,duration_s,level,186,-0.0354995136566639,1.2105263157894748,0.8164888141032491,-2.02347227842979,0.7454897867899206,1.2105263157894741,0.3706248317553246
A_first20,post_warmup_k10,mean_rms,level,186,0.3503514852112795,2.6937510403950506,1.8359728669530853,-2.876258585647572,2.774373995327985,1.8986213031294938,0.6364180622719832
A_first20,post_warmup_k10,spectral_centroid_mean,level,186,-0.7354167294728463,2.322756689180632,1.763682951065982,-3.175631601682201,1.9925341383382476,1.5436052247710095,0.5107513935820581
A_first20,post_warmup_k10,spectral_centroid_std,within-event variability,186,-0.0154338380799793,2.9070957377915088,1.9453753739741884,-0.953545726078576,0.9155701311485812,0.8649226736651117,0.050210115728761065
A_first20,post_warmup_k10,spectral_flatness_mean,level,186,-2.8012694463144134,2.7560628704976065,2.8587354880214857,-5.036710037565178,-1.1789465504192762,1.5013862001865685,0.27257539526196245
A_first20,post_warmup_k10,spectral_flatness_std,within-event variability,186,-0.4090770844852881,2.0281625072725378,1.5528457334248944,-2.009095659168501,1.6682668368396736,1.0938900350247207,0.26749846826041207
A_first20,post_warmup_k10,spectral_rolloff_std,within-event variability,186,-0.040544579750385695,1.1791698904609278,0.789496365722572,-1.2223156463198788,0.275000204185593,0.30613901928943243,0.09611262831643072
B_pooled_in_sample,all_usable,duration_s,level,318,3.7470027081099033e-16,1.0000000000000002,0.6744907594765953,-2.617024146769191,0.7284500202347233,0.5599999999999989,0.38984426286302953
B_pooled_in_sample,all_usable,mean_rms,level,318,4.769947457849977e-16,1.0,0.6744907594765952,-1.4422433600127178,1.1357479381199607,0.36408653731151713,0.5504583079414874
B_pooled_in_sample,all_usable,spectral_centroid_mean,level,318,0.0,1.0,0.6744907594765952,-0.906425611490311,1.3395378922315,0.49471420224687035,0.5070331974213503
B_pooled_in_sample,all_usable,spectral_centroid_std,within-event variability,318,-3.8646386438245806e-16,1.0000000000000002,0.6744907594765952,-1.0016801033129048,0.7053506125700888,0.2824268696256175,0.038829152164679456
B_pooled_in_sample,all_usable,spectral_flatness_mean,level,318,-4.670742959067553e-16,1.0000000000000007,0.6744907594765952,-1.4666038795779455,1.0071622637376079,0.5018651444073935,0.3187603420491432
B_pooled_in_sample,all_usable,spectral_flatness_std,within-event variability,318,2.614011437862551e-16,0.9999999999999997,0.6744907594765952,-0.6675715554137449,0.8486376276908618,0.5460829569793311,0.16475455022279886
B_pooled_in_sample,all_usable,spectral_rolloff_std,within-event variability,318,0.0,1.0,0.6744907594765952,-0.8615604449435041,0.9497987630227965,0.3154226628987737,0.04448239663199879
B_pooled_in_sample,sessions_ge5,duration_s,level,301,0.02697963037906459,1.039999999999999,0.6744907594765953,-2.617024146769191,0.7284500202347233,0.5599999999999989,0.38984426286302953
B_pooled_in_sample,sessions_ge5,mean_rms,level,301,-0.0006586816320151058,1.031220728312797,0.6948901705956909,-1.4422433600127178,1.1357479381199607,0.36408653731151713,0.5504583079414874
B_pooled_in_sample,sessions_ge5,spectral_centroid_mean,level,301,0.03723230443527807,1.003758525256478,0.6781615877108073,-0.906425611490311,1.3395378922315,0.49471420224687035,0.5070331974213503
B_pooled_in_sample,sessions_ge5,spectral_centroid_std,within-event variability,301,0.00567318360261525,0.9853354734994472,0.6589264882572574,-1.0016801033129048,0.7053506125700888,0.2824268696256175,0.038829152164679456
B_pooled_in_sample,sessions_ge5,spectral_flatness_mean,level,301,-0.04052734069472353,1.0120200674069741,0.6853040862958653,-1.4666038795779455,1.0071622637376079,0.5018651444073935,0.3187603420491432
B_pooled_in_sample,sessions_ge5,spectral_flatness_std,within-event variability,301,0.0033798902857728216,1.029448200470974,0.6909734082917086,-0.6675715554137449,0.8486376276908618,0.5460829569793311,0.16475455022279886
B_pooled_in_sample,sessions_ge5,spectral_rolloff_std,within-event variability,301,0.0004351979777401663,0.99696826148744,0.672010681886984,-0.8615604449435041,0.9497987630227965,0.3154226628987737,0.04448239663199879
B_pooled_in_sample,sessions_ge20,duration_s,level,242,0.1618777822743823,0.9200000000000021,0.6205314987184684,-0.8363685417509775,0.7284500202347233,0.7000000000000007,0.3334234367881662
B_pooled_in_sample,sessions_ge20,mean_rms,level,242,-0.06308951012729057,1.119954923262854,0.7631569388383994,-1.4422433600127178,1.1357479381199607,0.7114549663576102,0.6382998944868059
B_pooled_in_sample,sessions_ge20,spectral_centroid_mean,level,242,0.14136030679351366,1.0212343596276832,0.7221960197451256,-0.906425611490311,1.3395378922315,0.6755828251013352,0.5487758059597803
B_pooled_in_sample,sessions_ge20,spectral_centroid_std,within-event variability,242,0.03624712633498203,0.9907217769695092,0.6573456819862418,-0.32240874831321387,0.32345902280381156,0.277907419563814,0.019559411364862864
B_pooled_in_sample,sessions_ge20,spectral_flatness_mean,level,242,-0.04149969992186902,1.0330494218647261,0.7070921310003564,-0.9018532764984294,0.6393090119124736,0.31631116379656543,0.2510752628339359
B_pooled_in_sample,sessions_ge20,spectral_flatness_std,within-event variability,242,0.08008167551524083,1.0901697431776665,0.6923438047640775,-0.6246442543029646,0.8486376276908618,0.5232836655637845,0.19164033322311208
B_pooled_in_sample,sessions_ge20,spectral_rolloff_std,within-event variability,242,0.05600480143021427,0.9939218216566733,0.6591834693906515,-0.8615604449435041,0.2628774271814821,0.09526388866201908,0.03453821405353316
B_pooled_in_sample,post_warmup_k5,duration_s,level,241,0.18885741265344463,0.8800000000000068,0.6744907594765945,-2.347227842978552,0.7284500202347229,0.6399999999999995,0.3988990420661261
B_pooled_in_sample,post_warmup_k5,mean_rms,level,241,-0.012611755696077883,1.1156401318130051,0.7466904102320905,-1.4340446688123323,1.0680340834245023,1.0286893384328153,0.610348340234385
B_pooled_in_sample,post_warmup_k5,spectral_centroid_mean,level,241,0.11242519707204113,0.9883010847479633,0.6781615877108073,-0.9028168103610044,1.281797608878999,0.5011832100707231,0.5163983802899998
B_pooled_in_sample,post_warmup_k5,spectral_centroid_std,within-event variability,241,0.003798375167801536,1.0480079290324653,0.7097027575157279,-0.3541694887710306,0.7221440078673296,0.4422350483167745,0.03401479951771981
B_pooled_in_sample,post_warmup_k5,spectral_flatness_mean,level,241,-0.054889264549037475,1.0192950973771997,0.7018983984609429,-1.7905001992067877,0.594112490992902,0.5257424137407906,0.3062571687327329
B_pooled_in_sample,post_warmup_k5,spectral_flatness_std,within-event variability,241,0.02764846806013233,1.0246348364051288,0.6646671288502973,-0.6625954654887918,0.9740658838649832,0.8672788825771358,0.22687348214565337
B_pooled_in_sample,post_warmup_k5,spectral_rolloff_std,within-event variability,241,-0.0004351979777401663,1.0205707378428308,0.6879303340894599,-0.9195891924119683,0.7029862009386392,0.31575001225109867,0.047780870447755606
B_pooled_in_sample,post_warmup_k3,duration_s,level,268,0.08093889113719302,0.9600000000000033,0.674490759476595,-2.4551463644948104,0.8093889113719145,0.84,0.4125716477880767
B_pooled_in_sample,post_warmup_k3,mean_rms,level,268,-0.03512371144289744,1.0556047675332068,0.6996530636719943,-1.4340446688123323,1.0680340834245023,0.5829388043046161,0.5718748265813421
B_pooled_in_sample,post_warmup_k3,spectral_centroid_mean,level,268,0.06358419912405464,1.0023323310070802,0.692842761781969,-0.9028168103610044,1.281797608878999,0.49190065950583356,0.4992216518263765
B_pooled_in_sample,post_warmup_k3,spectral_centroid_std,within-event variability,268,0.0018335194929710195,0.9990565509570142,0.6756879313080353,-1.5386066901435886,0.5850118129949067,0.32056411300717347,0.03460501678672009
B_pooled_in_sample,post_warmup_k3,spectral_flatness_mean,level,268,-0.04149969992186902,1.0124108701924928,0.6962138464715582,-1.6236261006535138,0.7288207356385963,0.6400935955938556,0.3059630062435939
B_pooled_in_sample,post_warmup_k3,spectral_flatness_std,within-event variability,268,0.026124963287574573,1.0276840216037497,0.6702250583834908,-0.7054450195800458,0.929563012739315,0.6234077344231483,0.19929538285017628
B_pooled_in_sample,post_warmup_k3,spectral_rolloff_std,within-event variability,268,0.0019018702510813685,1.0042790636893768,0.6754750781432104,-1.360560759932086,0.39557050253844206,0.38623401231643656,0.045376051947488144
B_pooled_in_sample,post_warmup_k10,duration_s,level,186,0.18885741265344763,0.9199999999999999,0.6205314987184691,-1.3220018885741267,0.7824092809928513,0.9199999999999994,0.37006203450297953
B_pooled_in_sample,post_warmup_k10,mean_rms,level,186,-0.0736668307981952,1.1796929906660925,0.8025259712042934,-1.4867184555120305,0.9879020824084724,0.8314763352825326,0.6364180622719832
B_pooled_in_sample,post_warmup_k10,spectral_centroid_mean,level,186,0.15714620499168036,1.0077992768346906,0.7221960197451256,-0.8981300209257732,1.3236135024801425,0.6635806751075584,0.5112475670176667
B_pooled_in_sample,post_warmup_k10,spectral_centroid_std,within-event variability,186,-0.02988676195147768,1.1033358167955545,0.7198096265370784,-0.3859302292288473,0.32345902280381156,0.32826581945947986,0.050210115728761065
B_pooled_in_sample,post_warmup_k10,spectral_flatness_mean,level,186,-0.05185581475478876,1.0217064732707248,0.6730455131401458,-0.8805611926842384,0.5495592771194042,0.556582368287192,0.2728383821878379
B_pooled_in_sample,post_warmup_k10,spectral_flatness_std,within-event variability,186,0.026124963287574573,1.0495282969796118,0.6908195983036174,-0.8018485170432914,1.1011035314108457,0.5660633905940701,0.2679713866670568
B_pooled_in_sample,post_warmup_k10,spectral_rolloff_std,within-event variability,186,0.0,0.9823554778745142,0.6625896923475747,-0.9845224935181773,0.2628774271814821,0.2550415720609604,0.09604256456334329
C_loso_global,all_usable,duration_s,level,318,0.05292158266662378,1.0909090909090935,0.7358081012471929,-2.754170601196107,0.9197601265589929,0.6538461538461499,0.4535138885879639
C_loso_global,all_usable,mean_rms,level,318,-0.014232143672615235,1.1191149983729374,0.7690648688668262,-1.8822909211736294,1.520910229618764,0.3715956412129816,0.6365860917047983
C_loso_global,all_usable,spectral_centroid_mean,level,318,0.020703166140745168,1.134329301252751,0.7645318876387157,-1.1740730999274618,1.7784928945375387,0.5122327403035213,0.6202570119833174
C_loso_global,all_usable,spectral_centroid_std,within-event variability,318,-0.00107472317613176,0.9641698886908562,0.6503236804875598,-1.023846458832482,0.7440083634364956,0.29478113305265635,0.052982874576817704
C_loso_global,all_usable,spectral_flatness_mean,level,318,-0.009102123391954016,1.0690479707106764,0.7138770488313793,-1.5157754361770526,1.0463689849030096,0.5591233158079609,0.3927834756863995
C_loso_global,all_usable,spectral_flatness_std,within-event variability,318,0.002943707856685093,1.0621135469567002,0.7138012152953472,-0.7098466396310553,1.1856265620985509,0.5838935812807213,0.23250345040367293
C_loso_global,all_usable,spectral_rolloff_std,within-event variability,318,0.009831867660974184,1.0132704984477634,0.6781990958304934,-0.9365518861539256,0.9652007752458666,0.3471951871526936,0.05310946669104911
C_loso_global,sessions_ge5,duration_s,level,301,0.10376780915024347,1.1538461538461462,0.7358081012471963,-2.754170601196107,0.9197601265589929,0.6538461538461499,0.4535138885879639
C_loso_global,sessions_ge5,mean_rms,level,301,-0.026963609917537344,1.1871253779470077,0.781494981368854,-1.8822909211736294,1.520910229618764,0.3715956412129816,0.6365860917047983
C_loso_global,sessions_ge5,spectral_centroid_mean,level,301,0.08341333290466128,1.167223591493983,0.7787799748480073,-1.1740730999274618,1.7784928945375387,0.5122327403035213,0.6202570119833174
C_loso_global,sessions_ge5,spectral_centroid_std,within-event variability,301,0.006354811642253128,0.9263529660397075,0.6224886044808822,-1.023846458832482,0.7440083634364956,0.29478113305265635,0.052982874576817704
C_loso_global,sessions_ge5,spectral_flatness_mean,level,301,-0.04216589813244038,1.1154777003160976,0.753730082577114,-1.5157754361770526,1.0463689849030096,0.5591233158079609,0.3927834756863995
C_loso_global,sessions_ge5,spectral_flatness_std,within-event variability,301,0.01827303123212416,1.08637542905091,0.7234337566723507,-0.7098466396310553,1.1856265620985509,0.5838935812807213,0.23250345040367293
C_loso_global,sessions_ge5,spectral_rolloff_std,within-event variability,301,0.01059556070110301,1.0148128544188422,0.6769079535504998,-0.9365518861539256,0.9652007752458666,0.3471951871526936,0.05310946669104911
C_loso_global,sessions_ge20,duration_s,level,242,0.19785062277980103,1.0646153846153845,0.7263746640517195,-0.8993210126354616,0.9197601265589929,0.826923076923075,0.41078677410366154
C_loso_global,sessions_ge20,mean_rms,level,242,-0.10485650324504792,1.2658397012136438,0.8530599733514576,-1.8822909211736294,1.520910229618764,0.7730383837905428,0.72846617451999
C_loso_global,sessions_ge20,spectral_centroid_mean,level,242,0.1616376371408763,1.2885293224422851,0.8593340822179365,-1.1740730999274618,1.7784928945375387,0.8693562773293851,0.6654029357641674
C_loso_global,sessions_ge20,spectral_centroid_std,within-event variability,242,0.021803036549409165,0.9133771526440534,0.6191765792794539,-0.3399653743214819,0.37665726130169636,0.2768762152379425,0.03239910328383307
C_loso_global,sessions_ge20,spectral_flatness_mean,level,242,-0.05179586197934345,1.1439408040214707,0.7759618230868484,-1.1997157009635824,0.76307720316015,0.3660128375004285,0.34390495260921666
C_loso_global,sessions_ge20,spectral_flatness_std,within-event variability,242,0.10609024548422241,1.1992930639965342,0.7610680777653944,-0.7098466396310553,1.1856265620985509,0.5813534480617085,0.27473484506319373
C_loso_global,sessions_ge20,spectral_rolloff_std,within-event variability,242,0.06310819250281789,0.9743129119787944,0.6712865011507118,-0.9365518861539256,0.30296424869986827,0.10073791382140501,0.043089124262409725
C_loso_global,post_warmup_k5,duration_s,level,241,0.2075356183004879,1.0559440559440583,0.7358081012471929,-2.473132784747524,0.9810774683295914,0.7749999999999965,0.47182117392105805
C_loso_global,post_warmup_k5,mean_rms,level,241,-0.04089848983999944,1.2618491085556458,0.8255901575230385,-1.8725273747357725,1.4443827583365394,1.037064436989879,0.701541179311567
C_loso_global,post_warmup_k5,spectral_centroid_mean,level,241,0.13671868712964563,1.1756575348218539,0.8027224493016876,-1.1701150493510697,1.7126710326902592,0.5283811109787033,0.6356541547889295
C_loso_global,post_warmup_k5,spectral_centroid_std,within-event variability,241,0.006354811642253128,0.9941879903120232,0.6642158010058132,-0.37306566932192964,0.7609789064123791,0.47316049712827823,0.04731031889698985
C_loso_global,post_warmup_k5,spectral_flatness_mean,level,241,-0.07450944144980845,1.1634302376384276,0.7595719519559778,-1.847110273011904,0.7149092674424776,0.5758159458315202,0.39568467638061894
C_loso_global,post_warmup_k5,spectral_flatness_std,within-event variability,241,0.043292041157402705,1.0953021830727145,0.7211358000309355,-0.7004775438317661,1.320986096491794,0.9583974288763292,0.31120844493594785
C_loso_global,post_warmup_k5,spectral_rolloff_std,within-event variability,241,0.00906817462084536,1.017077357021432,0.6950774536046793,-0.9985417731221056,0.7064749160070809,0.34728171248542217,0.05677952101389016
C_loso_global,post_warmup_k3,duration_s,level,268,0.1483879670848513,1.0897435897435899,0.733253212006753,-2.5855479113269606,0.9810774683295914,0.9967948717948686,0.4806503709233144
C_loso_global,post_warmup_k3,mean_rms,level,268,-0.05406629919661158,1.2360130827934577,0.8110500441497566,-1.8725273747357725,1.4443827583365394,0.6346838976613687,0.6603636927571501
C_loso_global,post_warmup_k3,spectral_centroid_mean,level,268,0.09212789765136976,1.2067549914048077,0.8071744434468462,-1.1701150493510697,1.7126710326902592,0.5130665349269461,0.6163202986508488
C_loso_global,post_warmup_k3,spectral_centroid_std,within-event variability,268,0.004189613455837987,0.9676297603354613,0.6526573319408211,-1.5644501990320179,0.6224001517729243,0.35594814365893357,0.0495964395850545
C_loso_global,post_warmup_k3,spectral_flatness_mean,level,268,-0.05179586197934345,1.1241246980943869,0.7566510172665459,-1.67640378804946,0.7685557421960811,0.7177186361382301,0.3874357434978033
C_loso_global,post_warmup_k3,spectral_flatness_std,within-event variability,268,0.037501030293471634,1.1114502579446834,0.7222847783516431,-0.7142187543548041,1.2797188292737556,0.6558265788097961,0.27747548787738374
C_loso_global,post_warmup_k3,spectral_rolloff_std,within-event variability,268,0.017740745620345562,1.0181459493934168,0.6859927035775896,-1.377163600508974,0.40486158751181994,0.39658166828892044,0.05409098933656377
C_loso_global,post_warmup_k10,duration_s,level,186,0.2697963037906369,1.054545454545454,0.7358081012471929,-1.4613966455326182,0.9810774683295914,1.1030769230769233,0.44596878704328785
C_loso_global,post_warmup_k10,mean_rms,level,186,-0.11178670375127274,1.3215893545861985,0.9103687016490956,-1.9352548210964913,1.3538207982454868,0.8970632567140985,0.7351447015856885
C_loso_global,post_warmup_k10,spectral_centroid_mean,level,186,0.1616376371408763,1.285874637940047,0.8710258237477526,-1.164974685845057,1.760339658679359,0.8567494404342667,0.6368492030839981
C_loso_global,post_warmup_k10,spectral_centroid_std,within-event variability,186,0.001781032536243833,1.0189847423020242,0.6872957927303549,-0.40616596432237734,0.37665726130169636,0.32584757129578806,0.06669526324769105
C_loso_global,post_warmup_k10,spectral_flatness_mean,level,186,-0.07429370334926787,1.1685419571830273,0.7671194801321634,-1.1766291891825582,0.6674269325589302,0.6066027240739922,0.3654393798272418
C_loso_global,post_warmup_k10,spectral_flatness_std,within-event variability,186,0.037501030293471634,1.1666420227006131,0.7610680777653944,-0.8352878878369141,1.4791696728446675,0.6661281787065871,0.3650199536925682
C_loso_global,post_warmup_k10,spectral_rolloff_std,within-event variability,186,0.013183215775205082,0.9651961087710655,0.661647956699726,-1.0679075301243948,0.30296424869986827,0.28147425567070583,0.11088289827738346
D1_offline_session_location,sessions_ge5,duration_s,level,301,0.0,0.9999999999999973,0.6744907594765934,-0.5324927048499454,0.037471708859811305,0.052631578947370625,-0.031681538518160225
D1_offline_session_location,sessions_ge5,mean_rms,level,301,-0.01671796988861131,0.9823271862897693,0.6549669585034358,-0.07606852556383975,0.40126086603214745,0.05475789284687462,-0.03364475236533549
D1_offline_session_location,sessions_ge5,spectral_centroid_mean,level,301,-0.0030158919689923336,1.004093070834618,0.674953527157331,-0.38012099435087143,0.23541767733479999,0.05468574220602523,-0.03193642064895403
D1_offline_session_location,sessions_ge5,spectral_centroid_std,within-event variability,301,0.012107460211743559,0.9988255004934621,0.6678812707115563,-0.11028929670115814,0.23800633233073218,0.06572452210506359,-0.030210730849374798
D1_offline_session_location,sessions_ge5,spectral_flatness_mean,level,301,-0.00043201437265994364,0.9782533704660753,0.6593908444335422,-0.41673112564838555,0.09156525786685168,0.017783270524983536,-0.027865057427686326
D1_offline_session_location,sessions_ge5,spectral_flatness_std,within-event variability,301,-0.004928669961610863,1.0172186792156799,0.6840415210037663,-0.06207336900540565,0.29014745904553657,0.005789136674061812,-0.027295851508666716
D1_offline_session_location,sessions_ge5,spectral_rolloff_std,within-event variability,301,-0.0040035440852009075,1.0097835450049724,0.6770861260921716,-0.1241848401754663,0.4115640581041057,0.04459509581295217,-0.028699611034563095
D1_offline_session_location,sessions_ge20,duration_s,level,242,0.01873585442990608,0.8690476190476196,0.5825147468206961,-0.035499513656663505,0.037471708859811305,0.027777777777777856,-0.016617546550356202
D1_offline_session_location,sessions_ge20,mean_rms,level,242,-0.020444894168775235,0.9371183441776775,0.6386546096104944,-0.07606852556383975,0.030115250989627244,0.05328014022477609,-0.018466616892732577
D1_offline_session_location,sessions_ge20,spectral_centroid_mean,level,242,0.00017443002155297614,0.9865397062414187,0.6652374856950387,-0.06364467582970462,0.13183895722356392,0.020905510570622222,-0.015057116471711433
D1_offline_session_location,sessions_ge20,spectral_centroid_std,within-event variability,242,0.010451819051947368,0.9711904288488485,0.6621397094163733,-0.08748285667695156,0.01915158741791534,0.03208784644016924,-0.015536750198459898
D1_offline_session_location,sessions_ge20,spectral_flatness_mean,level,242,-0.002461922770991949,1.031627723448561,0.6958233666859308,-0.1655923603472885,0.09156525786685168,0.009244476590459162,-0.010555779208890287
D1_offline_session_location,sessions_ge20,spectral_flatness_std,within-event variability,242,-0.004978100588990836,1.0951841564285578,0.7337134928472413,-0.008213678003130465,0.050392920074102204,0.0019386645769563764,-0.015271020978682912
D1_offline_session_location,sessions_ge20,spectral_rolloff_std,within-event variability,242,-0.04776812089865897,0.9616570096361783,0.6570319586295439,-0.1241848401754663,0.03221997757421135,0.007318693300489493,-0.011992979761493057
D1_offline_session_location,post_warmup_k5,duration_s,level,241,0.037471708859811305,0.8737373737373735,0.5825147468206953,-0.40824440705162546,0.6034917321632678,0.34523809523809507,0.0029270800067829374
D1_offline_session_location,post_warmup_k5,mean_rms,level,241,-0.02417181844893916,0.9585350798239006,0.6536089788100108,-2.28076659131968,0.34080190407785316,0.13333518041791265,0.006242999986127854
D1_offline_session_location,post_warmup_k5,spectral_centroid_mean,level,241,0.023432289142093266,1.0305036747918412,0.6742356059634359,-0.13972024978142478,0.3005492475270273,0.1487192909398824,-0.006388072601909965
D1_offline_session_location,post_warmup_k5,spectral_centroid_std,within-event variability,241,-0.02231539460572892,1.0316351146303333,0.6964897271023521,-0.1508505511447496,0.8487856160055123,0.049242887906615705,-0.012722996331859021
D1_offline_session_location,post_warmup_k5,spectral_flatness_mean,level,241,-0.02836302724694051,1.0196638901534836,0.7038734420697218,-0.5861896605158456,0.21184970700637734,0.20793018120181941,0.002349779112419316
D1_offline_session_location,post_warmup_k5,spectral_flatness_std,within-event variability,241,0.023503745811067452,0.9995956014296643,0.651195563983213,-0.19778559001958163,1.8424506268995149,0.18231171614886252,-0.015680398646666246
D1_offline_session_location,post_warmup_k5,spectral_rolloff_std,within-event variability,241,-0.11131602851047602,0.9887820243632935,0.6936835645328087,-0.3134482653928493,0.6857648914407404,0.08017668573993518,-0.012051620059115113
D1_offline_session_location,post_warmup_k10,duration_s,level,186,0.09197601265589868,0.894736842105265,0.5825147468206961,-1.0117361392148887,0.6389912458199317,0.16269841269841323,0.029611708687944726
D1_offline_session_location,post_warmup_k10,mean_rms,level,186,-0.02641211629850277,0.9776839990175914,0.6644047806580141,-0.26405668371334823,0.4018022187064502,0.29748671336490107,-0.007614374639904301
D1_offline_session_location,post_warmup_k10,spectral_centroid_mean,level,186,0.031603780785523096,1.0381565231673962,0.675037278306094,-0.22368687632118,0.30161929540747484,0.06575663249149055,-0.001613134317726018
D1_offline_session_location,post_warmup_k10,spectral_centroid_std,within-event variability,186,-0.04181031935120258,1.0288250562634842,0.6960402145142695,-0.18228460801862192,0.018918749051732575,0.07898518279620219,-0.008815181136155042
D1_offline_session_location,post_warmup_k10,spectral_flatness_mean,level,186,-0.029682049852831387,1.015944270693947,0.6865578786823985,-0.2992202700303728,0.21477340253115634,0.1413203293722419,0.011708850418760878
D1_offline_session_location,post_warmup_k10,spectral_flatness_std,within-event variability,186,-0.0066206046097506376,0.967554611064426,0.6592272490616771,-0.3612718003880265,0.3964041315382552,0.244573758859836,-0.005497472918902831
D1_offline_session_location,post_warmup_k10,spectral_rolloff_std,within-event variability,186,-0.1148097642410695,0.9559027415307331,0.6853848453124901,-0.5728170576755268,0.033784509041506997,0.15070141956377447,0.007843001489557754
D2_warmup5_session_location,post_warmup_k5,duration_s,level,241,0.15329335442649666,1.7272727272727255,1.1414459006526918,-1.316862911359066,1.419980546266517,1.0753588516746444,0.396279656097925
D2_warmup5_session_location,post_warmup_k5,mean_rms,level,241,-0.19969821370034055,1.1998064407666122,0.7988714179119716,-4.1358454317708455,1.400352047747678,1.0531230079467506,0.32953166477809304
D2_warmup5_session_location,post_warmup_k5,spectral_centroid_mean,level,241,0.17109393639720283,1.122889116675879,0.7508153170068659,-0.6081790120512306,1.2178061507532396,0.6143483079348966,0.33141752870022856
D2_warmup5_session_location,post_warmup_k5,spectral_centroid_std,within-event variability,241,-0.11841297940275651,1.0279369287163733,0.679758933952206,-1.0021046060110286,0.9625339830957526,0.27213783122494634,0.08229101927191632
D2_warmup5_session_location,post_warmup_k5,spectral_flatness_mean,level,241,0.17115263164927047,1.2518792826018323,0.8705682321430444,-2.0425310489939275,1.1613195682851085,1.2926106456700204,0.5341151710782082
D2_warmup5_session_location,post_warmup_k5,spectral_flatness_std,within-event variability,241,0.011262957246019178,1.10497986620157,0.7383773638794514,-2.0222705228441953,1.9004658977640598,1.4827776929773526,0.3774445796669064
D2_warmup5_session_location,post_warmup_k5,spectral_rolloff_std,within-event variability,241,-0.09547386786004464,1.0805220874837833,0.7041844620009627,-0.6614570311317816,1.080667118065544,0.4517039020689361,0.16333665420076202
D2_warmup5_session_location,post_warmup_k10,duration_s,level,186,0.09197601265590123,1.7023809523809526,1.1241512657943236,-1.316862911359066,1.455480059923181,1.272727272727271,0.4143712097548768
D2_warmup5_session_location,post_warmup_k10,mean_rms,level,186,-0.21676767898715904,1.1476267802504714,0.7541360187807926,-1.3538009553479617,1.4613523623762752,0.46783936195166287,0.2555456718756827
D2_warmup5_session_location,post_warmup_k10,spectral_centroid_mean,level,186,0.17530658070277172,1.1924712887918112,0.7452388996026604,-0.5448033778054822,1.2248821361567799,0.4500997336103864,0.3914517759756974
D2_warmup5_session_location,post_warmup_k10,spectral_centroid_std,within-event variability,186,-0.1380941826748579,1.0442206912795071,0.6811460817933148,-1.033095613877689,0.21227635109707857,0.3745061239086705,0.10508336357588116
D2_warmup5_session_location,post_warmup_k10,spectral_flatness_mean,level,186,0.24952303130125492,1.2805880309569497,0.8972483174880831,-2.094719212704355,1.1642432638098876,1.0166259509385858,0.5399194970363375
D2_warmup5_session_location,post_warmup_k10,spectral_flatness_std,within-event variability,186,-0.04625155713860465,1.2216095936945568,0.8134349564662535,-2.1857567332126404,1.2198276826993402,1.1031482805983868,0.44365040024259045
D2_warmup5_session_location,post_warmup_k10,spectral_rolloff_std,within-event variability,186,-0.13995416346224274,1.097118905090633,0.7246460372875039,-0.920825823414459,1.1085715659457085,0.48455008345819905,0.19810472096080967
D2_warmup3_session_location,post_warmup_k5,duration_s,level,241,1.0294858960432267,3.2882205513784495,1.764052755554172,-1.3168629113590677,4.8747286707626705,2.0843776106934038,0.7132999847804402
D2_warmup3_session_location,post_warmup_k5,mean_rms,level,241,-0.33951266378661676,1.7723026629831695,1.1523119012987342,-4.1358454317708455,1.755542709753504,2.0646640084538417,0.6942350244402553
D2_warmup3_session_location,post_warmup_k5,spectral_centroid_mean,level,241,0.25827563597764974,1.3621418259190943,0.895623289836216,-1.8348438226340498,1.2178061507532396,0.44110655326959275,0.5286565740427532
D2_warmup3_session_location,post_warmup_k5,spectral_centroid_std,within-event variability,241,-0.1189866407500114,1.042242987836769,0.6976539729395065,-1.3175736588801534,0.735037248915272,0.32367506344891755,0.1160646913528712
D2_warmup3_session_location,post_warmup_k5,spectral_flatness_mean,level,241,0.46031059226184584,1.622343775309864,1.2107276270358796,-2.0425310489939275,2.2110609717940206,1.4389203231759233,0.7008828819825773
D2_warmup3_session_location,post_warmup_k5,spectral_flatness_std,within-event variability,241,0.15785522386390008,1.354230568633359,0.923668012546776,-2.0222705228441953,2.28786883097649,0.96963550753029,0.49474089712014213
D2_warmup3_session_location,post_warmup_k5,spectral_rolloff_std,within-event variability,241,-0.16887637148368428,1.149936969115506,0.7085119778466756,-0.5080137507994742,1.080667118065544,0.4105575619389936,0.20234955612496888
D2_warmup3_session_location,post_warmup_k3,duration_s,level,268,0.9449632444797409,2.9893162393162442,1.5974781145498325,-1.3168629113590677,4.8747286707626705,1.6745710429920952,0.704173382104609
D2_warmup3_session_location,post_warmup_k3,mean_rms,level,268,-0.3807009133393928,1.7478887770787028,1.130692822919937,-3.466352089214128,1.5759190234538747,1.2447154265692906,0.651546443583569
D2_warmup3_session_location,post_warmup_k3,spectral_centroid_mean,level,268,0.23655812876670196,1.367211339942704,0.8905296871164388,-1.8348438226340498,1.2178061507532396,0.82692005465353,0.4911651857237738
D2_warmup3_session_location,post_warmup_k3,spectral_centroid_std,within-event variability,268,-0.11655139472556279,1.028665981154328,0.6821573485368171,-1.3175736588801534,0.8595552518539792,0.39110867642809916,0.1284033987957836
D2_warmup3_session_location,post_warmup_k3,spectral_flatness_mean,level,268,0.4417169928115147,1.5603175243177487,1.1600136871767464,-1.9083418390495426,2.1664087355463253,0.6985385149051994,0.6696611191651829
D2_warmup3_session_location,post_warmup_k3,spectral_flatness_std,within-event variability,268,0.10299827036499519,1.4251202921785522,0.9237555966759754,-1.9379228999334752,2.24486493606458,0.4080224979960004,0.43575895608877796
D2_warmup3_session_location,post_warmup_k3,spectral_rolloff_std,within-event variability,268,-0.15538482399580505,1.0612221699029456,0.6914975398095439,-0.9160256908944427,1.080667118065544,0.5371300816533471,0.18713692310174826
D2_warmup3_session_location,post_warmup_k10,duration_s,level,186,1.059914050606078,3.6190476190476173,1.9913536708356623,-1.3168629113590677,4.8747286707626705,2.828947368421054,0.7223641736406227
D2_warmup3_session_location,post_warmup_k10,mean_rms,level,186,-0.25506607243672436,1.6422159047051386,1.1537156822766423,-3.6058900913992713,1.816543024382101,0.9691993782844109,0.6686336630047265
D2_warmup3_session_location,post_warmup_k10,spectral_centroid_mean,level,186,0.28233502138486777,1.407122449155592,0.9828725674001473,-1.7714681883883014,1.2248821361567799,0.9665800083328362,0.5725992231438443
D2_warmup3_session_location,post_warmup_k10,spectral_centroid_std,within-event variability,186,-0.12806117686880242,1.049204278627484,0.6970036651613853,-1.3485646667468139,0.44664537914589403,0.3373859870141817,0.1562889085169184
D2_warmup3_session_location,post_warmup_k10,spectral_flatness_mean,level,186,0.6661131511386087,1.7078808222933786,1.2701435568917203,-2.094719212704355,2.2139846673187993,1.3553417435274717,0.707343684923402
D2_warmup3_session_location,post_warmup_k10,spectral_flatness_std,within-event variability,186,0.14175370306710972,1.3913166140778999,0.9427390180464938,-2.1857567332126404,2.4527091597127626,0.7704813241131233,0.5572856786705955
D2_warmup3_session_location,post_warmup_k10,spectral_rolloff_std,within-event variability,186,-0.22646665374397368,1.108680711462703,0.7068091852447336,-0.7673825430821517,1.1085715659457085,0.2732350221007733,0.21696442040309127
D2_warmup10_session_location,post_warmup_k10,duration_s,level,186,0.15523993670493028,0.8607503607503645,0.5827836825302171,-1.4239249366728084,1.3134820052965288,0.3769841269841273,0.15611148685561183
D2_warmup10_session_location,post_warmup_k10,mean_rms,level,186,-0.2676037596339581,1.2740730165988208,0.8349918071432354,-1.6423989922805804,0.582916460042625,0.611789948139348,0.3275028178929922
D2_warmup10_session_location,post_warmup_k10,spectral_centroid_mean,level,186,0.2489633401971271,1.1363160359387174,0.7093564208700678,-0.27661903124421644,1.1330105771255816,0.08912251428760538,0.3235730461845492
D2_warmup10_session_location,post_warmup_k10,spectral_centroid_std,within-event variability,186,-0.10576380499542806,1.0173692624544526,0.6608036795805465,-1.1908301403122514,0.1037674579176512,0.2661974458564583,0.08417052327232905
D2_warmup10_session_location,post_warmup_k10,spectral_flatness_mean,level,186,0.23716965667640555,1.0414441173059459,0.642773765415022,-0.5926150650889371,0.8402890504508305,0.5788449339971198,0.28277711420466356
D2_warmup10_session_location,post_warmup_k10,spectral_flatness_std,within-event variability,186,-0.14603586301825278,1.1115238153819795,0.7145557245201217,-1.4914917195005934,0.9129834285610495,0.9814009700451642,0.3168497196748664
D2_warmup10_session_location,post_warmup_k10,spectral_rolloff_std,within-event variability,186,-0.25903984291284,1.060147299421729,0.762072554369225,-1.1954877792239036,0.35235400781041404,0.5862841709535714,0.157552929272071
D1L_offline_level_location,sessions_ge5,duration_s,level,301,0.0,0.9999999999999973,0.6744907594765934,-0.5324927048499454,0.037471708859811305,0.052631578947370625,-0.031681538518160225
D1L_offline_level_location,sessions_ge5,mean_rms,level,301,-0.01671796988861131,0.9823271862897693,0.6549669585034358,-0.07606852556383975,0.40126086603214745,0.05475789284687462,-0.03364475236533549
D1L_offline_level_location,sessions_ge5,spectral_centroid_mean,level,301,-0.0030158919689923336,1.004093070834618,0.674953527157331,-0.38012099435087143,0.23541767733479999,0.05468574220602523,-0.03193642064895403
D1L_offline_level_location,sessions_ge5,spectral_centroid_std,within-event variability,301,-0.026881632665560776,0.9547754388920832,0.6626519247803477,-1.0470035213616602,0.7473580011654761,0.3150769566765462,0.05118250348752332
D1L_offline_level_location,sessions_ge5,spectral_flatness_mean,level,301,-0.00043201437265994364,0.9782533704660753,0.6593908444335422,-0.41673112564838555,0.09156525786685168,0.017783270524983536,-0.027865057427686326
D1L_offline_level_location,sessions_ge5,spectral_flatness_std,within-event variability,301,0.0014904629981670045,1.063160390779411,0.7163478853307939,-0.7083353268841653,1.1771628083837933,0.558795082348955,0.23525805968200839
D1L_offline_level_location,sessions_ge5,spectral_rolloff_std,within-event variability,301,0.009667758572249954,1.016175724592466,0.682632587932912,-0.960381098483664,0.9785136266969973,0.3513311988192766,0.05437302871077572
D1L_offline_level_location,sessions_ge20,duration_s,level,242,0.01873585442990608,0.8690476190476196,0.5825147468206961,-0.035499513656663505,0.037471708859811305,0.027777777777777856,-0.016617546550356202
D1L_offline_level_location,sessions_ge20,mean_rms,level,242,-0.020444894168775235,0.9371183441776775,0.6386546096104944,-0.07606852556383975,0.030115250989627244,0.05328014022477609,-0.018466616892732577
D1L_offline_level_location,sessions_ge20,spectral_centroid_mean,level,242,0.00017443002155297614,0.9865397062414187,0.6652374856950387,-0.06364467582970462,0.13183895722356392,0.020905510570622222,-0.015057116471711433
D1L_offline_level_location,sessions_ge20,spectral_centroid_std,within-event variability,242,-0.003947002178977353,0.9663980126687354,0.6557735317005849,-0.3666807815480535,0.38469324666980664,0.2891199689953767,0.03106860258845609
D1L_offline_level_location,sessions_ge20,spectral_flatness_mean,level,242,-0.002461922770991949,1.031627723448561,0.6958233666859308,-0.1655923603472885,0.09156525786685168,0.009244476590459162,-0.010555779208890287
D1L_offline_level_location,sessions_ge20,spectral_flatness_std,within-event variability,242,0.08320014520764793,1.180586016344744,0.7442845951788137,-0.7083353268841653,1.1771628083837933,0.5499489416549895,0.27896654569116114
D1L_offline_level_location,sessions_ge20,spectral_rolloff_std,within-event variability,242,0.06267084622925519,0.9763638656088252,0.6748168004689805,-0.960381098483664,0.30673022304413605,0.10204031086601367,0.04460268902671121
D1L_offline_level_location,post_warmup_k5,duration_s,level,241,0.037471708859811305,0.8737373737373735,0.5825147468206953,-0.40824440705162546,0.6034917321632678,0.34523809523809507,0.0029270800067829374
D1L_offline_level_location,post_warmup_k5,mean_rms,level,241,-0.02417181844893916,0.9585350798239006,0.6536089788100108,-2.28076659131968,0.34080190407785316,0.13333518041791265,0.006242999986127854
D1L_offline_level_location,post_warmup_k5,spectral_centroid_mean,level,241,0.023432289142093266,1.0305036747918412,0.6742356059634359,-0.13972024978142478,0.3005492475270273,0.1487192909398824,-0.006388072601909965
D1L_offline_level_location,post_warmup_k5,spectral_centroid_std,within-event variability,241,-0.026881632665560776,1.0223024522693038,0.6930341637826515,-0.3999957515137694,0.7649359891217298,0.5038059139855992,0.04531930023163666
D1L_offline_level_location,post_warmup_k5,spectral_flatness_mean,level,241,-0.02836302724694051,1.0196638901534836,0.7038734420697218,-0.5861896605158456,0.21184970700637734,0.20793018120181941,0.002349779112419316
D1L_offline_level_location,post_warmup_k5,spectral_flatness_std,within-event variability,241,0.03207638104143632,1.0704550562441804,0.7083353268841653,-0.6991354948572138,1.3121188109299466,0.9176955400731334,0.3147615539815229
D1L_offline_level_location,post_warmup_k5,spectral_rolloff_std,within-event variability,241,0.009667758572249954,1.0247193127516143,0.6950688948143019,-1.0230515921273156,0.7064733883886701,0.3513836937710085,0.05808572597178172
D1L_offline_level_location,post_warmup_k10,duration_s,level,186,0.09197601265589868,0.894736842105265,0.5825147468206961,-1.0117361392148887,0.6389912458199317,0.16269841269841323,0.029611708687944726
D1L_offline_level_location,post_warmup_k10,mean_rms,level,186,-0.02641211629850277,0.9776839990175914,0.6644047806580141,-0.26405668371334823,0.4018022187064502,0.29748671336490107,-0.007614374639904301
D1L_offline_level_location,post_warmup_k10,spectral_centroid_mean,level,186,0.031603780785523096,1.0381565231673962,0.675037278306094,-0.22368687632118,0.30161929540747484,0.06575663249149055,-0.001613134317726018
D1L_offline_level_location,post_warmup_k10,spectral_centroid_std,within-event variability,186,-0.035494038838432,1.0625146354800121,0.7263909347315396,-0.43331072147948535,0.38469324666980664,0.340966092823953,0.06303972092592729
D1L_offline_level_location,post_warmup_k10,spectral_flatness_mean,level,186,-0.029682049852831387,1.015944270693947,0.6865578786823985,-0.2992202700303728,0.21477340253115634,0.1413203293722419,0.011708850418760878
D1L_offline_level_location,post_warmup_k10,spectral_flatness_std,within-event variability,186,0.024917425208238198,1.140418915425843,0.7442845951788137,-0.8160529186770787,1.469830812738544,0.6415173855562861,0.36972603301711937
D1L_offline_level_location,post_warmup_k10,spectral_rolloff_std,within-event variability,186,0.012426550317779278,0.974589930794376,0.6692101334190248,-1.0931789378269534,0.30673022304413605,0.28882443545258396,0.11241550193243523
D2L_warmup5_level_location,post_warmup_k5,duration_s,level,241,0.15329335442649666,1.7272727272727255,1.1414459006526918,-1.316862911359066,1.419980546266517,1.0753588516746444,0.396279656097925
D2L_warmup5_level_location,post_warmup_k5,mean_rms,level,241,-0.19969821370034055,1.1998064407666122,0.7988714179119716,-4.1358454317708455,1.400352047747678,1.0531230079467506,0.32953166477809304
D2L_warmup5_level_location,post_warmup_k5,spectral_centroid_mean,level,241,0.17109393639720283,1.122889116675879,0.7508153170068659,-0.6081790120512306,1.2178061507532396,0.6143483079348966,0.33141752870022856
D2L_warmup5_level_location,post_warmup_k5,spectral_centroid_std,within-event variability,241,-0.026881632665560776,1.0223024522693038,0.6930341637826515,-0.3999957515137694,0.7649359891217298,0.5038059139855992,0.04531930023163666
D2L_warmup5_level_location,post_warmup_k5,spectral_flatness_mean,level,241,0.17115263164927047,1.2518792826018323,0.8705682321430444,-2.0425310489939275,1.1613195682851085,1.2926106456700204,0.5341151710782082
D2L_warmup5_level_location,post_warmup_k5,spectral_flatness_std,within-event variability,241,0.03207638104143632,1.0704550562441804,0.7083353268841653,-0.6991354948572138,1.3121188109299466,0.9176955400731334,0.3147615539815229
D2L_warmup5_level_location,post_warmup_k5,spectral_rolloff_std,within-event variability,241,0.009667758572249954,1.0247193127516143,0.6950688948143019,-1.0230515921273156,0.7064733883886701,0.3513836937710085,0.05808572597178172
D2L_warmup5_level_location,post_warmup_k10,duration_s,level,186,0.09197601265590123,1.7023809523809526,1.1241512657943236,-1.316862911359066,1.455480059923181,1.272727272727271,0.4143712097548768
D2L_warmup5_level_location,post_warmup_k10,mean_rms,level,186,-0.21676767898715904,1.1476267802504714,0.7541360187807926,-1.3538009553479617,1.4613523623762752,0.46783936195166287,0.2555456718756827
D2L_warmup5_level_location,post_warmup_k10,spectral_centroid_mean,level,186,0.17530658070277172,1.1924712887918112,0.7452388996026604,-0.5448033778054822,1.2248821361567799,0.4500997336103864,0.3914517759756974
D2L_warmup5_level_location,post_warmup_k10,spectral_centroid_std,within-event variability,186,-0.035494038838432,1.0625146354800121,0.7263909347315396,-0.43331072147948535,0.38469324666980664,0.340966092823953,0.06303972092592729
D2L_warmup5_level_location,post_warmup_k10,spectral_flatness_mean,level,186,0.24952303130125492,1.2805880309569497,0.8972483174880831,-2.094719212704355,1.1642432638098876,1.0166259509385858,0.5399194970363375
D2L_warmup5_level_location,post_warmup_k10,spectral_flatness_std,within-event variability,186,0.024917425208238198,1.140418915425843,0.7442845951788137,-0.8160529186770787,1.469830812738544,0.6415173855562861,0.36972603301711937
D2L_warmup5_level_location,post_warmup_k10,spectral_rolloff_std,within-event variability,186,0.012426550317779278,0.974589930794376,0.6692101334190248,-1.0931789378269534,0.30673022304413605,0.28882443545258396,0.11241550193243523
D2L_warmup3_level_location,post_warmup_k5,duration_s,level,241,1.0294858960432267,3.2882205513784495,1.764052755554172,-1.3168629113590677,4.8747286707626705,2.0843776106934038,0.7132999847804402
D2L_warmup3_level_location,post_warmup_k5,mean_rms,level,241,-0.33951266378661676,1.7723026629831695,1.1523119012987342,-4.1358454317708455,1.755542709753504,2.0646640084538417,0.6942350244402553
D2L_warmup3_level_location,post_warmup_k5,spectral_centroid_mean,level,241,0.25827563597764974,1.3621418259190943,0.895623289836216,-1.8348438226340498,1.2178061507532396,0.44110655326959275,0.5286565740427532
D2L_warmup3_level_location,post_warmup_k5,spectral_centroid_std,within-event variability,241,-0.026881632665560776,1.0223024522693038,0.6930341637826515,-0.3999957515137694,0.7649359891217298,0.5038059139855992,0.04531930023163666
D2L_warmup3_level_location,post_warmup_k5,spectral_flatness_mean,level,241,0.46031059226184584,1.622343775309864,1.2107276270358796,-2.0425310489939275,2.2110609717940206,1.4389203231759233,0.7008828819825773
D2L_warmup3_level_location,post_warmup_k5,spectral_flatness_std,within-event variability,241,0.03207638104143632,1.0704550562441804,0.7083353268841653,-0.6991354948572138,1.3121188109299466,0.9176955400731334,0.3147615539815229
D2L_warmup3_level_location,post_warmup_k5,spectral_rolloff_std,within-event variability,241,0.009667758572249954,1.0247193127516143,0.6950688948143019,-1.0230515921273156,0.7064733883886701,0.3513836937710085,0.05808572597178172
D2L_warmup3_level_location,post_warmup_k3,duration_s,level,268,0.9449632444797409,2.9893162393162442,1.5974781145498325,-1.3168629113590677,4.8747286707626705,1.6745710429920952,0.704173382104609
D2L_warmup3_level_location,post_warmup_k3,mean_rms,level,268,-0.3807009133393928,1.7478887770787028,1.130692822919937,-3.466352089214128,1.5759190234538747,1.2447154265692906,0.651546443583569
D2L_warmup3_level_location,post_warmup_k3,spectral_centroid_mean,level,268,0.23655812876670196,1.367211339942704,0.8905296871164388,-1.8348438226340498,1.2178061507532396,0.82692005465353,0.4911651857237738
D2L_warmup3_level_location,post_warmup_k3,spectral_centroid_std,within-event variability,268,-0.0285115837857014,0.9829293923476125,0.6818308527517962,-1.5842143433999725,0.6213969353915922,0.3803202214241847,0.04764257903749642
D2L_warmup3_level_location,post_warmup_k3,spectral_flatness_mean,level,268,0.4417169928115147,1.5603175243177487,1.1600136871767464,-1.9083418390495426,2.1664087355463253,0.6985385149051994,0.6696611191651829
D2L_warmup3_level_location,post_warmup_k3,spectral_flatness_std,within-event variability,268,0.024917425208238198,1.09250686760213,0.7159746408774328,-0.6991354948572138,1.270974569080158,0.6406137094328086,0.2808956254040837
D2L_warmup3_level_location,post_warmup_k3,spectral_rolloff_std,within-event variability,268,0.016965286458164114,1.0251750682639964,0.6888507413736069,-1.3838112283629482,0.40912154326311123,0.3930543702344316,0.055269491538517374
D2L_warmup3_level_location,post_warmup_k10,duration_s,level,186,1.059914050606078,3.6190476190476173,1.9913536708356623,-1.3168629113590677,4.8747286707626705,2.828947368421054,0.7223641736406227
D2L_warmup3_level_location,post_warmup_k10,mean_rms,level,186,-0.25506607243672436,1.6422159047051386,1.1537156822766423,-3.6058900913992713,1.816543024382101,0.9691993782844109,0.6686336630047265
D2L_warmup3_level_location,post_warmup_k10,spectral_centroid_mean,level,186,0.28233502138486777,1.407122449155592,0.9828725674001473,-1.7714681883883014,1.2248821361567799,0.9665800083328362,0.5725992231438443
D2L_warmup3_level_location,post_warmup_k10,spectral_centroid_std,within-event variability,186,-0.035494038838432,1.0625146354800121,0.7263909347315396,-0.43331072147948535,0.38469324666980664,0.340966092823953,0.06303972092592729
D2L_warmup3_level_location,post_warmup_k10,spectral_flatness_mean,level,186,0.6661131511386087,1.7078808222933786,1.2701435568917203,-2.094719212704355,2.2139846673187993,1.3553417435274717,0.707343684923402
D2L_warmup3_level_location,post_warmup_k10,spectral_flatness_std,within-event variability,186,0.024917425208238198,1.140418915425843,0.7442845951788137,-0.8160529186770787,1.469830812738544,0.6415173855562861,0.36972603301711937
D2L_warmup3_level_location,post_warmup_k10,spectral_rolloff_std,within-event variability,186,0.012426550317779278,0.974589930794376,0.6692101334190248,-1.0931789378269534,0.30673022304413605,0.28882443545258396,0.11241550193243523
D2L_warmup10_level_location,post_warmup_k10,duration_s,level,186,0.15523993670493028,0.8607503607503645,0.5827836825302171,-1.4239249366728084,1.3134820052965288,0.3769841269841273,0.15611148685561183
D2L_warmup10_level_location,post_warmup_k10,mean_rms,level,186,-0.2676037596339581,1.2740730165988208,0.8349918071432354,-1.6423989922805804,0.582916460042625,0.611789948139348,0.3275028178929922
D2L_warmup10_level_location,post_warmup_k10,spectral_centroid_mean,level,186,0.2489633401971271,1.1363160359387174,0.7093564208700678,-0.27661903124421644,1.1330105771255816,0.08912251428760538,0.3235730461845492
D2L_warmup10_level_location,post_warmup_k10,spectral_centroid_std,within-event variability,186,-0.035494038838432,1.0625146354800121,0.7263909347315396,-0.43331072147948535,0.38469324666980664,0.340966092823953,0.06303972092592729
D2L_warmup10_level_location,post_warmup_k10,spectral_flatness_mean,level,186,0.23716965667640555,1.0414441173059459,0.642773765415022,-0.5926150650889371,0.8402890504508305,0.5788449339971198,0.28277711420466356
D2L_warmup10_level_location,post_warmup_k10,spectral_flatness_std,within-event variability,186,0.024917425208238198,1.140418915425843,0.7442845951788137,-0.8160529186770787,1.469830812738544,0.6415173855562861,0.36972603301711937
D2L_warmup10_level_location,post_warmup_k10,spectral_rolloff_std,within-event variability,186,0.012426550317779278,0.974589930794376,0.6692101334190248,-1.0931789378269534,0.30673022304413605,0.28882443545258396,0.11241550193243523
D3_offline_session_location_scale,sessions_ge20,duration_s,level,242,-0.021757766434728886,1.032258064516136,0.6744907594766006,-0.06744907594765971,0.006022238923898221,0.03672235023041498,-0.007252497394613988
D3_offline_session_location_scale,sessions_ge20,mean_rms,level,242,1.5357778057763314e-05,1.0260986790990632,0.6920940773634583,-0.03799681980141234,0.056968255277546044,0.03820527627598475,-0.01819945647067929
D3_offline_session_location_scale,sessions_ge20,spectral_centroid_mean,level,242,0.016954691813842862,1.0408182905831416,0.7038477748217205,-0.032058758780623094,0.18531073375684565,0.025822571693740783,-0.011871414382346852
D3_offline_session_location_scale,sessions_ge20,spectral_centroid_std,within-event variability,242,-0.011729154554638046,1.0466024786707575,0.7120784843750221,-0.14036298924826998,0.006728438333177729,0.019808003513186827,-0.012505723127821099
D3_offline_session_location_scale,sessions_ge20,spectral_flatness_mean,level,242,-0.006297973561436264,1.0414696199121587,0.7068522347563914,-0.1891488051599641,0.07687011034216154,0.006784501940568582,-0.008407066231992086
D3_offline_session_location_scale,sessions_ge20,spectral_flatness_std,within-event variability,242,0.003418843187247606,1.06967145417057,0.7214835115139419,-0.0009149063272484333,0.047211124024311844,0.0031452549764391297,-0.012296198395648906
D3_offline_session_location_scale,sessions_ge20,spectral_rolloff_std,within-event variability,242,-0.005051613936852193,1.0584602964355365,0.714497439742084,-0.044819869795665115,0.06076926409539221,0.005738487436694286,-0.010551092408712652
