strategy,feature,folds,center_min,center_max,center_range_in_pooled_scale,scale_min_over_pooled,scale_max_over_pooled,scale_cv
C_loso_global,duration_s,18,1.5919999999999996,1.6560000000000006,0.21583704303251372,0.8800000000000033,1.1999999999999997,0.066001509023449
C_loso_global,mean_rms,18,0.1776945143938064,0.18782936781644816,0.3483629371521024,0.8397247099267128,1.1164800049815256,0.060800661494737965
C_loso_global,spectral_centroid_mean,18,0.36438269913196564,0.3751016855239868,0.38464237598978157,0.8772204512608635,1.0610140011209748,0.04249954088853655
C_loso_global,spectral_centroid_std,18,0.0387622229754924,0.039850516244769055,0.12122620060171642,0.9595304349217157,1.0871350710186103,0.031541395383916336
C_loso_global,spectral_flatness_mean,18,0.1299631148576736,0.1383199393749237,0.2813080137679994,0.9222737508440717,1.0439182757379557,0.027190818162147162
C_loso_global,spectral_flatness_std,18,0.05340203456580635,0.0568421818315982,0.2591915822594841,0.8600641421230287,1.1049194353462406,0.04470198816920457
C_loso_global,spectral_rolloff_std,18,0.0798647701740264,0.0809658020734787,0.06512677139707591,0.9361002303206478,1.0326571815939527,0.02058296420971657
D1_offline_session_location,duration_s,12,-0.008000000000000118,-0.007999999999999896,7.488351710678247e-16,0.7199999999999986,0.8799999999999993,0.06280742930213275
D1_offline_session_location,mean_rms,12,0.0,0.00041525810956949405,0.014273569502512969,0.5742665063364486,0.698148368227432,0.045663572954993
D1_offline_session_location,spectral_centroid_mean,12,0.0002334788441658575,0.00036428868770604916,0.004694008106923575,0.6548954771646402,0.7231898867844324,0.030492909952469175
D1_offline_session_location,spectral_centroid_std,12,-0.00019462592899804898,-1.3796612620402271e-05,0.020142779157715503,1.024837288108477,1.15046058893123,0.029547572757367822
D1_offline_session_location,spectral_flatness_mean,12,-0.0001464113593101224,-3.8251280784606934e-05,0.0036408921590010395,0.7223745935799767,0.7912771033444687,0.02800006077788869
D1_offline_session_location,spectral_flatness_std,12,6.34519383311237e-05,0.00013801734894512696,0.005617994017597098,0.8253321437592454,0.9714115220292425,0.0430051252014693
D1_offline_session_location,spectral_rolloff_std,12,0.0006523653864860465,0.0008301287889480591,0.010514823849035564,0.9617491301720041,1.0279298910468984,0.017476876522466944
