strategy,session,mean_abs_z,rms_z,max_abs_z,n_scored
A_first20,2018-01-22#1,0.9850370600390427,1.3000640328111581,2.4255859020328714,9
A_first20,2018-01-23#1,1.006515353969975,1.339557852591798,2.375741505841945,50
A_first20,2018-01-23#2,1.54704017082528,1.8515676242239905,3.443275288775362,27
A_first20,2018-01-23#3,1.4579390102394343,1.9022385205370507,3.34729782213896,29
A_first20,2018-02-01#1,1.6271340070128093,2.420780569221845,5.714464651029206,2
A_first20,2018-02-01#4,1.1705332623258997,1.5943292055034002,2.829645880019771,2
A_first20,2018-02-02#1,1.7325472313659507,1.9940437684465424,3.2254919281964183,8
A_first20,2018-02-02#2,1.7397979164793382,2.1170162896834843,4.159916701930334,9
A_first20,2018-02-05#1,2.1451755842835225,2.715724573328102,4.337376704402331,27
A_first20,2018-02-06#1,1.6867548928010363,1.9295800956804483,2.982599092823489,4
A_first20,2018-02-06#2,2.2056590932708238,2.366617433007521,3.5680057521061226,1
A_first20,2018-02-06#3,2.320181703612628,2.7081981718932338,4.508438234396206,13
A_first20,2018-02-08#1,2.3161518909583405,2.519679218179185,3.789832848599672,9
A_first20,2018-02-09#1,1.7374422600608046,1.952420088029624,2.7237579857122505,4
A_first20,2018-05-02#1,2.9459395894196954,3.740728940628835,6.874284498190313,11
A_first20,2018-05-03#1,2.0627132630768554,2.620514939436708,4.346925971039903,4
A_first20,2018-05-03#2,2.430873590386677,2.887688958570363,5.275039081353229,57
A_first20,2018-05-03#3,1.9170975811177273,2.4292464893318275,4.3294767536475405,52
B_pooled_in_sample,2018-01-22#1,0.5646621506472079,0.6839209748591039,1.1473510329723042,9
B_pooled_in_sample,2018-01-23#1,0.66388299097074,0.8088788079739546,1.4628232054504968,50
B_pooled_in_sample,2018-01-23#2,0.5892744388828097,0.731285858702098,1.363889524227504,27
B_pooled_in_sample,2018-01-23#3,0.6696952642175,0.8832288658395552,1.7063998777705849,29
B_pooled_in_sample,2018-02-01#1,0.7229965254266687,0.9765436343776956,2.1688221138814154,2
B_pooled_in_sample,2018-02-01#4,0.43798881071544205,0.6054880766742321,1.3666547769061208,2
B_pooled_in_sample,2018-02-02#1,0.7876664934954243,0.9505270267634993,1.6997167138810216,8
B_pooled_in_sample,2018-02-02#2,0.651700504278949,0.7734632022821062,1.4522054111450076,9
B_pooled_in_sample,2018-02-05#1,0.9659041534487413,1.1020816157377242,2.160229285779729,27
B_pooled_in_sample,2018-02-06#1,0.5777169060680287,0.779905566999709,1.529010008136539,4
B_pooled_in_sample,2018-02-06#2,1.165631833866813,1.2908710745191019,1.9155537569135341,1
B_pooled_in_sample,2018-02-06#3,1.1428115281506943,1.440897029244405,2.6709834075273178,13
B_pooled_in_sample,2018-02-08#1,0.975032763912351,1.1942644982639306,1.9309665962811582,9
B_pooled_in_sample,2018-02-09#1,0.9092368890378109,0.9887279870645409,1.5157954204838195,4
B_pooled_in_sample,2018-05-02#1,0.9859328784773728,1.2450427698751547,1.9563845077961923,11
B_pooled_in_sample,2018-05-03#1,0.6468931090132861,0.8643810567255811,1.4979843385519624,4
B_pooled_in_sample,2018-05-03#2,0.8617346551551409,1.0344002797469134,1.5479723237091003,57
B_pooled_in_sample,2018-05-03#3,0.9204168685499439,1.0941022876396589,1.85778879105101,52
C_loso_global,2018-01-22#1,0.5618368789509944,0.684506057567573,1.1414459006527011,9
C_loso_global,2018-01-23#1,0.7427011091309823,0.8604056166639705,1.5731776162225177,50
C_loso_global,2018-01-23#2,0.5953700953801224,0.7249130565493105,1.294961639249154,27
C_loso_global,2018-01-23#3,0.6861887400619066,0.9167290153010083,1.6300193354017731,29
C_loso_global,2018-02-01#1,0.7255205250168446,0.9797500027876473,2.1758318408716417,2
C_loso_global,2018-02-01#4,0.43777138736472887,0.6056878151108596,1.367828840646039,2
C_loso_global,2018-02-02#1,0.8019195091112341,0.9795514713670652,1.7986420252709183,8
C_loso_global,2018-02-02#2,0.6460893640388228,0.779281750970354,1.452749328103439,9
C_loso_global,2018-02-05#1,0.9950413791216163,1.1314499356653123,2.251893080422924,27
C_loso_global,2018-02-06#1,0.59364028365454,0.8005935782807971,1.6019155537569105,4
C_loso_global,2018-02-06#2,1.162090950798959,1.2836380699729477,1.8678205647044241,1
C_loso_global,2018-02-06#3,1.1710090983579522,1.483137815780808,2.810378164485823,13
C_loso_global,2018-02-08#1,0.9981417300352172,1.2134291025036619,1.9521616063646205,9
C_loso_global,2018-02-09#1,0.9171174740096785,1.0001162953935374,1.5310785090965053,4
C_loso_global,2018-05-02#1,0.9963749261862288,1.2645028275796155,2.016804236755968,11
C_loso_global,2018-05-03#1,0.6476563677023429,0.8675352313480864,1.4871124906035225,4
C_loso_global,2018-05-03#2,0.990258559190968,1.1443078259315709,1.839520253117984,57
C_loso_global,2018-05-03#3,1.0851972600834898,1.3100870381613583,2.248549968876545,52
D1L_offline_level_location,2018-01-22#1,0.6159056938444027,0.6802436967121928,1.3143922492364415,9
D1L_offline_level_location,2018-01-23#1,0.6633482969462503,0.7986258666404493,1.3826641929691474,50
D1L_offline_level_location,2018-01-23#2,0.6864143329343723,0.7920264338517776,1.4127326655544787,27
D1L_offline_level_location,2018-01-23#3,0.8595762778263084,1.0191550208117772,1.8883595336001977,29
D1L_offline_level_location,2018-02-02#1,0.8762854858033857,1.0197559031347798,1.9882906917381318,8
D1L_offline_level_location,2018-02-02#2,0.8039584296807224,0.9566749332590376,1.534462221821448,9
D1L_offline_level_location,2018-02-05#1,1.0929337853504204,1.361697384924642,2.271968874026432,27
D1L_offline_level_location,2018-02-06#3,0.8018163392735337,0.990687924397403,1.8552978988178317,13
D1L_offline_level_location,2018-02-08#1,1.1985224973396538,1.4067692361126618,2.2719688740264257,9
D1L_offline_level_location,2018-05-02#1,1.0221189206197636,1.43417163767825,2.404747144331991,11
D1L_offline_level_location,2018-05-03#2,0.7647085043709959,0.8968453650217074,1.5303736333162263,57
D1L_offline_level_location,2018-05-03#3,0.8552797938319285,1.0752298363095998,1.9825272874705764,52
D1_offline_session_location,2018-01-22#1,0.6303085098111205,0.7573509501299035,1.3143922492364415,9
D1_offline_session_location,2018-01-23#1,0.6674187123668012,0.8223790526800344,1.4613966455326275,50
D1_offline_session_location,2018-01-23#2,0.7537856554437786,0.9630129503043001,1.6797214524684927,27
D1_offline_session_location,2018-01-23#3,0.8510611970027666,1.0364698852808694,1.8563521351059413,29
D1_offline_session_location,2018-02-02#1,0.8476667171195078,1.0598550748152393,1.8260336184926116,8
D1_offline_session_location,2018-02-02#2,0.7184957284299763,0.8916317317876005,1.9524732511164617,9
D1_offline_session_location,2018-02-05#1,1.1361763199125192,1.3783946242788818,2.351021744681759,27
D1_offline_session_location,2018-02-06#3,0.7745293656455515,0.9825107689336865,1.7209113469931903,13
D1_offline_session_location,2018-02-08#1,1.2516520036276364,1.552620293220605,2.2719688740264257,9
D1_offline_session_location,2018-05-02#1,0.9617000279576944,1.3622591132366066,2.404747144331991,11
D1_offline_session_location,2018-05-03#2,0.7313467006717683,0.8817017734001501,1.5697462296647042,57
D1_offline_session_location,2018-05-03#3,0.7711541595388485,0.9290092791007009,1.6054862227196325,52
D2L_warmup10_level_location,2018-01-23#1,0.6503972259418289,0.8395126615527656,1.5471411349661714,40
D2L_warmup10_level_location,2018-01-23#2,0.6823775894824671,0.7797905748531188,1.5881740775448276,17
D2L_warmup10_level_location,2018-01-23#3,0.9103646835099563,1.3033888848476665,2.4731327847475084,19
D2L_warmup10_level_location,2018-02-05#1,0.9415230369891597,1.0937184742766914,1.6921978192966245,17
D2L_warmup10_level_location,2018-02-06#3,1.2236784548082844,1.4715694276371578,2.7881281108351743,3
D2L_warmup10_level_location,2018-05-02#1,2.3585782465690253,2.7695068998405024,5.463582740306297,1
D2L_warmup10_level_location,2018-05-03#2,0.9421194590076024,1.0473777302076466,1.8035198817792935,47
D2L_warmup10_level_location,2018-05-03#3,0.9206424612507599,1.1173716188304312,2.06676689111745,42
D2L_warmup3_level_location,2018-01-22#1,0.626886825176429,0.8337731517180611,1.4107616488037253,6
D2L_warmup3_level_location,2018-01-23#1,0.7485582898292019,0.9325075820612074,1.6904108854181257,47
D2L_warmup3_level_location,2018-01-23#2,0.7532477298454201,0.8893226109749488,1.6413229667534044,24
D2L_warmup3_level_location,2018-01-23#3,0.8203340326856936,1.0026080016026409,1.8997083427252721,26
D2L_warmup3_level_location,2018-02-02#1,0.835724247234907,0.9548552589632686,1.81047519648981,5
D2L_warmup3_level_location,2018-02-02#2,0.9077028764803435,1.1336731009277632,1.9422771044090967,6
D2L_warmup3_level_location,2018-02-05#1,1.5522451154174046,1.9050199560917376,3.1893649905765518,24
D2L_warmup3_level_location,2018-02-06#1,0.6001629563697772,0.6745487087837816,0.985257351774548,1
D2L_warmup3_level_location,2018-02-06#3,0.9824129083476839,1.1557935022190522,2.1042723485848303,10
D2L_warmup3_level_location,2018-02-08#1,1.2631821954446407,1.6900001929998576,2.8651593712187866,6
D2L_warmup3_level_location,2018-02-09#1,1.2831851585621599,1.445407046600986,2.378813029005876,1
D2L_warmup3_level_location,2018-05-02#1,1.304974924011073,1.657147484008271,3.4537374859770544,8
D2L_warmup3_level_location,2018-05-03#1,0.818907525183695,0.9235860127066376,1.705607390418676,1
D2L_warmup3_level_location,2018-05-03#2,1.9227771456962564,2.5075455851063455,4.874728670762671,54
D2L_warmup3_level_location,2018-05-03#3,1.394817424200504,1.6596059647842916,2.8761685469394567,49
D2L_warmup5_level_location,2018-01-22#1,0.626886825176429,0.8583159419148702,1.5911064069704277,4
D2L_warmup5_level_location,2018-01-23#1,0.7128861166205833,0.8838290593297821,1.6862268986914901,45
D2L_warmup5_level_location,2018-01-23#2,0.7242390549948381,0.8828165393995855,1.7130809046759559,22
D2L_warmup5_level_location,2018-01-23#3,0.8566052040488109,1.050848822445626,1.9860005695699692,24
D2L_warmup5_level_location,2018-02-02#1,0.8777544310092618,1.0140914964563428,1.5842143433999725,3
D2L_warmup5_level_location,2018-02-02#2,1.0045747074838325,1.1958150562346825,2.0018523749650616,4
D2L_warmup5_level_location,2018-02-05#1,1.3249896276775195,1.7048439007798306,3.129486482408214,22
D2L_warmup5_level_location,2018-02-06#3,1.0987635776323954,1.2349673696554224,2.175402670608406,8
D2L_warmup5_level_location,2018-02-08#1,1.6412968582688152,1.9710483442801259,3.4068359281202745,4
D2L_warmup5_level_location,2018-05-02#1,1.4720351647251473,1.9651750224112199,4.4531077519702835,6
D2L_warmup5_level_location,2018-05-03#2,0.9327972170717884,1.0686211875896723,1.75970193012416,52
D2L_warmup5_level_location,2018-05-03#3,1.142269955022442,1.3141853813727629,2.3027644730762913,47
D2_warmup10_session_location,2018-01-23#1,0.6804681883993302,0.9156743106117737,1.5471411349661714,40
D2_warmup10_session_location,2018-01-23#2,0.7442951098808738,0.8662755697796125,1.4306686882968218,17
D2_warmup10_session_location,2018-01-23#3,1.1396102919270539,1.3533831073894202,2.4731327847475084,19
D2_warmup10_session_location,2018-02-05#1,1.1184272643876052,1.349629391257154,2.229215262493166,17
D2_warmup10_session_location,2018-02-06#3,1.2690540735038731,1.4700221030139897,2.2542637152358243,3
D2_warmup10_session_location,2018-05-02#1,2.5420227388646954,2.961253209890998,5.463582740306297,1
D2_warmup10_session_location,2018-05-03#2,0.8661925942788319,1.0614929752728468,1.8035198817792935,47
D2_warmup10_session_location,2018-05-03#3,0.8385466059630022,1.065273356661787,1.8387417035754963,42
D2_warmup3_session_location,2018-01-22#1,0.7110428456717526,0.8070375892876888,1.4107616488037253,6
D2_warmup3_session_location,2018-01-23#1,0.7888305112911003,0.9638801221933482,1.6904108854181257,47
D2_warmup3_session_location,2018-01-23#2,0.8156770459299232,1.0353427171105276,2.0678012594287614,24
D2_warmup3_session_location,2018-01-23#3,0.8477847007025221,1.0187591928480098,1.9110571518503476,26
D2_warmup3_session_location,2018-02-02#1,0.8574281204469446,1.1100470283768338,1.7699571592520682,5
D2_warmup3_session_location,2018-02-02#2,0.8687715648870666,1.129309248037962,2.187103675169896,6
D2_warmup3_session_location,2018-02-05#1,1.7866250212634636,2.0709173754188637,3.1893649905765518,24
D2_warmup3_session_location,2018-02-06#1,0.5784963143026208,0.65640864089593,0.985257351774548,1
D2_warmup3_session_location,2018-02-06#3,0.9439252298772212,1.1546987030091587,2.2006806123777833,10
D2_warmup3_session_location,2018-02-08#1,1.3224655265473917,1.6745976375230203,2.6509230946536197,6
D2_warmup3_session_location,2018-02-09#1,1.5043171300131564,1.7249249617004558,2.4624432872160735,1
D2_warmup3_session_location,2018-05-02#1,1.2679369498088884,1.8131100402318874,4.055625858778666,8
D2_warmup3_session_location,2018-05-03#1,1.0500156085573515,1.0984664381697673,1.705607390418676,1
D2_warmup3_session_location,2018-05-03#2,1.839595146662949,2.4790530617263187,4.874728670762671,54
D2_warmup3_session_location,2018-05-03#3,1.5669998156681024,1.815610544524719,3.100495329100568,49
D2_warmup5_session_location,2018-01-22#1,0.7110428456717526,0.7993062745455111,1.5112639953209337,4
D2_warmup5_session_location,2018-01-23#1,0.758805678173525,0.9026557239007041,1.761170316411113,45
D2_warmup5_session_location,2018-01-23#2,0.7999465720494698,1.0753801752745245,2.1483282749533643,22
D2_warmup5_session_location,2018-01-23#3,0.9621084609289025,1.1948180448014325,1.9860005695699692,24
D2_warmup5_session_location,2018-02-02#1,0.7914922344338293,0.9152830901045341,1.5345965740305185,3
D2_warmup5_session_location,2018-02-02#2,1.029544514699646,1.2904511023323955,2.4457095883424147,4
D2_warmup5_session_location,2018-02-05#1,1.557748877154836,1.831170686750892,3.129486482408214,22
D2_warmup5_session_location,2018-02-06#3,1.038100425916186,1.214241596542295,2.3429412564249343,8
D2_warmup5_session_location,2018-02-08#1,1.614845409061259,1.884183337283778,3.4068359281202745,4
D2_warmup5_session_location,2018-05-02#1,1.5862547106830793,2.1984406937057748,5.1501533459979765,6
D2_warmup5_session_location,2018-05-03#2,0.888251496346544,1.041250849152981,1.6999062077348517,52
D2_warmup5_session_location,2018-05-03#3,1.1078920650950255,1.2730195936485014,2.179150992933205,47
D3_offline_session_location_scale,2018-01-23#1,0.7300960434356134,0.9322765708109462,1.7179611765641019,50
D3_offline_session_location_scale,2018-01-23#2,0.9141912530932246,1.0782805674395433,1.8800962458765431,27
D3_offline_session_location_scale,2018-01-23#3,0.7856072020279365,0.9373086284241686,1.6833567978109971,29
D3_offline_session_location_scale,2018-02-05#1,0.8422842892963988,1.1076016455319728,2.0456274897887488,27
D3_offline_session_location_scale,2018-05-03#2,0.7790238851700477,0.942886165852414,1.657365633410243,57
D3_offline_session_location_scale,2018-05-03#3,0.831761930927772,1.0044792245383583,1.732344059076984,52
