representation,group,n_group,n_usable,median_group,median_usable,cliffs_delta,auc,delta_session_bootstrap_low,delta_session_bootstrap_high,stratified_auc,note
R0_current7,excluded_all,46,318.0,2.1225327454989023,1.0869627767071273,0.8359310910582445,0.9179655455291222,0.7081446346257915,0.9308354858408888,0.9458794587945879,
R0_current7,any_too_short,32,318.0,2.208258129946934,1.0869627767071273,0.9524371069182389,0.9762185534591195,0.9352078395392104,0.9757905424286647,0.9849624060150376,
R0_current7,only_close_neighbor,14,318.0,1.6252162226184863,1.0869627767071273,0.5696316262353998,0.7848158131176999,0.3021773673130429,0.8007498455405625,0.7702702702702703,
R1_no_duration,excluded_all,46,318.0,1.3236197344201455,1.0190755589754712,0.416051408258135,0.7080257041290675,0.11535238926078914,0.7019621143879927,0.8228782287822878,
R1_no_duration,any_too_short,32,318.0,1.47809726178889,1.0190755589754712,0.47012578616352196,0.735062893081761,0.13892222760041956,0.7728567002582116,0.8466165413533835,
R1_no_duration,only_close_neighbor,14,318.0,1.190027548464013,1.0190755589754712,0.2924528301886793,0.6462264150943396,-0.03656036493233481,0.6126300696182146,0.7162162162162162,
R2_duration_as_usability,excluded_all,14,318.0,1.190027548464013,1.0190755589754712,0.2924528301886793,0.6462264150943396,-0.03656036493233481,0.6126300696182146,0.7162162162162162,
R2_duration_as_usability,any_too_short,0,,,,,,,,,fewer than 3 scoreable events
R2_duration_as_usability,only_close_neighbor,14,318.0,1.190027548464013,1.0190755589754712,0.2924528301886793,0.6462264150943396,-0.03656036493233481,0.6126300696182146,0.7162162162162162,
R3_no_flatness_std,excluded_all,46,318.0,2.239560366164967,1.0733750821046535,0.8491933278643697,0.9245966639321849,0.7270431095774028,0.9383927124826696,0.947109471094711,
R3_no_flatness_std,any_too_short,32,318.0,2.358927441087937,1.0733750821046535,0.9608883647798743,0.9804441823899371,0.9422871541123518,0.9837516128299487,0.9864661654135338,
R3_no_flatness_std,only_close_neighbor,14,318.0,1.654235410959739,1.0733750821046535,0.5938903863432166,0.7969451931716083,0.3246169718132335,0.8257906540994776,0.7702702702702703,
R4_ew_flatness_std,excluded_all,46,318.0,2.199463571305543,1.0767211890252955,0.8171998906207274,0.9085999453103637,0.6785253172387554,0.9178888038176137,0.939729397293973,
R4_ew_flatness_std,any_too_short,32,318.0,2.2980810780298593,1.0767211890252955,0.9392688679245282,0.9696344339622641,0.9181565555325145,0.9694279793556458,0.9699248120300752,
R4_ew_flatness_std,only_close_neighbor,14,318.0,1.647336045457811,1.0767211890252955,0.5381850853548966,0.7690925426774483,0.22076213260423783,0.8030489202039296,0.8040540540540541,
R5_no_mean_rms,excluded_all,46,318.0,2.1799005483377893,1.054923433293132,0.8609515996718622,0.9304757998359311,0.7643394051316489,0.9383560074919934,0.9434194341943419,
R5_no_mean_rms,any_too_short,32,318.0,2.2641612981929837,1.054923433293132,0.9606918238993711,0.9803459119496856,0.9425075580486201,0.9843775983924612,0.9759398496240601,
R5_no_mean_rms,only_close_neighbor,14,318.0,1.7067437055096333,1.054923433293132,0.6329739442946991,0.8164869721473496,0.4017673419645578,0.8385522048028508,0.7972972972972973,
R6_relative_level,excluded_all,46,318.0,2.0990367027232906,1.0443679586586603,0.8699753896636588,0.9349876948318294,0.7651042112716891,0.9471161970855495,0.9520295202952029,
R6_relative_level,any_too_short,32,318.0,2.1501824305546333,1.0443679586586603,0.9597091194968554,0.9798545597484277,0.9412948376246506,0.9844141232064766,0.9744360902255639,
R6_relative_level,only_close_neighbor,14,318.0,1.7403458085223131,1.0443679586586603,0.6648697214734951,0.8324348607367476,0.3912792387278628,0.8958707205950721,0.8513513513513513,
R7_ew_spectral,excluded_all,46,318.0,2.0408609653795593,1.0286261106688346,0.7368061252392673,0.8684030626196336,0.5453059301145426,0.8808019248899821,0.9348093480934809,
R7_ew_spectral,any_too_short,32,318.0,2.2950520345478287,1.0286261106688346,0.8903301886792452,0.9451650943396226,0.8440486800927914,0.9423581141921765,0.9518796992481203,
R7_ew_spectral,only_close_neighbor,14,318.0,1.407873822322997,1.0286261106688346,0.3858939802336028,0.6929469901168014,0.004504565898868733,0.7449646804140857,0.8581081081081081,
R8_robust_candidate,excluded_all,46,318.0,1.2803279187929353,0.9724994466636485,0.3452283292316105,0.6726141646158053,0.005383552583479069,0.6245135359925021,0.7995079950799509,
R8_robust_candidate,any_too_short,32,318.0,1.347259337641077,0.9724994466636485,0.4954795597484276,0.7477397798742138,0.2615987465220202,0.7204381301786957,0.825563909774436,
R8_robust_candidate,only_close_neighbor,14,318.0,0.9346126098831369,0.9724994466636485,0.0017969451931716396,0.5008984725965858,-0.5265414583150946,0.5460168237482833,0.6824324324324325,
