feature,transform,monotone_fraction,max_abs_delta_z,median_delta_z@0.5,median_delta_z@0.707107,median_delta_z@1.41421,median_delta_z@2,median_delta_z@30,median_delta_z@20,median_delta_z@10,median_delta_z@-0.5,median_delta_z@0.9
duration_s,gain,1.0,0.0,0.0,0.0,0.0,0.0,,,,,
mean_rms,gain,1.0,17.239763451355593,-3.0747380074323836,-1.8011396982354981,2.5471966183937713,6.149476014864767,,,,,
spectral_centroid_mean,gain,1.0,2.159113165256521e-06,0.0,0.0,0.0,0.0,,,,,
spectral_centroid_std,gain,1.0,8.34467840826747e-07,0.0,0.0,0.0,0.0,,,,,
spectral_flatness_mean,gain,1.0,0.0577507826305399,0.0004136188326769874,0.00013169791919531715,-6.964417457831773e-05,-0.00011439761819102834,,,,,
spectral_flatness_std,gain,0.9308176100628931,0.6714390138508848,0.0001753628840226451,5.590569582825111e-07,0.0,0.0,,,,,
spectral_rolloff_std,gain,0.9905660377358491,0.00505494685256417,0.0,0.0,0.0,0.0,,,,,
ew_spectral_flatness_std,gain,1.0,0.004472289528610299,-4.0312355897853536e-07,-2.8924483630454745e-07,3.424055251000091e-07,1.3102803261832996e-07,,,,,
relative_level_db,gain,1.0,0.5225322532202097,-0.4939465840807434,-0.2469731950615639,0.246973253678213,0.4939465840807436,,,,,
ew_spectral_centroid_mean,gain,1.0,7.604024554463962e-08,0.0,2.5654919855178093e-09,2.5654919855178093e-09,0.0,,,,,
ew_spectral_centroid_std,gain,1.0,6.665541878447812e-07,0.0,9.863314262559264e-09,9.863314262559264e-09,0.0,,,,,
ew_spectral_flatness_mean,gain,1.0,0.0005000817414666514,8.277168239700927e-08,8.463669864955392e-08,-6.803004759525777e-08,-1.726733800389013e-08,,,,,
ew_spectral_rolloff_std,gain,0.9905660377358491,0.0011882499925960355,0.0,8.724376776569898e-11,8.724376776569898e-11,0.0,,,,,
duration_s,noise,1.0,0.0,,,,,0.0,0.0,0.0,,
mean_rms,noise,0.9968553459119497,1.060770020871876,,,,,0.018054646942100905,0.10257205234113648,0.5875758600094187,,
spectral_centroid_mean,noise,1.0,4.036967618586418,,,,,0.551092237293012,0.9181970949606884,1.7294121007082797,,
spectral_centroid_std,noise,0.1949685534591195,4.3807795940514875,,,,,0.4079382008740178,0.6143399994957921,0.2986375958107444,,
spectral_flatness_mean,noise,1.0,8.407975126312571,,,,,1.8814812789276774,3.3084853972137225,6.179454348245662,,
spectral_flatness_std,noise,0.16981132075471697,10.671164306538975,,,,,4.796601380186561,5.676998200109741,4.967498724965477,,
spectral_rolloff_std,noise,0.29245283018867924,5.01393943927815,,,,,-0.18055678312883366,-0.3227510948815635,-1.1473920945508864,,
ew_spectral_flatness_std,noise,0.8710691823899371,12.053216433565275,,,,,0.2058430515498073,1.2420067995913397,4.2891761606752885,,
relative_level_db,noise,1.0,0.10526420326170338,,,,,0.00199234696326267,0.011062468423308325,0.06088231238964492,,
ew_spectral_centroid_mean,noise,1.0,3.2895466152365,,,,,0.032967724739697446,0.2007387369741418,0.9896835589186488,,
ew_spectral_centroid_std,noise,0.6163522012578616,3.888027221962358,,,,,-0.0008734272151565414,0.11542046381722465,0.7165931388966321,,
ew_spectral_flatness_mean,noise,1.0,4.3022938108775435,,,,,0.2644721222174041,1.0448451839766657,3.6051388224276635,,
ew_spectral_rolloff_std,noise,0.5849056603773585,3.605619622954395,,,,,-0.04837608578940075,-0.14134192183322386,-0.40232566402275793,,
duration_s,tilt,1.0,0.0,0.0,,,,,,,0.0,0.0
mean_rms,tilt,0.7044025157232704,1.1622073349945143,0.020014296691515804,,,,,,,-0.014163040603072552,0.023205050509577274
spectral_centroid_mean,tilt,1.0,5.184423429514,2.4881227923284577,,,,,,,-1.627976186097292,3.9042810939165964
spectral_centroid_std,tilt,0.4308176100628931,2.2791867435069784,0.30004372554056735,,,,,,,-0.5075343935644713,0.1979078907373203
spectral_flatness_mean,tilt,0.012578616352201259,2.626045573259838,1.2318863140744543,,,,,,,-1.7695078277826157,0.17060627796875538
spectral_flatness_std,tilt,0.031446540880503145,3.487735631906386,0.5619764700527299,,,,,,,-1.3736637074192555,-0.3436075910469018
spectral_rolloff_std,tilt,0.48742138364779874,3.7729067595618977,-0.8344131520139293,,,,,,,-0.06701862740241682,-1.2180675498367712
ew_spectral_flatness_std,tilt,0.031446540880503145,9.428670891777836,0.5977650187255354,,,,,,,-1.7647356547933546,-0.40785435896811356
relative_level_db,tilt,0.7641509433962265,0.09021767172322215,0.0022044608273394106,,,,,,,-0.001612066502013343,0.002543671607635023
ew_spectral_centroid_mean,tilt,1.0,6.094059285314341,2.322610711493005,,,,,,,-1.494063573892139,3.6567006117779846
ew_spectral_centroid_std,tilt,0.3710691823899371,8.811781837123602,0.3641417502142138,,,,,,,-0.6453875880028348,0.25879247499313607
ew_spectral_flatness_mean,tilt,0.0220125786163522,3.4581003418240064,1.3593646932214547,,,,,,,-1.7387066209483717,0.3859025928957929
ew_spectral_rolloff_std,tilt,0.5849056603773585,4.748246702973616,-0.8070296983525078,,,,,,,0.5583697012145721,-1.018390313646902
duration_s,recording_gain,1.0,0.0,0.0,,,0.0,,,,,
mean_rms,recording_gain,1.0,17.239763451355593,-3.0747380074323836,,,6.149476014864767,,,,,
spectral_centroid_mean,recording_gain,1.0,0.0,0.0,,,0.0,,,,,
spectral_centroid_std,recording_gain,1.0,0.0,0.0,,,0.0,,,,,
spectral_flatness_mean,recording_gain,1.0,0.0577507826305399,0.0004136188326769874,,,-0.00011439761819102834,,,,,
spectral_flatness_std,recording_gain,0.949685534591195,0.6714390138508848,0.0001753628840226451,,,0.0,,,,,
spectral_rolloff_std,recording_gain,1.0,0.0,0.0,,,0.0,,,,,
ew_spectral_flatness_std,recording_gain,1.0,0.004472289528610299,-4.0312355897853536e-07,,,1.3102803261832996e-07,,,,,
relative_level_db,recording_gain,1.0,0.0,0.0,,,0.0,,,,,
ew_spectral_centroid_mean,recording_gain,1.0,0.0,0.0,,,0.0,,,,,
ew_spectral_centroid_std,recording_gain,1.0,0.0,0.0,,,0.0,,,,,
ew_spectral_flatness_mean,recording_gain,1.0,0.0005000817414666514,8.277168239700927e-08,,,-1.726733800389013e-08,,,,,
ew_spectral_rolloff_std,recording_gain,1.0,0.0,0.0,,,0.0,,,,,
