representation,fold,d,n_train,support_size,condition_number,min_eigenvalue,max_eigenvalue,max_abs_correlation_shift_vs_pooled
R0_current7,2018-01-22#1,7,309,231,80.46523138196247,0.030587521237439495,2.46123197377126,0.0580291224496907
R0_current7,2018-01-23#1,7,268,200,72.10486928351001,0.035707527325438616,2.5746865902381133,0.18377620190241523
R0_current7,2018-01-23#2,7,291,218,80.65975696659787,0.031002865097859197,2.5006835640615424,0.11505285139679527
R0_current7,2018-01-23#3,7,289,204,82.37298936576944,0.02869990352769489,2.36409684808542,0.08724951887234436
R0_current7,2018-02-01#1,7,316,235,78.16418310150681,0.0322460640798778,2.5204872570424897,0.07582101891131213
R0_current7,2018-02-01#4,7,316,238,74.88470657694434,0.0340565068632486,2.550311523490062,0.06073215735959159
R0_current7,2018-02-02#1,7,310,229,86.62465254761844,0.029073840530034076,2.5185113341390686,0.09879142895028833
R0_current7,2018-02-02#2,7,309,232,76.91615363042709,0.03258525946931991,2.5063328234295392,0.06235241651127487
R0_current7,2018-02-05#1,7,291,220,84.51667752002083,0.029211537609816002,2.4688621040327794,0.055779772743944495
R0_current7,2018-02-06#1,7,314,232,81.04729162462762,0.03134521926815451,2.5404451270640154,0.07929461462061876
R0_current7,2018-02-06#2,7,317,236,78.171919490272,0.03248413726790257,2.539347363217424,0.0848976081827165
R0_current7,2018-02-06#3,7,305,230,80.05048806746002,0.03144346766095756,2.5170649327930485,0.05942564543841988
R0_current7,2018-02-08#1,7,309,229,81.95977499497981,0.030438102319847664,2.4947000174088876,0.058931766408469644
R0_current7,2018-02-09#1,7,314,234,78.64824632735585,0.03228157290619657,2.5388890977610443,0.10079182495932323
R0_current7,2018-05-02#1,7,307,235,77.738203203973,0.032416329960007595,2.5199872455581085,0.05896938029555252
R0_current7,2018-05-03#1,7,314,234,76.27334333630449,0.03287230949826867,2.5072809486187095,0.07590548511775544
R0_current7,2018-05-03#2,7,261,196,55.640617419334625,0.04724864442663865,2.628943748124778,0.33082199255435735
R0_current7,2018-05-03#3,7,266,202,58.77982310201234,0.04247118743570863,2.496448884403362,0.09157255947951914
R1_no_duration,2018-01-22#1,6,309,246,44.84935615493747,0.05514542941275514,2.4732370040496194,0.07645375636552632
R1_no_duration,2018-01-23#1,6,268,218,47.62143004400183,0.05507829123834601,2.6229069931500537,0.11431012057541323
R1_no_duration,2018-01-23#2,6,291,233,47.50237804573606,0.05359232612724309,2.545762936046679,0.12256114853796163
R1_no_duration,2018-01-23#3,6,289,222,47.486561819859276,0.04892269150593562,2.323170414590516,0.08483349212444208
R1_no_duration,2018-02-01#1,6,316,247,42.841459263553055,0.05661937131559409,2.4256564897450086,0.06776836379173659
R1_no_duration,2018-02-01#4,6,316,249,43.788009373508935,0.05651704622836684,2.474768950010765,0.08214826530935662
R1_no_duration,2018-02-02#1,6,310,246,43.51744511818232,0.05621515844038958,2.446340072239577,0.046406490647044156
R1_no_duration,2018-02-02#2,6,309,239,44.07703320162845,0.05591660296278549,2.464637965312972,0.0816537837197745
R1_no_duration,2018-02-05#1,6,291,226,45.683031544994016,0.054159226035406946,2.4741576314279565,0.04985089527921751
R1_no_duration,2018-02-06#1,6,314,247,45.36715189353255,0.054634452664586546,2.478609512654312,0.07818485352994106
R1_no_duration,2018-02-06#2,6,317,250,42.95604543057327,0.05700802992077712,2.4488395231843825,0.07258293183371944
R1_no_duration,2018-02-06#3,6,305,242,46.783453371913254,0.052473501306223254,2.4548916016207247,0.09235122956952574
R1_no_duration,2018-02-08#1,6,309,242,42.98936012570426,0.05521432147291463,2.3736283498955326,0.06761372208788191
R1_no_duration,2018-02-09#1,6,314,250,45.24716491147149,0.05691064761740742,2.5750454579634754,0.08678453813359877
R1_no_duration,2018-05-02#1,6,307,241,47.33872389777761,0.053305828171565685,2.5234298819561234,0.05970726752411754
R1_no_duration,2018-05-03#1,6,314,250,43.57862149782213,0.0581737290315609,2.535130918583259,0.056989096573988984
R1_no_duration,2018-05-03#2,6,261,209,33.861586391701536,0.07627144023949949,2.5826719628893127,0.20895773465572887
R1_no_duration,2018-05-03#3,6,266,209,36.080364677206425,0.07132878564625086,2.573568598099018,0.10192641691928632
R2_duration_as_usability,2018-01-22#1,6,309,246,44.84935615493747,0.05514542941275514,2.4732370040496194,0.07645375636552632
R2_duration_as_usability,2018-01-23#1,6,268,218,47.62143004400183,0.05507829123834601,2.6229069931500537,0.11431012057541323
R2_duration_as_usability,2018-01-23#2,6,291,233,47.50237804573606,0.05359232612724309,2.545762936046679,0.12256114853796163
R2_duration_as_usability,2018-01-23#3,6,289,222,47.486561819859276,0.04892269150593562,2.323170414590516,0.08483349212444208
R2_duration_as_usability,2018-02-01#1,6,316,247,42.841459263553055,0.05661937131559409,2.4256564897450086,0.06776836379173659
R2_duration_as_usability,2018-02-01#4,6,316,249,43.788009373508935,0.05651704622836684,2.474768950010765,0.08214826530935662
R2_duration_as_usability,2018-02-02#1,6,310,246,43.51744511818232,0.05621515844038958,2.446340072239577,0.046406490647044156
R2_duration_as_usability,2018-02-02#2,6,309,239,44.07703320162845,0.05591660296278549,2.464637965312972,0.0816537837197745
R2_duration_as_usability,2018-02-05#1,6,291,226,45.683031544994016,0.054159226035406946,2.4741576314279565,0.04985089527921751
R2_duration_as_usability,2018-02-06#1,6,314,247,45.36715189353255,0.054634452664586546,2.478609512654312,0.07818485352994106
R2_duration_as_usability,2018-02-06#2,6,317,250,42.95604543057327,0.05700802992077712,2.4488395231843825,0.07258293183371944
R2_duration_as_usability,2018-02-06#3,6,305,242,46.783453371913254,0.052473501306223254,2.4548916016207247,0.09235122956952574
R2_duration_as_usability,2018-02-08#1,6,309,242,42.98936012570426,0.05521432147291463,2.3736283498955326,0.06761372208788191
R2_duration_as_usability,2018-02-09#1,6,314,250,45.24716491147149,0.05691064761740742,2.5750454579634754,0.08678453813359877
R2_duration_as_usability,2018-05-02#1,6,307,241,47.33872389777761,0.053305828171565685,2.5234298819561234,0.05970726752411754
R2_duration_as_usability,2018-05-03#1,6,314,250,43.57862149782213,0.0581737290315609,2.535130918583259,0.056989096573988984
R2_duration_as_usability,2018-05-03#2,6,261,209,33.861586391701536,0.07627144023949949,2.5826719628893127,0.20895773465572887
R2_duration_as_usability,2018-05-03#3,6,266,209,36.080364677206425,0.07132878564625086,2.573568598099018,0.10192641691928632
R3_no_flatness_std,2018-01-22#1,6,309,245,57.72779844949545,0.038559799006484395,2.2259723052993863,0.08164103670479572
R3_no_flatness_std,2018-01-23#1,6,268,217,50.57806755078484,0.044521849568355226,2.2518291149541514,0.14242355539732326
R3_no_flatness_std,2018-01-23#2,6,291,228,58.38989660169258,0.036882193120495184,2.153547442749371,0.15576454915624643
R3_no_flatness_std,2018-01-23#3,6,289,229,61.40419293105256,0.03621171361200401,2.2235510489955166,0.08989873622180866
R3_no_flatness_std,2018-02-01#1,6,316,249,58.8323883495677,0.038595008191952516,2.270636510303697,0.0896672030463197
R3_no_flatness_std,2018-02-01#4,6,316,249,58.711254139877695,0.038705704180439,2.2724604348006805,0.08863986045392158
R3_no_flatness_std,2018-02-02#1,6,310,244,60.38529538889472,0.037273473482359154,2.2507697064023917,0.0860145041691282
R3_no_flatness_std,2018-02-02#2,6,309,245,57.0685734384483,0.03952454549409094,2.25560942715082,0.08515643652351462
R3_no_flatness_std,2018-02-05#1,6,291,225,71.82864193285239,0.032567782587703084,2.33929959403911,0.06590830325216085
R3_no_flatness_std,2018-02-06#1,6,314,242,60.11202902572049,0.03840268847270217,2.3084635241367746,0.10587688425454614
R3_no_flatness_std,2018-02-06#2,6,317,252,56.72807670815842,0.04004870625068425,2.2718860802513197,0.052666140023020974
R3_no_flatness_std,2018-02-06#3,6,305,242,60.13324910939873,0.03868949031774804,2.3265247591928135,0.08779521026760029
R3_no_flatness_std,2018-02-08#1,6,309,240,62.53762689321368,0.03645337678598235,2.279707676439501,0.061301467318052194
R3_no_flatness_std,2018-02-09#1,6,314,247,59.18576105817408,0.03855066464152125,2.281650426106877,0.08616528269459284
R3_no_flatness_std,2018-05-02#1,6,307,246,58.48388114278645,0.03885438568067267,2.272355274024444,0.07987127127277704
R3_no_flatness_std,2018-05-03#1,6,314,249,56.84020509869107,0.03936571338245473,2.237555222515015,0.05684300976020207
R3_no_flatness_std,2018-05-03#2,6,261,200,46.83262167262257,0.051417150407497204,2.407999952518648,0.3549716019856073
R3_no_flatness_std,2018-05-03#3,6,266,212,45.132492603099365,0.048407456334519136,2.1847491649525406,0.08268944792584434
R4_ew_flatness_std,2018-01-22#1,7,309,228,86.36196856059338,0.031242822411278508,2.698191646827037,0.07802173277209648
R4_ew_flatness_std,2018-01-23#1,7,268,208,65.58710451215757,0.04289066225297209,2.813074347781332,0.16224048404792007
R4_ew_flatness_std,2018-01-23#2,7,291,217,76.84165557990403,0.03493779222945319,2.6846777972178892,0.16687619256269737
R4_ew_flatness_std,2018-01-23#3,7,289,216,82.43610957675895,0.03204023721882405,2.6412725062363296,0.08197782752701677
R4_ew_flatness_std,2018-02-01#1,7,316,235,84.35665988626288,0.03265812487764331,2.754930332826457,0.07568354478940872
R4_ew_flatness_std,2018-02-01#4,7,316,235,83.24224354923112,0.0329526233450634,2.743050298075847,0.07418034404302912
R4_ew_flatness_std,2018-02-02#1,7,310,230,84.67825449925917,0.03135759253751911,2.655306201376113,0.07073221148345055
R4_ew_flatness_std,2018-02-02#2,7,309,227,83.94393532665589,0.032750648684598226,2.749218335085941,0.0841155398039297
R4_ew_flatness_std,2018-02-05#1,7,291,217,98.71149083114449,0.02857899417609555,2.8210751215769876,0.07238682212972652
R4_ew_flatness_std,2018-02-06#1,7,314,231,85.23365575100854,0.032610751969025395,2.7795336071094345,0.09790330891189755
R4_ew_flatness_std,2018-02-06#2,7,317,236,83.31297381451681,0.03313229335498495,2.7603498886987508,0.07456044574057857
R4_ew_flatness_std,2018-02-06#3,7,305,229,83.977237977569,0.0327169033403827,2.74747517770444,0.0852481084975771
R4_ew_flatness_std,2018-02-08#1,7,309,229,84.55687746715657,0.03263826086096509,2.7597894243617174,0.07338884268186392
R4_ew_flatness_std,2018-02-09#1,7,314,233,82.0167916374084,0.032677887897095886,2.680135522806703,0.08334898393310458
R4_ew_flatness_std,2018-05-02#1,7,307,230,84.91113328757277,0.03216981564850088,2.7315755043665026,0.08192895437470396
R4_ew_flatness_std,2018-05-03#1,7,314,232,83.06658428637384,0.03306803084282956,2.7468483711903113,0.07330704491540815
R4_ew_flatness_std,2018-05-03#2,7,261,188,54.998628740554004,0.04746940539988912,2.6107522041233513,0.4009616791613842
R4_ew_flatness_std,2018-05-03#3,7,266,199,60.7376714598075,0.042526973114649994,2.5829893212176778,0.11531640505713636
R5_no_mean_rms,2018-01-22#1,6,309,245,10.31541018571141,0.17915249136283454,1.848031434199759,0.055998156937807464
R5_no_mean_rms,2018-01-23#1,6,268,224,11.677828117962413,0.17911287687105468,2.091649389813942,0.11051049006410446
R5_no_mean_rms,2018-01-23#2,6,291,234,10.01532699636599,0.19314195362963782,1.93437982231778,0.14053599854692403
R5_no_mean_rms,2018-01-23#3,6,289,226,11.973878182963766,0.160598690157796,1.922989152292991,0.10175567075064942
R5_no_mean_rms,2018-02-01#1,6,316,252,10.05642862248384,0.186042670425331,1.8709248358686268,0.07141968367242557
R5_no_mean_rms,2018-02-01#4,6,316,251,10.095108251141443,0.18569637478163065,1.8746250052650932,0.06926846129274587
R5_no_mean_rms,2018-02-02#1,6,310,248,10.007569019924425,0.1888409334451808,1.8898386752396017,0.05005624100005553
R5_no_mean_rms,2018-02-02#2,6,309,247,10.395959924640286,0.1704815604364111,1.7723194701870708,0.07603970697936635
R5_no_mean_rms,2018-02-05#1,6,291,231,11.233259819252298,0.16671281275347977,1.8727283408581963,0.0714735886258013
R5_no_mean_rms,2018-02-06#1,6,314,254,10.688508161226046,0.1809286760074508,1.933857630105461,0.08340583833350732
R5_no_mean_rms,2018-02-06#2,6,317,250,10.494171380170567,0.1791068253166991,1.8795777202317128,0.07519301574951445
R5_no_mean_rms,2018-02-06#3,6,305,245,10.726848181717605,0.17862148159209543,1.9160455150318736,0.06837415004744228
R5_no_mean_rms,2018-02-08#1,6,309,246,10.67114145354423,0.17634357721328417,1.8817872568669545,0.0710202760205309
R5_no_mean_rms,2018-02-09#1,6,314,248,9.67771490553063,0.18840742704427016,1.823353365019008,0.056077751519060026
R5_no_mean_rms,2018-05-02#1,6,307,247,10.67196988766903,0.1731068406680131,1.8473909909585564,0.07398135156483146
R5_no_mean_rms,2018-05-03#1,6,314,247,10.419202871761247,0.17960191928987418,1.8713088332388887,0.06317776126164829
R5_no_mean_rms,2018-05-03#2,6,261,204,12.221064477263273,0.18091925868917066,2.2110259256190283,0.3453649105542958
R5_no_mean_rms,2018-05-03#3,6,266,208,13.840913787885164,0.127819155259466,1.7691339083865774,0.07938647056517391
R6_relative_level,2018-01-22#1,7,309,245,11.638935639228963,0.1651920752692122,1.9226599321690274,0.11272833545507303
R6_relative_level,2018-01-23#1,7,268,217,12.389433540705776,0.1734670447825449,2.149158422835973,0.15747774929507866
R6_relative_level,2018-01-23#2,7,291,219,11.446316334437116,0.181346923641694,2.0757542542798424,0.18462550229965372
R6_relative_level,2018-01-23#3,7,289,213,13.119475782872295,0.1508594013731182,1.9791962629332356,0.11961112914352862
R6_relative_level,2018-02-01#1,7,316,249,11.618152401006016,0.1668616317638959,1.9386238677134888,0.09455073677963992
R6_relative_level,2018-02-01#4,7,316,250,11.56317832270779,0.16802918694812277,1.9429514521007478,0.10333769730690096
R6_relative_level,2018-02-02#1,7,310,244,11.761093184575353,0.16777504036139737,1.9732178837362855,0.1471999971045729
R6_relative_level,2018-02-02#2,7,309,245,11.492141022132168,0.1659214307516915,1.9067924807923757,0.10970576466364859
R6_relative_level,2018-02-05#1,7,291,230,12.831527316247634,0.1527432708597601,1.959929452410023,0.09766746656124306
R6_relative_level,2018-02-06#1,7,314,243,12.327956258737276,0.16039157531820616,1.9773003247928107,0.14500943773453195
R6_relative_level,2018-02-06#2,7,317,250,11.894513467632759,0.16290704123981734,1.9376999959992125,0.09382511189166899
R6_relative_level,2018-02-06#3,7,305,245,12.210758420672391,0.16188183110800095,1.9766999323558885,0.13431406346552976
R6_relative_level,2018-02-08#1,7,309,241,12.211224298548181,0.16130167039683402,1.9696908769462296,0.15272266315937524
R6_relative_level,2018-02-09#1,7,314,247,11.526709457619612,0.16889961323948635,1.9468567693158818,0.09170959968285906
R6_relative_level,2018-05-02#1,7,307,244,12.110003224345132,0.15807652515444548,1.914307229313609,0.08823562538563189
R6_relative_level,2018-05-03#1,7,314,246,11.8095421781573,0.16441300429391342,1.9416423088465278,0.10556385114998204
R6_relative_level,2018-05-03#2,7,261,201,11.914068618270598,0.1733701324504266,2.0655436543730445,0.338348542704372
R6_relative_level,2018-05-03#3,7,266,201,14.654598092881887,0.11811350131369745,1.730905891095313,0.1918849516624934
R7_ew_spectral,2018-01-22#1,7,309,215,84.43650455048729,0.03154992940202714,2.663965757521817,0.09578091736871877
R7_ew_spectral,2018-01-23#1,7,268,189,68.36088024775383,0.04278486155381923,2.924810797097363,0.1711095268452062
R7_ew_spectral,2018-01-23#2,7,291,208,78.86751393510653,0.033334614671610835,2.6290181871346743,0.13268745273548727
R7_ew_spectral,2018-01-23#3,7,289,206,81.54203404306269,0.03120386690721816,2.5444267776235803,0.08531557718843363
R7_ew_spectral,2018-02-01#1,7,316,220,83.05676959606546,0.033063305041902885,2.7461313089497574,0.0694201134891635
R7_ew_spectral,2018-02-01#4,7,316,223,77.03329148920265,0.03547892867583066,2.733058654409894,0.08303008761559749
R7_ew_spectral,2018-02-02#1,7,310,216,78.93926556579218,0.03400078799356194,2.6839972328699844,0.07483413222769184
R7_ew_spectral,2018-02-02#2,7,309,213,86.06975819614853,0.03151544806121096,2.7125269940717054,0.09794443015448137
R7_ew_spectral,2018-02-05#1,7,291,202,90.60255134871431,0.030562552818614967,2.769045261096356,0.05076856349264702
R7_ew_spectral,2018-02-06#1,7,314,216,81.83406832727015,0.03285523821008297,2.6886778085926664,0.07940198870730948
R7_ew_spectral,2018-02-06#2,7,317,222,77.89785647345172,0.03416429187701709,2.66132510515299,0.08214008485870229
R7_ew_spectral,2018-02-06#3,7,305,218,83.31032107751842,0.031646291110969615,2.636462673367496,0.07707198760484316
R7_ew_spectral,2018-02-08#1,7,309,214,94.66988469387394,0.028401331656561883,2.688750793079185,0.08509297637582951
R7_ew_spectral,2018-02-09#1,7,314,221,77.72450123398625,0.03444929511516214,2.6775542806883763,0.07285300368725231
R7_ew_spectral,2018-05-02#1,7,307,215,84.5366192641494,0.031588389699331754,2.670375673179987,0.09772343036117372
R7_ew_spectral,2018-05-03#1,7,314,218,80.9768529107669,0.0336895709655465,2.728075432703902,0.07366752231455465
R7_ew_spectral,2018-05-03#2,7,261,178,54.941248004738824,0.04769968121640762,2.620680015457633,0.49878362691597017
R7_ew_spectral,2018-05-03#3,7,266,192,66.56976587410779,0.041933277721663574,2.791488480265084,0.10291581428637768
R8_robust_candidate,2018-01-22#1,6,309,238,14.47285960359185,0.12934543894818104,1.8719983782619853,0.07009560270648524
R8_robust_candidate,2018-01-23#1,6,268,208,13.779285161430106,0.13587893334687265,1.8723145700175128,0.12430823518266743
R8_robust_candidate,2018-01-23#2,6,291,225,18.629125277213518,0.10374917853817961,1.9327564443957401,0.1322806090615202
R8_robust_candidate,2018-01-23#3,6,289,222,16.594103399267013,0.10886461543307836,1.8065106850179418,0.10177378873502205
R8_robust_candidate,2018-02-01#1,6,316,243,15.679894228155415,0.12408254254236702,1.9456011426249094,0.052886978018423125
R8_robust_candidate,2018-02-01#4,6,316,240,15.545967218020385,0.1233768936311535,1.9180131438511003,0.05495720707081386
R8_robust_candidate,2018-02-02#1,6,310,238,15.749678046618248,0.12259994518955242,1.9309096652684943,0.06476185916420962
R8_robust_candidate,2018-02-02#2,6,309,237,14.974567564889341,0.12377555509537763,1.8534854126574154,0.09175173596638897
R8_robust_candidate,2018-02-05#1,6,291,219,16.358219579340176,0.12578903818201745,2.0576847072554467,0.06470615495524416
R8_robust_candidate,2018-02-06#1,6,314,237,15.441249792438192,0.12506872038925299,1.931217352751063,0.04532709537559443
R8_robust_candidate,2018-02-06#2,6,317,240,15.537369341803304,0.12409207227676461,1.9280643593538422,0.05450138846986852
R8_robust_candidate,2018-02-06#3,6,305,227,15.52193496882081,0.1231473152824092,1.9114846193984287,0.03810401462022528
R8_robust_candidate,2018-02-08#1,6,309,234,15.43364430829518,0.1241222942608598,1.9156593403516584,0.054915277572296695
R8_robust_candidate,2018-02-09#1,6,314,238,15.518160408851635,0.12568634099898873,1.950420800823933,0.06518111991536923
R8_robust_candidate,2018-05-02#1,6,307,234,15.334927161715651,0.12355332486814856,1.894681237440849,0.05366488312214246
R8_robust_candidate,2018-05-03#1,6,314,243,15.030888608449985,0.12776765835382534,1.9204614404788427,0.06195635861520843
R8_robust_candidate,2018-05-03#2,6,261,181,17.501814398374144,0.11101103807693459,1.9428945845933543,0.3057843183324793
R8_robust_candidate,2018-05-03#3,6,266,207,15.549012471597115,0.1314112735426736,2.0433155312234916,0.13942077713471976
