representation,transform,magnitude,n_events,median_delta_rms_z,frac_rms_z_increase,median_distance_from_own_z,median_single_feature_dominance,most_common_dominant_feature,family_distance_monotone_fraction,sessions_tested,frac_sessions_median_delta_positive
R0_current7,gain,0.5,318,0.54989266574704,0.9622641509433962,1.1621427418733288,0.9999999486504916,mean_rms,1.0,12,1.0
R0_current7,gain,0.7071067811865475,318,0.217290442270188,0.8238993710691824,0.6807671567470213,0.99999997809722,mean_rms,1.0,12,0.9166666666666666
R0_current7,gain,1.4142135623730951,318,0.39866510187052107,0.8270440251572327,0.9627499782086683,0.9999999961745603,mean_rms,1.0,12,0.9166666666666666
R0_current7,gain,2.0,318,1.5853699715966547,0.9654088050314465,2.324283715954675,0.9999999982840998,mean_rms,1.0,12,1.0
R0_current7,noise,30.0,318,1.274305230340637,0.9465408805031447,2.0699365859961807,0.782594776087917,spectral_flatness_std,0.9685534591194969,12,1.0
R0_current7,noise,20.0,318,1.8416549536696598,0.9811320754716981,2.59825026948093,0.685401648479744,spectral_flatness_std,0.9685534591194969,12,1.0
R0_current7,noise,10.0,318,2.2834002235405446,0.9905660377358491,3.1758649153480363,0.5471268373562809,spectral_flatness_mean,0.9685534591194969,12,1.0
R0_current7,tilt,-0.5,318,0.3823610595782842,0.7830188679245284,1.16404586130288,0.3924558076441459,spectral_flatness_mean,1.0,12,0.9166666666666666
R0_current7,tilt,0.5,318,0.5897840246895577,0.8647798742138365,1.1886547934206222,0.6385649829432178,spectral_centroid_mean,1.0,12,0.9166666666666666
R0_current7,tilt,0.9,318,0.8851437528999061,0.9716981132075472,1.669320757213849,0.790090076926665,spectral_centroid_mean,1.0,12,1.0
R0_current7,recording_gain,0.5,318,0.54989266574704,0.9622641509433962,1.1621427418733288,0.9999999486504916,mean_rms,1.0,12,1.0
R0_current7,recording_gain,2.0,318,1.5853699715966547,0.9654088050314465,2.324283715954675,0.9999999982840998,mean_rms,1.0,12,1.0
R1_no_duration,gain,0.5,318,0.6533062784715975,0.9622641509433962,1.255257627436297,0.9999999486504916,mean_rms,1.0,12,1.0
R1_no_duration,gain,0.7071067811865475,318,0.2777688186554985,0.8238993710691824,0.7353125698116373,0.99999997809722,mean_rms,1.0,12,0.9166666666666666
R1_no_duration,gain,1.4142135623730951,318,0.5100045360428122,0.8270440251572327,1.0398888276946994,0.9999999961745603,mean_rms,1.0,12,0.9166666666666666
R1_no_duration,gain,2.0,318,1.8168040169446378,0.9654088050314465,2.510513345439019,0.9999999982840998,mean_rms,1.0,12,1.0
R1_no_duration,noise,30.0,318,1.4275009387726323,0.9465408805031447,2.235787045998145,0.782594776087917,spectral_flatness_std,0.9685534591194969,12,1.0
R1_no_duration,noise,20.0,318,2.0455057539471198,0.9811320754716981,2.8064310443457092,0.685401648479744,spectral_flatness_std,0.9685534591194969,12,1.0
R1_no_duration,noise,10.0,318,2.5481628653524986,0.9905660377358491,3.430326168256942,0.5471268373562809,spectral_flatness_mean,0.9685534591194969,12,1.0
R1_no_duration,tilt,-0.5,318,0.46766115472062425,0.7830188679245284,1.2573132313598008,0.3924558076441459,spectral_flatness_mean,1.0,12,0.9166666666666666
R1_no_duration,tilt,0.5,318,0.7032163324335361,0.8647798742138365,1.2838939160131024,0.6385649829432178,spectral_centroid_mean,1.0,12,0.9166666666666666
R1_no_duration,tilt,0.9,318,1.029558142579792,0.9716981132075472,1.8030724949954697,0.790090076926665,spectral_centroid_mean,1.0,12,1.0
R1_no_duration,recording_gain,0.5,318,0.6533062784715975,0.9622641509433962,1.255257627436297,0.9999999486504916,mean_rms,1.0,12,1.0
R1_no_duration,recording_gain,2.0,318,1.8168040169446378,0.9654088050314465,2.510513345439019,0.9999999982840998,mean_rms,1.0,12,1.0
R2_duration_as_usability,gain,0.5,318,0.6533062784715975,0.9622641509433962,1.255257627436297,0.9999999486504916,mean_rms,1.0,12,1.0
R2_duration_as_usability,gain,0.7071067811865475,318,0.2777688186554985,0.8238993710691824,0.7353125698116373,0.99999997809722,mean_rms,1.0,12,0.9166666666666666
R2_duration_as_usability,gain,1.4142135623730951,318,0.5100045360428122,0.8270440251572327,1.0398888276946994,0.9999999961745603,mean_rms,1.0,12,0.9166666666666666
R2_duration_as_usability,gain,2.0,318,1.8168040169446378,0.9654088050314465,2.510513345439019,0.9999999982840998,mean_rms,1.0,12,1.0
R2_duration_as_usability,noise,30.0,318,1.4275009387726323,0.9465408805031447,2.235787045998145,0.782594776087917,spectral_flatness_std,0.9685534591194969,12,1.0
R2_duration_as_usability,noise,20.0,318,2.0455057539471198,0.9811320754716981,2.8064310443457092,0.685401648479744,spectral_flatness_std,0.9685534591194969,12,1.0
R2_duration_as_usability,noise,10.0,318,2.5481628653524986,0.9905660377358491,3.430326168256942,0.5471268373562809,spectral_flatness_mean,0.9685534591194969,12,1.0
R2_duration_as_usability,tilt,-0.5,318,0.46766115472062425,0.7830188679245284,1.2573132313598008,0.3924558076441459,spectral_flatness_mean,1.0,12,0.9166666666666666
R2_duration_as_usability,tilt,0.5,318,0.7032163324335361,0.8647798742138365,1.2838939160131024,0.6385649829432178,spectral_centroid_mean,1.0,12,0.9166666666666666
R2_duration_as_usability,tilt,0.9,318,1.029558142579792,0.9716981132075472,1.8030724949954697,0.790090076926665,spectral_centroid_mean,1.0,12,1.0
R2_duration_as_usability,recording_gain,0.5,318,0.6533062784715975,0.9622641509433962,1.255257627436297,0.9999999486504916,mean_rms,1.0,12,1.0
R2_duration_as_usability,recording_gain,2.0,318,1.8168040169446378,0.9654088050314465,2.510513345439019,0.9999999982840998,mean_rms,1.0,12,1.0
R3_no_flatness_std,gain,0.5,318,0.6191076019943962,0.9622641509433962,1.2552565919108778,0.9999999865909531,mean_rms,1.0,12,1.0
R3_no_flatness_std,gain,0.7071067811865475,318,0.2523514114404686,0.8238993710691824,0.735312220868465,0.9999999938562316,mean_rms,1.0,12,0.9166666666666666
R3_no_flatness_std,gain,1.4142135623730951,318,0.48162903256569134,0.8270440251572327,1.039888669975117,0.9999999992035751,mean_rms,1.0,12,0.9166666666666666
R3_no_flatness_std,gain,2.0,318,1.7828271247518752,0.9654088050314465,2.510513078095718,0.999999999702935,mean_rms,1.0,12,1.0
R3_no_flatness_std,noise,30.0,318,0.3478134395045918,0.8238993710691824,1.0245697617976,0.6601980914001392,spectral_flatness_mean,0.9968553459119497,12,1.0
R3_no_flatness_std,noise,20.0,318,0.8052664776068348,0.9088050314465409,1.5817947723547998,0.7548489026885292,spectral_flatness_mean,0.9968553459119497,12,1.0
R3_no_flatness_std,noise,10.0,318,1.8191361493905527,0.9905660377358491,2.7752338375052976,0.8390675222433033,spectral_flatness_mean,0.9968553459119497,12,1.0
R3_no_flatness_std,tilt,-0.5,318,0.3763230507688688,0.7830188679245284,1.0998510555518055,0.4888391774022227,spectral_flatness_mean,1.0,12,0.9166666666666666
R3_no_flatness_std,tilt,0.5,318,0.6398990689408641,0.8805031446540881,1.2454414490935943,0.673989470469363,spectral_centroid_mean,1.0,12,0.9166666666666666
R3_no_flatness_std,tilt,0.9,318,1.0403721861318411,0.9779874213836478,1.76272886522305,0.8299109904517192,spectral_centroid_mean,1.0,12,1.0
R3_no_flatness_std,recording_gain,0.5,318,0.6191076019943962,0.9622641509433962,1.2552565919108778,0.9999999865909531,mean_rms,1.0,12,1.0
R3_no_flatness_std,recording_gain,2.0,318,1.7828271247518752,0.9654088050314465,2.510513078095718,0.999999999702935,mean_rms,1.0,12,1.0
R4_ew_flatness_std,gain,0.5,318,0.5508723110395803,0.9622641509433962,1.162141783163082,0.9999999823915836,mean_rms,1.0,12,1.0
R4_ew_flatness_std,gain,0.7071067811865475,318,0.21463827152547554,0.8238993710691824,0.6807668336884569,0.9999999934380079,mean_rms,1.0,12,0.9166666666666666
R4_ew_flatness_std,gain,1.4142135623730951,318,0.42187220159322436,0.8270440251572327,0.962749832188786,0.9999999990715511,mean_rms,1.0,12,0.9166666666666666
R4_ew_flatness_std,gain,2.0,318,1.5915342242984667,0.9654088050314465,2.3242834684428733,0.9999999996558802,mean_rms,1.0,12,1.0
R4_ew_flatness_std,noise,30.0,318,0.3124799480521864,0.8207547169811321,0.9556815772236849,0.6374949716007687,spectral_flatness_mean,0.9968553459119497,12,1.0
R4_ew_flatness_std,noise,20.0,318,0.7878810587534927,0.8962264150943396,1.5788133972421092,0.666497886083355,spectral_flatness_mean,0.9968553459119497,12,0.9166666666666666
R4_ew_flatness_std,noise,10.0,318,2.156652585837435,0.9905660377358491,3.0314268407815828,0.5966840630894316,spectral_flatness_mean,0.9968553459119497,12,1.0
R4_ew_flatness_std,tilt,-0.5,318,0.4808214286300352,0.7830188679245284,1.2380777886820178,0.3963655601634205,ew_spectral_flatness_std,1.0,12,0.9166666666666666
R4_ew_flatness_std,tilt,0.5,318,0.5826679930516824,0.8836477987421384,1.2078813368896049,0.6068389883164031,spectral_centroid_mean,1.0,12,1.0
R4_ew_flatness_std,tilt,0.9,318,0.8900216635707691,0.9654088050314465,1.714332494329271,0.7529074165002825,spectral_centroid_mean,1.0,12,1.0
R4_ew_flatness_std,recording_gain,0.5,318,0.5508723110395803,0.9622641509433962,1.162141783163082,0.9999999823915836,mean_rms,1.0,12,1.0
R4_ew_flatness_std,recording_gain,2.0,318,1.5915342242984667,0.9654088050314465,2.3242834684428733,0.9999999996558802,mean_rms,1.0,12,1.0
R5_no_mean_rms,gain,0.5,318,1.4561657828426888e-05,0.6132075471698113,0.0003055439116462525,0.9163851082695288,spectral_flatness_std,0.9937106918238994,12,0.8333333333333334
R5_no_mean_rms,gain,0.7071067811865475,318,1.659289059485758e-07,0.5660377358490566,0.00011992977061959684,0.9173179030970756,spectral_flatness_std,0.9937106918238994,12,0.75
R5_no_mean_rms,gain,1.4142135623730951,318,-7.84006609633181e-08,0.4088050314465409,6.683073043151015e-05,0.9119991293692334,spectral_flatness_std,0.9937106918238994,12,0.3333333333333333
R5_no_mean_rms,gain,2.0,318,-3.924905678243107e-08,0.36163522012578614,0.00011671065059758999,0.9216546034549588,spectral_flatness_std,0.9937106918238994,12,0.25
R5_no_mean_rms,noise,30.0,318,1.4652116779777105,0.9465408805031447,2.2357808021189065,0.7826031566641443,spectral_flatness_std,0.9685534591194969,12,1.0
R5_no_mean_rms,noise,20.0,318,2.0477970969987735,0.9811320754716981,2.8060909631191873,0.6856821691844753,spectral_flatness_std,0.9685534591194969,12,1.0
R5_no_mean_rms,noise,10.0,318,2.508945597332121,0.9905660377358491,3.4225881337086745,0.549573146267271,spectral_flatness_mean,0.9685534591194969,12,1.0
R5_no_mean_rms,tilt,-0.5,318,0.4448065251064854,0.7861635220125787,1.2572967746283474,0.39246316681227816,spectral_flatness_mean,1.0,12,0.9166666666666666
R5_no_mean_rms,tilt,0.5,318,0.6588077000865914,0.8616352201257862,1.2837431055601147,0.6397140475762608,spectral_centroid_mean,1.0,12,0.9166666666666666
R5_no_mean_rms,tilt,0.9,318,0.9934521820182096,0.9685534591194969,1.8030491980432921,0.7901281007469592,spectral_centroid_mean,1.0,12,1.0
R5_no_mean_rms,recording_gain,0.5,318,1.4561657828426888e-05,0.6132075471698113,0.0003055439116462525,0.9163851082695288,spectral_flatness_std,1.0,12,0.8333333333333334
R5_no_mean_rms,recording_gain,2.0,318,-3.924905678243107e-08,0.36163522012578614,0.00011671065059758999,0.9216546034549588,spectral_flatness_std,1.0,12,0.25
R6_relative_level,gain,0.5,318,0.015469844353613649,0.5911949685534591,0.18669429041715044,0.9999975990446791,relative_level_db,1.0,12,0.6666666666666666
R6_relative_level,gain,0.7071067811865475,318,0.0044097280087034285,0.5566037735849056,0.09334713010263614,0.9999984163698192,relative_level_db,1.0,12,0.6666666666666666
R6_relative_level,gain,1.4142135623730951,318,0.004182386257105819,0.5534591194968553,0.09334713759528585,0.9999995123201639,relative_level_db,1.0,12,0.5
R6_relative_level,gain,2.0,318,0.016058825471866045,0.5786163522012578,0.18669426034851233,0.9999996512678304,relative_level_db,1.0,12,0.5
R6_relative_level,noise,30.0,318,1.3049243177024565,0.9465408805031447,2.0699308860059666,0.7826030926588977,spectral_flatness_std,0.9685534591194969,12,1.0
R6_relative_level,noise,20.0,318,1.8669231746328516,0.9811320754716981,2.597939944119025,0.6856790826668777,spectral_flatness_std,0.9685534591194969,12,1.0
R6_relative_level,noise,10.0,318,2.2768081692656277,0.9905660377358491,3.1688128655898318,0.5495437488957837,spectral_flatness_mean,0.9685534591194969,12,1.0
R6_relative_level,tilt,-0.5,318,0.3668923341922297,0.7861635220125787,1.1640308480606794,0.3924630598211996,spectral_flatness_mean,1.0,12,0.9166666666666666
R6_relative_level,tilt,0.5,318,0.5614277967608567,0.8616352201257862,1.1885157663134853,0.6397134964807021,spectral_centroid_mean,1.0,12,0.9166666666666666
R6_relative_level,tilt,0.9,318,0.8723545009765625,0.9685534591194969,1.6692995613622845,0.7901276163065296,spectral_centroid_mean,1.0,12,1.0
R6_relative_level,recording_gain,0.5,318,1.2582521143444936e-05,0.6132075471698113,0.00028287869476522915,0.9163851082695288,spectral_flatness_std,1.0,12,0.8333333333333334
R6_relative_level,recording_gain,2.0,318,-3.206588972126667e-08,0.36163522012578614,0.00010805306618078017,0.9216546034549588,spectral_flatness_std,1.0,12,0.25
R7_ew_spectral,gain,0.5,318,0.5715439142629423,0.9622641509433962,1.1621417306206228,0.9999999999999578,mean_rms,1.0,12,1.0
R7_ew_spectral,gain,0.7071067811865475,318,0.23397702785650037,0.8238993710691824,0.6807668168596209,0.9999999999997329,mean_rms,1.0,12,0.9166666666666666
R7_ew_spectral,gain,1.4142135623730951,318,0.42318707577440995,0.8270440251572327,0.9627498275221673,0.9999999999999063,mean_rms,1.0,12,0.9166666666666666
R7_ew_spectral,gain,2.0,318,1.60754508381992,0.9654088050314465,2.3242834612412455,0.9999999999999989,mean_rms,1.0,12,1.0
R7_ew_spectral,noise,30.0,318,0.016320097578030324,0.5911949685534591,0.1391017286643309,0.6618856652768258,ew_spectral_flatness_mean,1.0,12,0.75
R7_ew_spectral,noise,20.0,318,0.2197994363373122,0.710691823899371,0.6460142603696861,0.5925550348555844,ew_spectral_flatness_std,1.0,12,0.75
R7_ew_spectral,noise,10.0,318,1.4556759028458848,0.9748427672955975,2.257667995363307,0.5648417191458188,ew_spectral_flatness_std,1.0,12,1.0
R7_ew_spectral,tilt,-0.5,318,0.4742839697485597,0.7578616352201258,1.2396566170557715,0.38744382455806403,ew_spectral_flatness_std,1.0,12,0.9166666666666666
R7_ew_spectral,tilt,0.5,318,0.5845648237497173,0.8270440251572327,1.1900735174557848,0.5532935608207228,ew_spectral_centroid_mean,1.0,12,0.8333333333333334
R7_ew_spectral,tilt,0.9,318,0.8046095668283659,0.9088050314465409,1.6329550904156225,0.7475915691077628,ew_spectral_centroid_mean,1.0,12,1.0
R7_ew_spectral,recording_gain,0.5,318,0.5715439142629423,0.9622641509433962,1.1621417306206228,0.9999999999999578,mean_rms,1.0,12,1.0
R7_ew_spectral,recording_gain,2.0,318,1.60754508381992,0.9654088050314465,2.3242834612412455,0.9999999999999989,mean_rms,1.0,12,1.0
R8_robust_candidate,gain,0.5,318,0.02072431978904149,0.5880503144654088,0.20165284853143256,0.9999999999980492,relative_level_db,1.0,12,0.6666666666666666
R8_robust_candidate,gain,0.7071067811865475,318,0.005314705862799363,0.5534591194968553,0.10082638467656407,0.9999999999833746,relative_level_db,1.0,12,0.6666666666666666
R8_robust_candidate,gain,1.4142135623730951,318,0.0050518517170347055,0.5534591194968553,0.10082640860480335,0.9999999999874045,relative_level_db,1.0,12,0.5
R8_robust_candidate,gain,2.0,318,0.019849773620102013,0.5786163522012578,0.20165284853142967,0.9999999999998221,relative_level_db,1.0,12,0.5
R8_robust_candidate,noise,30.0,318,0.021787109069805966,0.5880503144654088,0.14989113410629593,0.6631172773281901,ew_spectral_flatness_mean,1.0,12,0.6666666666666666
R8_robust_candidate,noise,20.0,318,0.2820549916798387,0.7012578616352201,0.6959753856170255,0.5952678957635419,ew_spectral_flatness_std,1.0,12,0.75
R8_robust_candidate,noise,10.0,318,1.6618350772226191,0.9716981132075472,2.427661148593587,0.5699053549170525,ew_spectral_flatness_std,1.0,12,1.0
R8_robust_candidate,tilt,-0.5,318,0.5883180521918003,0.7610062893081762,1.338969303371747,0.38745369763741433,ew_spectral_flatness_std,1.0,12,0.9166666666666666
R8_robust_candidate,tilt,0.5,318,0.6655894832375597,0.8238993710691824,1.2853980797934077,0.553472331172278,ew_spectral_centroid_mean,1.0,12,0.8333333333333334
R8_robust_candidate,tilt,0.9,318,0.9344566429054438,0.9056603773584906,1.763739002332127,0.7477271531729924,ew_spectral_centroid_mean,1.0,12,1.0
R8_robust_candidate,recording_gain,0.5,318,1.4333160214263785e-09,0.5188679245283019,2.635815037229913e-07,0.9837360183017092,ew_spectral_flatness_std,1.0,12,0.5833333333333334
R8_robust_candidate,recording_gain,2.0,318,-5.876598097032115e-10,0.48427672955974843,8.253606499672319e-08,0.9778250867480637,ew_spectral_flatness_std,1.0,12,0.3333333333333333
