representation,session,n,median_rms_z,cliffs_delta_vs_other_usable
R0_current7,2018-01-22#1,9,0.684506057567573,-0.690039554117224
R0_current7,2018-01-23#1,50,0.8604056166639705,-0.15776119402985078
R0_current7,2018-01-23#2,27,0.7249130565493105,-0.43693521700394555
R0_current7,2018-01-23#3,29,0.9167290153010083,-0.24591337549218473
R0_current7,2018-02-02#1,8,0.9795514713670652,-0.0741935483870968
R0_current7,2018-02-02#2,9,0.779281750970354,-0.513843941028407
R0_current7,2018-02-05#1,27,1.1314499356653123,0.1520936744304442
R0_current7,2018-02-06#3,13,1.483137815780808,0.5011349306431274
R0_current7,2018-02-08#1,9,1.2134291025036619,0.2211434735706581
R0_current7,2018-05-02#1,11,1.2645028275796155,0.13414273023393553
R0_current7,2018-05-03#2,57,1.1443078259315709,0.1976877058546751
R0_current7,2018-05-03#3,52,1.3100870381613583,0.41165413533834583
R1_no_duration,2018-01-22#1,9,0.5895320715458489,-0.6030204962243797
R1_no_duration,2018-01-23#1,50,0.8248957552146491,-0.32597014925373136
R1_no_duration,2018-01-23#2,27,0.7540393832856778,-0.28191421662212035
R1_no_duration,2018-01-23#3,29,0.6470192916727415,-0.3306288032454361
R1_no_duration,2018-02-02#1,8,0.7615370949668241,-0.2733870967741936
R1_no_duration,2018-02-02#2,9,0.8406537707395857,-0.4282632146709816
R1_no_duration,2018-02-05#1,27,1.0407116374159708,0.08158330151457305
R1_no_duration,2018-02-06#3,13,0.9751345263193095,-0.05422446406052961
R1_no_duration,2018-02-08#1,9,1.189335961026337,0.30312837108953605
R1_no_duration,2018-05-02#1,11,1.3631887111862961,0.2253479419603197
R1_no_duration,2018-05-03#2,57,1.169299634008442,0.2721650870471197
R1_no_duration,2018-05-03#3,52,1.3945011727556795,0.6110468478889532
R2_duration_as_usability,2018-01-22#1,9,0.5895320715458489,-0.6030204962243797
R2_duration_as_usability,2018-01-23#1,50,0.8248957552146491,-0.32597014925373136
R2_duration_as_usability,2018-01-23#2,27,0.7540393832856778,-0.28191421662212035
R2_duration_as_usability,2018-01-23#3,29,0.6470192916727415,-0.3306288032454361
R2_duration_as_usability,2018-02-02#1,8,0.7615370949668241,-0.2733870967741936
R2_duration_as_usability,2018-02-02#2,9,0.8406537707395857,-0.4282632146709816
R2_duration_as_usability,2018-02-05#1,27,1.0407116374159708,0.08158330151457305
R2_duration_as_usability,2018-02-06#3,13,0.9751345263193095,-0.05422446406052961
R2_duration_as_usability,2018-02-08#1,9,1.189335961026337,0.30312837108953605
R2_duration_as_usability,2018-05-02#1,11,1.3631887111862961,0.2253479419603197
R2_duration_as_usability,2018-05-03#2,57,1.169299634008442,0.2721650870471197
R2_duration_as_usability,2018-05-03#3,52,1.3945011727556795,0.6110468478889532
R3_no_flatness_std,2018-01-22#1,9,0.6917004791490448,-0.6368212873067243
R3_no_flatness_std,2018-01-23#1,50,0.9100612711240601,-0.07417910447761189
R3_no_flatness_std,2018-01-23#2,27,0.7240695659049746,-0.4972635866106656
R3_no_flatness_std,2018-01-23#3,29,0.9275361996496184,-0.276697291492662
R3_no_flatness_std,2018-02-02#1,8,1.0506099727823828,-0.008064516129032251
R3_no_flatness_std,2018-02-02#2,9,0.7977269663497896,-0.505933117583603
R3_no_flatness_std,2018-02-05#1,27,1.143307139283744,0.10474735904289179
R3_no_flatness_std,2018-02-06#3,13,1.5430714415013407,0.5308953341740228
R3_no_flatness_std,2018-02-08#1,9,1.2845029924250568,0.2865875584322186
R3_no_flatness_std,2018-05-02#1,11,1.148302752744919,0.030500444181225994
R3_no_flatness_std,2018-05-03#2,57,1.1754577441058953,0.25415070242656457
R3_no_flatness_std,2018-05-03#3,52,1.3099601769027993,0.31390977443609014
R4_ew_flatness_std,2018-01-22#1,9,0.6842779248499706,-0.6691837468536498
R4_ew_flatness_std,2018-01-23#1,50,0.8582564042258695,-0.14701492537313432
R4_ew_flatness_std,2018-01-23#2,27,0.6864356325304674,-0.5369733995163548
R4_ew_flatness_std,2018-01-23#3,29,0.8755184569019876,-0.17742512826631662
R4_ew_flatness_std,2018-02-02#1,8,1.0532136217967523,-0.058870967741935454
R4_ew_flatness_std,2018-02-02#2,9,0.7992002900325824,-0.4721323265012586
R4_ew_flatness_std,2018-02-05#1,27,1.2264387180509624,0.1979126893216241
R4_ew_flatness_std,2018-02-06#3,13,1.4287972036684224,0.42648171500630516
R4_ew_flatness_std,2018-02-08#1,9,1.234825733359094,0.2060409924487594
R4_ew_flatness_std,2018-05-02#1,11,1.3170112840250454,0.1969203435001481
R4_ew_flatness_std,2018-05-03#2,57,1.1039736199712396,0.18639510654029712
R4_ew_flatness_std,2018-05-03#3,52,1.321613444954826,0.3906882591093117
R5_no_mean_rms,2018-01-22#1,9,0.7211137291285157,-0.6245954692556634
R5_no_mean_rms,2018-01-23#1,50,0.8994210262197774,-0.09597014925373137
R5_no_mean_rms,2018-01-23#2,27,0.7818137859256026,-0.3450426371388571
R5_no_mean_rms,2018-01-23#3,29,0.9897325931362305,-0.18386827347571888
R5_no_mean_rms,2018-02-02#1,8,1.0314910764726437,0.014516129032257963
R5_no_mean_rms,2018-02-02#2,9,0.8062566014436732,-0.4663790003595829
R5_no_mean_rms,2018-02-05#1,27,1.2108089973512417,0.1979126893216241
R5_no_mean_rms,2018-02-06#3,13,1.5823776504250886,0.6050441361916772
R5_no_mean_rms,2018-02-08#1,9,1.2724495489701717,0.24847177274361743
R5_no_mean_rms,2018-05-02#1,11,1.115036234499448,0.06958839206396217
R5_no_mean_rms,2018-05-03#2,57,1.1151632752746814,0.11299321099684079
R5_no_mean_rms,2018-05-03#3,52,1.2022108891657164,0.23872180451127822
R6_relative_level,2018-01-22#1,9,0.720393214625879,-0.5440489032722042
R6_relative_level,2018-01-23#1,50,0.9101426586561943,-0.0786567164179105
R6_relative_level,2018-01-23#2,27,0.734674305804677,-0.38551610029273264
R6_relative_level,2018-01-23#3,29,0.9352962469134285,-0.12492542656007632
R6_relative_level,2018-02-02#1,8,1.0094035475698364,0.024193548387096753
R6_relative_level,2018-02-02#2,9,0.7808172870627381,-0.42250988852930604
R6_relative_level,2018-02-05#1,27,1.2330159391667797,0.20504009163802972
R6_relative_level,2018-02-06#3,13,1.4650043923590954,0.5773013871374526
R6_relative_level,2018-02-08#1,9,1.2096977869222658,0.3146350233728874
R6_relative_level,2018-05-02#1,11,1.0674303938583458,0.017471128220313936
R6_relative_level,2018-05-03#2,57,1.0626550023874188,0.020098138065470117
R6_relative_level,2018-05-03#3,52,1.189858421001754,0.25303643724696356
R7_ew_spectral,2018-01-22#1,9,0.5911391836798967,-0.6375404530744336
R7_ew_spectral,2018-01-23#1,50,0.9761340378888055,-0.004179104477611939
R7_ew_spectral,2018-01-23#2,27,0.5717187306210033,-0.818505791014382
R7_ew_spectral,2018-01-23#3,29,0.8235950552016283,-0.19389094380145566
R7_ew_spectral,2018-02-02#1,8,1.0851763496821138,-0.06209677419354842
R7_ew_spectral,2018-02-02#2,9,0.7099218977698915,-0.5296655879180151
R7_ew_spectral,2018-02-05#1,27,1.089350926096697,0.20045819014891175
R7_ew_spectral,2018-02-06#3,13,1.2514577661656185,0.344766708701135
R7_ew_spectral,2018-02-08#1,9,0.9033969341617779,-0.14850773103200288
R7_ew_spectral,2018-05-02#1,11,1.2126018150125841,0.190997927154279
R7_ew_spectral,2018-05-03#2,57,1.1830644327238795,0.2787524366471734
R7_ew_spectral,2018-05-03#3,52,1.4375375911988293,0.4759976865240023
R8_robust_candidate,2018-01-22#1,9,0.7436871467663642,-0.40165408126573177
R8_robust_candidate,2018-01-23#1,50,1.0203845862570955,0.0707462686567164
R8_robust_candidate,2018-01-23#2,27,0.6391320385062088,-0.7658139238895253
R8_robust_candidate,2018-01-23#3,29,0.8322174361241315,-0.16262975778546718
R8_robust_candidate,2018-02-02#1,8,0.8775051437453996,-0.2564516129032258
R8_robust_candidate,2018-02-02#2,9,0.711373576411369,-0.37648327939590076
R8_robust_candidate,2018-02-05#1,27,1.04365189062318,0.17143948071783122
R8_robust_candidate,2018-02-06#3,13,0.6914748483189421,-0.4638083228247163
R8_robust_candidate,2018-02-08#1,9,0.8781980242164633,-0.12909025530384755
R8_robust_candidate,2018-05-02#1,11,1.2009348196347112,0.2602901984009476
R8_robust_candidate,2018-05-03#2,57,1.021576254965335,0.18370639241782616
R8_robust_candidate,2018-05-03#3,52,1.380402715318465,0.5594274146905727
