mode,recording_file,session,reference_id,failure,recording_status,error,n_events,n_scoreable,n_outside_reference_range
loso,rec2018-01-22_17h41m33.475s.wav,2018-01-22#1,prism-assessment-ref-2026-10-06/loso/2018-01-22#1,,EVENTS_DETECTED,,1,1,0
loso,rec2018-01-22_17h41m49.809s.wav,2018-01-22#1,prism-assessment-ref-2026-10-06/loso/2018-01-22#1,,EVENTS_DETECTED,,1,1,0
loso,rec2018-01-22_17h42m07.718s.wav,2018-01-22#1,prism-assessment-ref-2026-10-06/loso/2018-01-22#1,,EVENTS_DETECTED,,1,1,0
loso,rec2018-01-22_17h42m23.769s.wav,2018-01-22#1,prism-assessment-ref-2026-10-06/loso/2018-01-22#1,,EVENTS_DETECTED,,1,1,0
loso,rec2018-01-22_17h44m03.761s.wav,2018-01-22#1,prism-assessment-ref-2026-10-06/loso/2018-01-22#1,,EVENTS_DETECTED,,1,1,0
loso,rec2018-01-22_17h44m21.408s.wav,2018-01-22#1,prism-assessment-ref-2026-10-06/loso/2018-01-22#1,,EVENTS_DETECTED,,1,1,0
loso,rec2018-01-22_17h44m39.521s.wav,2018-01-22#1,prism-assessment-ref-2026-10-06/loso/2018-01-22#1,,EVENTS_DETECTED,,1,1,0
loso,rec2018-01-22_17h44m56.745s.wav,2018-01-22#1,prism-assessment-ref-2026-10-06/loso/2018-01-22#1,,EVENTS_DETECTED,,1,1,0
loso,rec2018-01-22_17h45m12.839s.wav,2018-01-22#1,prism-assessment-ref-2026-10-06/loso/2018-01-22#1,,EVENTS_DETECTED,,1,1,0
loso,rec2018-01-23_10h42m07.256s.wav,2018-01-23#1,prism-assessment-ref-2026-10-06/loso/2018-01-23#1,,EVENTS_DETECTED,,1,1,0
loso,rec2018-01-23_10h42m23.823s.wav,2018-01-23#1,prism-assessment-ref-2026-10-06/loso/2018-01-23#1,,EVENTS_DETECTED,,1,1,0
loso,rec2018-01-23_10h42m45.728s.wav,2018-01-23#1,prism-assessment-ref-2026-10-06/loso/2018-01-23#1,,EVENTS_DETECTED,,1,1,0
loso,rec2018-01-23_10h43m05.349s.wav,2018-01-23#1,prism-assessment-ref-2026-10-06/loso/2018-01-23#1,,EVENTS_DETECTED,,1,1,0
loso,rec2018-01-23_10h43m22.564s.wav,2018-01-23#1,prism-assessment-ref-2026-10-06/loso/2018-01-23#1,,EVENTS_DETECTED,,1,1,0
loso,rec2018-01-23_10h43m40.126s.wav,2018-01-23#1,prism-assessment-ref-2026-10-06/loso/2018-01-23#1,,EVENTS_DETECTED,,1,1,0
loso,rec2018-01-23_10h43m56.234s.wav,2018-01-23#1,prism-assessment-ref-2026-10-06/loso/2018-01-23#1,,EVENTS_DETECTED,,1,1,0
loso,rec2018-01-23_10h44m12.634s.wav,2018-01-23#1,prism-assessment-ref-2026-10-06/loso/2018-01-23#1,,EVENTS_DETECTED,,1,1,0
loso,rec2018-01-23_10h44m30.273s.wav,2018-01-23#1,prism-assessment-ref-2026-10-06/loso/2018-01-23#1,,EVENTS_DETECTED,,1,1,0
loso,rec2018-01-23_10h45m25.926s.wav,2018-01-23#1,prism-assessment-ref-2026-10-06/loso/2018-01-23#1,,EVENTS_DETECTED,,1,1,0
loso,rec2018-01-23_10h45m44.127s.wav,2018-01-23#1,prism-assessment-ref-2026-10-06/loso/2018-01-23#1,,EVENTS_DETECTED,,2,1,0
loso,rec2018-01-23_10h46m04.850s.wav,2018-01-23#1,prism-assessment-ref-2026-10-06/loso/2018-01-23#1,,EVENTS_DETECTED,,1,1,0
loso,rec2018-01-23_10h47m11.936s.wav,2018-01-23#1,prism-assessment-ref-2026-10-06/loso/2018-01-23#1,,EVENTS_DETECTED,,1,1,0
loso,rec2018-01-23_10h49m01.624s.wav,2018-01-23#1,prism-assessment-ref-2026-10-06/loso/2018-01-23#1,,EVENTS_DETECTED,,1,1,0
loso,rec2018-01-23_10h49m24.634s.wav,2018-01-23#1,prism-assessment-ref-2026-10-06/loso/2018-01-23#1,,EVENTS_DETECTED,,1,1,0
loso,rec2018-01-23_10h50m00.411s.wav,2018-01-23#1,prism-assessment-ref-2026-10-06/loso/2018-01-23#1,,EVENTS_DETECTED,,1,1,0
loso,rec2018-01-23_10h50m22.155s.wav,2018-01-23#1,prism-assessment-ref-2026-10-06/loso/2018-01-23#1,,EVENTS_DETECTED,,1,1,0
loso,rec2018-01-23_10h50m40.883s.wav,2018-01-23#1,prism-assessment-ref-2026-10-06/loso/2018-01-23#1,,EVENTS_DETECTED,,1,1,0
loso,rec2018-01-23_10h52m21.295s.wav,2018-01-23#1,prism-assessment-ref-2026-10-06/loso/2018-01-23#1,,EVENTS_DETECTED,,1,1,0
loso,rec2018-01-23_10h52m39.068s.wav,2018-01-23#1,prism-assessment-ref-2026-10-06/loso/2018-01-23#1,,EVENTS_DETECTED,,1,1,0
loso,rec2018-01-23_10h52m57.816s.wav,2018-01-23#1,prism-assessment-ref-2026-10-06/loso/2018-01-23#1,,EVENTS_DETECTED,,2,1,0
loso,rec2018-01-23_10h53m20.922s.wav,2018-01-23#1,prism-assessment-ref-2026-10-06/loso/2018-01-23#1,,EVENTS_DETECTED,,1,1,0
loso,rec2018-01-23_10h54m18.511s.wav,2018-01-23#1,prism-assessment-ref-2026-10-06/loso/2018-01-23#1,,EVENTS_DETECTED,,1,1,0
loso,rec2018-01-23_10h54m39.487s.wav,2018-01-23#1,prism-assessment-ref-2026-10-06/loso/2018-01-23#1,,EVENTS_DETECTED,,1,1,0
loso,rec2018-01-23_10h56m48.215s.wav,2018-01-23#1,prism-assessment-ref-2026-10-06/loso/2018-01-23#1,,EVENTS_DETECTED,,1,1,0
loso,rec2018-01-23_10h57m38.405s.wav,2018-01-23#1,prism-assessment-ref-2026-10-06/loso/2018-01-23#1,,EVENTS_DETECTED,,1,1,0
loso,rec2018-01-23_10h57m54.607s.wav,2018-01-23#1,prism-assessment-ref-2026-10-06/loso/2018-01-23#1,,EVENTS_DETECTED,,1,1,0
loso,rec2018-01-23_10h59m20.895s.wav,2018-01-23#1,prism-assessment-ref-2026-10-06/loso/2018-01-23#1,,EVENTS_DETECTED,,1,1,0
loso,rec2018-01-23_10h59m40.619s.wav,2018-01-23#1,prism-assessment-ref-2026-10-06/loso/2018-01-23#1,,EVENTS_DETECTED,,1,1,0
loso,rec2018-01-23_10h59m57.587s.wav,2018-01-23#1,prism-assessment-ref-2026-10-06/loso/2018-01-23#1,,EVENTS_DETECTED,,1,1,0
loso,rec2018-01-23_11h00m14.641s.wav,2018-01-23#1,prism-assessment-ref-2026-10-06/loso/2018-01-23#1,,EVENTS_DETECTED,,1,1,0
loso,rec2018-01-23_11h00m33.928s.wav,2018-01-23#1,prism-assessment-ref-2026-10-06/loso/2018-01-23#1,,NO_INHALATION_DETECTED,,0,0,0
loso,rec2018-01-23_11h00m51.147s.wav,2018-01-23#1,prism-assessment-ref-2026-10-06/loso/2018-01-23#1,,NO_INHALATION_DETECTED,,0,0,0
loso,rec2018-01-23_11h01m08.679s.wav,2018-01-23#1,prism-assessment-ref-2026-10-06/loso/2018-01-23#1,,EVENTS_DETECTED,,1,1,0
loso,rec2018-01-23_11h01m26.075s.wav,2018-01-23#1,prism-assessment-ref-2026-10-06/loso/2018-01-23#1,,EVENTS_DETECTED,,1,1,0
loso,rec2018-01-23_11h01m41.256s.wav,2018-01-23#1,prism-assessment-ref-2026-10-06/loso/2018-01-23#1,,EVENTS_DETECTED,,1,1,0
loso,rec2018-01-23_11h01m57.075s.wav,2018-01-23#1,prism-assessment-ref-2026-10-06/loso/2018-01-23#1,,EVENTS_DETECTED,,1,1,0
loso,rec2018-01-23_11h02m14.505s.wav,2018-01-23#1,prism-assessment-ref-2026-10-06/loso/2018-01-23#1,,EVENTS_DETECTED,,1,1,0
loso,rec2018-01-23_11h02m29.845s.wav,2018-01-23#1,prism-assessment-ref-2026-10-06/loso/2018-01-23#1,,EVENTS_DETECTED,,1,1,0
loso,rec2018-01-23_11h02m48.266s.wav,2018-01-23#1,prism-assessment-ref-2026-10-06/loso/2018-01-23#1,,EVENTS_DETECTED,,1,1,0
loso,rec2018-01-23_11h03m04.371s.wav,2018-01-23#1,prism-assessment-ref-2026-10-06/loso/2018-01-23#1,,EVENTS_DETECTED,,1,1,0
loso,rec2018-01-23_11h03m19.651s.wav,2018-01-23#1,prism-assessment-ref-2026-10-06/loso/2018-01-23#1,,EVENTS_DETECTED,,1,1,0
loso,rec2018-01-23_11h03m36.803s.wav,2018-01-23#1,prism-assessment-ref-2026-10-06/loso/2018-01-23#1,,EVENTS_DETECTED,,1,1,0
loso,rec2018-01-23_11h03m51.751s.wav,2018-01-23#1,prism-assessment-ref-2026-10-06/loso/2018-01-23#1,,EVENTS_DETECTED,,1,1,0
loso,rec2018-01-23_11h04m10.613s.wav,2018-01-23#1,prism-assessment-ref-2026-10-06/loso/2018-01-23#1,,EVENTS_DETECTED,,1,1,0
loso,rec2018-01-23_11h04m27.250s.wav,2018-01-23#1,prism-assessment-ref-2026-10-06/loso/2018-01-23#1,,EVENTS_DETECTED,,1,1,0
loso,rec2018-01-23_11h04m44.325s.wav,2018-01-23#1,prism-assessment-ref-2026-10-06/loso/2018-01-23#1,,EVENTS_DETECTED,,1,1,0
loso,rec2018-01-23_11h05m01.603s.wav,2018-01-23#1,prism-assessment-ref-2026-10-06/loso/2018-01-23#1,,EVENTS_DETECTED,,1,1,0
loso,rec2018-01-23_11h11m07.436s.wav,2018-01-23#1,prism-assessment-ref-2026-10-06/loso/2018-01-23#1,,EVENTS_DETECTED,,1,1,0
loso,rec2018-01-23_11h11m22.731s.wav,2018-01-23#1,prism-assessment-ref-2026-10-06/loso/2018-01-23#1,,EVENTS_DETECTED,,1,1,0
loso,rec2018-01-23_11h11m37.608s.wav,2018-01-23#1,prism-assessment-ref-2026-10-06/loso/2018-01-23#1,,EVENTS_DETECTED,,1,1,0
loso,rec2018-01-23_11h11m52.435s.wav,2018-01-23#1,prism-assessment-ref-2026-10-06/loso/2018-01-23#1,,EVENTS_DETECTED,,2,1,0
loso,rec2018-01-23_11h51m22.121s.wav,2018-01-23#2,prism-assessment-ref-2026-10-06/loso/2018-01-23#2,,EVENTS_DETECTED,,2,1,0
loso,rec2018-01-23_11h51m37.745s.wav,2018-01-23#2,prism-assessment-ref-2026-10-06/loso/2018-01-23#2,,EVENTS_DETECTED,,1,1,0
loso,rec2018-01-23_11h51m52.565s.wav,2018-01-23#2,prism-assessment-ref-2026-10-06/loso/2018-01-23#2,,EVENTS_DETECTED,,1,1,0
loso,rec2018-01-23_11h52m38.758s.wav,2018-01-23#2,prism-assessment-ref-2026-10-06/loso/2018-01-23#2,,EVENTS_DETECTED,,1,1,0
loso,rec2018-01-23_11h52m53.640s.wav,2018-01-23#2,prism-assessment-ref-2026-10-06/loso/2018-01-23#2,,EVENTS_DETECTED,,1,1,0
loso,rec2018-01-23_11h53m23.410s.wav,2018-01-23#2,prism-assessment-ref-2026-10-06/loso/2018-01-23#2,,EVENTS_DETECTED,,1,1,0
loso,rec2018-01-23_11h53m38.425s.wav,2018-01-23#2,prism-assessment-ref-2026-10-06/loso/2018-01-23#2,,EVENTS_DETECTED,,1,1,0
loso,rec2018-01-23_11h53m56.835s.wav,2018-01-23#2,prism-assessment-ref-2026-10-06/loso/2018-01-23#2,,EVENTS_DETECTED,,1,1,0
loso,rec2018-01-23_11h56m03.777s.wav,2018-01-23#2,prism-assessment-ref-2026-10-06/loso/2018-01-23#2,,EVENTS_DETECTED,,1,1,0
loso,rec2018-01-23_11h56m18.749s.wav,2018-01-23#2,prism-assessment-ref-2026-10-06/loso/2018-01-23#2,,EVENTS_DETECTED,,1,1,0
loso,rec2018-01-23_11h56m33.584s.wav,2018-01-23#2,prism-assessment-ref-2026-10-06/loso/2018-01-23#2,,EVENTS_DETECTED,,1,1,0
loso,rec2018-01-23_11h57m24.977s.wav,2018-01-23#2,prism-assessment-ref-2026-10-06/loso/2018-01-23#2,,EVENTS_DETECTED,,1,1,0
loso,rec2018-01-23_11h57m41.504s.wav,2018-01-23#2,prism-assessment-ref-2026-10-06/loso/2018-01-23#2,,EVENTS_DETECTED,,1,1,0
loso,rec2018-01-23_11h57m58.590s.wav,2018-01-23#2,prism-assessment-ref-2026-10-06/loso/2018-01-23#2,,EVENTS_DETECTED,,1,1,0
loso,rec2018-01-23_11h58m15.852s.wav,2018-01-23#2,prism-assessment-ref-2026-10-06/loso/2018-01-23#2,,EVENTS_DETECTED,,1,1,0
loso,rec2018-01-23_11h58m34.582s.wav,2018-01-23#2,prism-assessment-ref-2026-10-06/loso/2018-01-23#2,,EVENTS_DETECTED,,1,1,0
loso,rec2018-01-23_11h58m49.449s.wav,2018-01-23#2,prism-assessment-ref-2026-10-06/loso/2018-01-23#2,,EVENTS_DETECTED,,1,1,0
loso,rec2018-01-23_11h59m04.620s.wav,2018-01-23#2,prism-assessment-ref-2026-10-06/loso/2018-01-23#2,,EVENTS_DETECTED,,2,1,0
loso,rec2018-01-23_12h02m44.138s.wav,2018-01-23#2,prism-assessment-ref-2026-10-06/loso/2018-01-23#2,,EVENTS_DETECTED,,1,1,0
loso,rec2018-01-23_12h03m01.599s.wav,2018-01-23#2,prism-assessment-ref-2026-10-06/loso/2018-01-23#2,,EVENTS_DETECTED,,1,1,0
loso,rec2018-01-23_12h03m19.922s.wav,2018-01-23#2,prism-assessment-ref-2026-10-06/loso/2018-01-23#2,,EVENTS_DETECTED,,1,1,0
loso,rec2018-01-23_12h03m36.988s.wav,2018-01-23#2,prism-assessment-ref-2026-10-06/loso/2018-01-23#2,,EVENTS_DETECTED,,1,1,0
loso,rec2018-01-23_12h03m52.821s.wav,2018-01-23#2,prism-assessment-ref-2026-10-06/loso/2018-01-23#2,,EVENTS_DETECTED,,1,1,0
loso,rec2018-01-23_12h04m16.860s.wav,2018-01-23#2,prism-assessment-ref-2026-10-06/loso/2018-01-23#2,,EVENTS_DETECTED,,1,1,0
loso,rec2018-01-23_12h04m31.917s.wav,2018-01-23#2,prism-assessment-ref-2026-10-06/loso/2018-01-23#2,,EVENTS_DETECTED,,1,1,0
loso,rec2018-01-23_12h04m50.656s.wav,2018-01-23#2,prism-assessment-ref-2026-10-06/loso/2018-01-23#2,,EVENTS_DETECTED,,1,1,0
loso,rec2018-01-23_12h05m05.795s.wav,2018-01-23#2,prism-assessment-ref-2026-10-06/loso/2018-01-23#2,,EVENTS_DETECTED,,1,1,0
loso,rec2018-01-23_12h37m08.326s.wav,2018-01-23#3,prism-assessment-ref-2026-10-06/loso/2018-01-23#3,,EVENTS_DETECTED,,1,1,0
loso,rec2018-01-23_12h37m25.023s.wav,2018-01-23#3,prism-assessment-ref-2026-10-06/loso/2018-01-23#3,,EVENTS_DETECTED,,1,1,0
loso,rec2018-01-23_12h37m39.981s.wav,2018-01-23#3,prism-assessment-ref-2026-10-06/loso/2018-01-23#3,,EVENTS_DETECTED,,1,1,0
loso,rec2018-01-23_12h37m54.913s.wav,2018-01-23#3,prism-assessment-ref-2026-10-06/loso/2018-01-23#3,,EVENTS_DETECTED,,1,1,0
loso,rec2018-01-23_12h38m10.740s.wav,2018-01-23#3,prism-assessment-ref-2026-10-06/loso/2018-01-23#3,,EVENTS_DETECTED,,1,1,0
loso,rec2018-01-23_12h39m14.259s.wav,2018-01-23#3,prism-assessment-ref-2026-10-06/loso/2018-01-23#3,,EVENTS_DETECTED,,1,1,0
loso,rec2018-01-23_12h39m29.011s.wav,2018-01-23#3,prism-assessment-ref-2026-10-06/loso/2018-01-23#3,,EVENTS_DETECTED,,1,1,0
loso,rec2018-01-23_12h39m44.218s.wav,2018-01-23#3,prism-assessment-ref-2026-10-06/loso/2018-01-23#3,,EVENTS_DETECTED,,1,1,0
loso,rec2018-01-23_12h39m59.067s.wav,2018-01-23#3,prism-assessment-ref-2026-10-06/loso/2018-01-23#3,,EVENTS_DETECTED,,1,1,0
loso,rec2018-01-23_12h40m15.223s.wav,2018-01-23#3,prism-assessment-ref-2026-10-06/loso/2018-01-23#3,,EVENTS_DETECTED,,1,1,0
loso,rec2018-01-23_12h40m30.209s.wav,2018-01-23#3,prism-assessment-ref-2026-10-06/loso/2018-01-23#3,,EVENTS_DETECTED,,1,1,0
loso,rec2018-01-23_12h40m47.865s.wav,2018-01-23#3,prism-assessment-ref-2026-10-06/loso/2018-01-23#3,,EVENTS_DETECTED,,1,1,0
loso,rec2018-01-23_12h41m04.075s.wav,2018-01-23#3,prism-assessment-ref-2026-10-06/loso/2018-01-23#3,,EVENTS_DETECTED,,1,1,0
loso,rec2018-01-23_12h41m19.889s.wav,2018-01-23#3,prism-assessment-ref-2026-10-06/loso/2018-01-23#3,,EVENTS_DETECTED,,1,1,0
loso,rec2018-01-23_12h41m54.714s.wav,2018-01-23#3,prism-assessment-ref-2026-10-06/loso/2018-01-23#3,,EVENTS_DETECTED,,1,1,0
loso,rec2018-01-23_12h42m11.121s.wav,2018-01-23#3,prism-assessment-ref-2026-10-06/loso/2018-01-23#3,,EVENTS_DETECTED,,1,1,0
loso,rec2018-01-23_12h50m45.316s.wav,2018-01-23#3,prism-assessment-ref-2026-10-06/loso/2018-01-23#3,,EVENTS_DETECTED,,1,1,0
loso,rec2018-01-23_12h51m39.774s.wav,2018-01-23#3,prism-assessment-ref-2026-10-06/loso/2018-01-23#3,,EVENTS_DETECTED,,2,1,1
loso,rec2018-01-23_12h52m08.363s.wav,2018-01-23#3,prism-assessment-ref-2026-10-06/loso/2018-01-23#3,,EVENTS_DETECTED,,5,1,1
loso,rec2018-01-23_12h52m40.101s.wav,2018-01-23#3,prism-assessment-ref-2026-10-06/loso/2018-01-23#3,,EVENTS_DETECTED,,2,2,0
loso,rec2018-01-23_12h53m35.233s.wav,2018-01-23#3,prism-assessment-ref-2026-10-06/loso/2018-01-23#3,,EVENTS_DETECTED,,1,1,0
loso,rec2018-01-23_12h54m08.620s.wav,2018-01-23#3,prism-assessment-ref-2026-10-06/loso/2018-01-23#3,,EVENTS_DETECTED,,2,1,0
loso,rec2018-01-23_12h54m28.485s.wav,2018-01-23#3,prism-assessment-ref-2026-10-06/loso/2018-01-23#3,,EVENTS_DETECTED,,2,0,0
loso,rec2018-01-23_12h55m02.432s.wav,2018-01-23#3,prism-assessment-ref-2026-10-06/loso/2018-01-23#3,,EVENTS_DETECTED,,1,1,0
loso,rec2018-01-23_12h55m27.681s.wav,2018-01-23#3,prism-assessment-ref-2026-10-06/loso/2018-01-23#3,,EVENTS_DETECTED,,1,1,0
loso,rec2018-01-23_12h55m53.736s.wav,2018-01-23#3,prism-assessment-ref-2026-10-06/loso/2018-01-23#3,,EVENTS_DETECTED,,2,1,0
loso,rec2018-01-23_12h56m34.401s.wav,2018-01-23#3,prism-assessment-ref-2026-10-06/loso/2018-01-23#3,,EVENTS_DETECTED,,1,1,0
loso,rec2018-01-23_12h57m02.652s.wav,2018-01-23#3,prism-assessment-ref-2026-10-06/loso/2018-01-23#3,,EVENTS_DETECTED,,1,1,0
loso,rec2018-01-23_12h57m37.371s.wav,2018-01-23#3,prism-assessment-ref-2026-10-06/loso/2018-01-23#3,,EVENTS_DETECTED,,1,1,0
loso,rec2018-02-01_17h15m26.949s.wav,2018-02-01#1,prism-assessment-ref-2026-10-06/loso/2018-02-01#1,,NO_INHALATION_DETECTED,,0,0,0
loso,rec2018-02-01_17h16m38.795s.wav,2018-02-01#1,prism-assessment-ref-2026-10-06/loso/2018-02-01#1,,NO_INHALATION_DETECTED,,0,0,0
loso,rec2018-02-01_17h36m45.706s.wav,2018-02-01#1,prism-assessment-ref-2026-10-06/loso/2018-02-01#1,,EVENTS_DETECTED,,1,1,0
loso,rec2018-02-01_17h40m59.475s.wav,2018-02-01#1,prism-assessment-ref-2026-10-06/loso/2018-02-01#1,,EVENTS_DETECTED,,1,1,0
loso,rec2018-02-01_18h46m21.976s.wav,2018-02-01#2,prism-assessment-ref-2026-10-06,,NO_INHALATION_DETECTED,,0,0,0
loso,rec2018-02-01_18h51m05.916s.wav,2018-02-01#2,prism-assessment-ref-2026-10-06,,NO_INHALATION_DETECTED,,0,0,0
loso,rec2018-02-01_18h53m37.601s.wav,2018-02-01#2,prism-assessment-ref-2026-10-06,,NO_INHALATION_DETECTED,,0,0,0
loso,rec2018-02-01_19h03m31.204s.wav,2018-02-01#2,prism-assessment-ref-2026-10-06,,NO_INHALATION_DETECTED,,0,0,0
loso,rec2018-02-01_19h06m38.729s.wav,2018-02-01#2,prism-assessment-ref-2026-10-06,,NO_INHALATION_DETECTED,,0,0,0
loso,rec2018-02-01_19h08m33.298s.wav,2018-02-01#2,prism-assessment-ref-2026-10-06,,NO_INHALATION_DETECTED,,0,0,0
loso,rec2018-02-01_19h27m31.366s.wav,2018-02-01#2,prism-assessment-ref-2026-10-06,,NO_INHALATION_DETECTED,,0,0,0
loso,rec2018-02-01_19h31m00.305s.wav,2018-02-01#2,prism-assessment-ref-2026-10-06,,NO_INHALATION_DETECTED,,0,0,0
loso,rec2018-02-01_19h37m33.548s.wav,2018-02-01#2,prism-assessment-ref-2026-10-06,,NO_INHALATION_DETECTED,,0,0,0
loso,rec2018-02-01_20h53m49.957s.wav,2018-02-01#3,prism-assessment-ref-2026-10-06,,NO_INHALATION_DETECTED,,0,0,0
loso,rec2018-02-01_21h06m14.970s.wav,2018-02-01#3,prism-assessment-ref-2026-10-06,,NO_INHALATION_DETECTED,,0,0,0
loso,rec2018-02-01_23h58m23.478s.wav,2018-02-01#4,prism-assessment-ref-2026-10-06/loso/2018-02-01#4,,NO_INHALATION_DETECTED,,0,0,0
loso,rec2018-02-02_00h11m42.617s.wav,2018-02-01#4,prism-assessment-ref-2026-10-06/loso/2018-02-01#4,,EVENTS_DETECTED,,1,1,0
loso,rec2018-02-02_00h26m49.779s.wav,2018-02-01#4,prism-assessment-ref-2026-10-06/loso/2018-02-01#4,,NO_INHALATION_DETECTED,,0,0,0
loso,rec2018-02-02_00h27m33.111s.wav,2018-02-01#4,prism-assessment-ref-2026-10-06/loso/2018-02-01#4,,EVENTS_DETECTED,,1,1,0
loso,rec2018-02-02_00h33m01.131s.wav,2018-02-01#4,prism-assessment-ref-2026-10-06/loso/2018-02-01#4,,EVENTS_DETECTED,,2,0,0
loso,rec2018-02-02_00h38m38.571s.wav,2018-02-01#4,prism-assessment-ref-2026-10-06/loso/2018-02-01#4,,NO_INHALATION_DETECTED,,0,0,0
loso,rec2018-02-02_00h39m43.100s.wav,2018-02-01#4,prism-assessment-ref-2026-10-06/loso/2018-02-01#4,,EVENTS_DETECTED,,2,0,0
loso,rec2018-02-02_01h22m43.881s.wav,2018-02-02#1,prism-assessment-ref-2026-10-06/loso/2018-02-02#1,,NO_INHALATION_DETECTED,,0,0,0
loso,rec2018-02-02_01h25m14.325s.wav,2018-02-02#1,prism-assessment-ref-2026-10-06/loso/2018-02-02#1,,NO_INHALATION_DETECTED,,0,0,0
loso,rec2018-02-02_01h29m15.516s.wav,2018-02-02#1,prism-assessment-ref-2026-10-06/loso/2018-02-02#1,,NO_INHALATION_DETECTED,,0,0,0
loso,rec2018-02-02_01h31m43.090s.wav,2018-02-02#1,prism-assessment-ref-2026-10-06/loso/2018-02-02#1,,NO_INHALATION_DETECTED,,0,0,0
loso,rec2018-02-02_01h32m24.455s.wav,2018-02-02#1,prism-assessment-ref-2026-10-06/loso/2018-02-02#1,,EVENTS_DETECTED,,2,1,0
loso,rec2018-02-02_01h34m08.386s.wav,2018-02-02#1,prism-assessment-ref-2026-10-06/loso/2018-02-02#1,,EVENTS_DETECTED,,1,1,0
loso,rec2018-02-02_01h35m12.866s.wav,2018-02-02#1,prism-assessment-ref-2026-10-06/loso/2018-02-02#1,,EVENTS_DETECTED,,1,1,0
loso,rec2018-02-02_01h36m19.632s.wav,2018-02-02#1,prism-assessment-ref-2026-10-06/loso/2018-02-02#1,,EVENTS_DETECTED,,1,1,0
loso,rec2018-02-02_01h40m26.773s.wav,2018-02-02#1,prism-assessment-ref-2026-10-06/loso/2018-02-02#1,,EVENTS_DETECTED,,1,1,0
loso,rec2018-02-02_01h58m20.818s.wav,2018-02-02#1,prism-assessment-ref-2026-10-06/loso/2018-02-02#1,,EVENTS_DETECTED,,1,1,0
loso,rec2018-02-02_01h58m59.251s.wav,2018-02-02#1,prism-assessment-ref-2026-10-06/loso/2018-02-02#1,,EVENTS_DETECTED,,1,1,0
loso,rec2018-02-02_02h09m32.913s.wav,2018-02-02#1,prism-assessment-ref-2026-10-06/loso/2018-02-02#1,,EVENTS_DETECTED,,1,1,0
loso,rec2018-02-02_10h27m54.823s.wav,2018-02-02#2,prism-assessment-ref-2026-10-06/loso/2018-02-02#2,,EVENTS_DETECTED,,4,0,0
loso,rec2018-02-02_10h29m51.284s.wav,2018-02-02#2,prism-assessment-ref-2026-10-06/loso/2018-02-02#2,,EVENTS_DETECTED,,1,1,0
loso,rec2018-02-02_10h46m42.260s.wav,2018-02-02#2,prism-assessment-ref-2026-10-06/loso/2018-02-02#2,,EVENTS_DETECTED,,1,1,0
loso,rec2018-02-02_10h48m38.792s.wav,2018-02-02#2,prism-assessment-ref-2026-10-06/loso/2018-02-02#2,,EVENTS_DETECTED,,1,1,0
loso,rec2018-02-02_10h57m01.870s.wav,2018-02-02#2,prism-assessment-ref-2026-10-06/loso/2018-02-02#2,,EVENTS_DETECTED,,1,1,0
loso,rec2018-02-02_10h58m28.930s.wav,2018-02-02#2,prism-assessment-ref-2026-10-06/loso/2018-02-02#2,,EVENTS_DETECTED,,1,1,0
loso,rec2018-02-02_10h59m19.989s.wav,2018-02-02#2,prism-assessment-ref-2026-10-06/loso/2018-02-02#2,,EVENTS_DETECTED,,1,1,0
loso,rec2018-02-02_11h00m10.171s.wav,2018-02-02#2,prism-assessment-ref-2026-10-06/loso/2018-02-02#2,,EVENTS_DETECTED,,1,1,0
loso,rec2018-02-02_11h00m59.338s.wav,2018-02-02#2,prism-assessment-ref-2026-10-06/loso/2018-02-02#2,,EVENTS_DETECTED,,1,1,0
loso,rec2018-02-02_11h01m45.212s.wav,2018-02-02#2,prism-assessment-ref-2026-10-06/loso/2018-02-02#2,,EVENTS_DETECTED,,1,1,0
loso,rec2018-02-02_11h02m35.820s.wav,2018-02-02#2,prism-assessment-ref-2026-10-06/loso/2018-02-02#2,,NO_INHALATION_DETECTED,,0,0,0
loso,rec2018-02-02_12h22m40.715s.wav,2018-02-02#3,prism-assessment-ref-2026-10-06,,NO_INHALATION_DETECTED,,0,0,0
loso,rec2018-02-02_13h14m14.265s.wav,2018-02-02#4,prism-assessment-ref-2026-10-06,,NO_INHALATION_DETECTED,,0,0,0
loso,rec2018-02-02_13h15m26.790s.wav,2018-02-02#4,prism-assessment-ref-2026-10-06,,NO_INHALATION_DETECTED,,0,0,0
loso,rec2018-02-02_13h18m20.532s.wav,2018-02-02#4,prism-assessment-ref-2026-10-06,,NO_INHALATION_DETECTED,,0,0,0
loso,rec2018-02-02_13h20m16.870s.wav,2018-02-02#4,prism-assessment-ref-2026-10-06,,NO_INHALATION_DETECTED,,0,0,0
loso,rec2018-02-02_13h47m01.461s.wav,2018-02-02#5,prism-assessment-ref-2026-10-06,,NO_INHALATION_DETECTED,,0,0,0
loso,rec2018-02-02_13h48m53.964s.wav,2018-02-02#5,prism-assessment-ref-2026-10-06,,NO_INHALATION_DETECTED,,0,0,0
loso,rec2018-02-05_10h37m14.374s.wav,2018-02-05#1,prism-assessment-ref-2026-10-06/loso/2018-02-05#1,,EVENTS_DETECTED,,1,1,0
loso,rec2018-02-05_10h38m19.385s.wav,2018-02-05#1,prism-assessment-ref-2026-10-06/loso/2018-02-05#1,,EVENTS_DETECTED,,1,1,0
loso,rec2018-02-05_10h39m00.035s.wav,2018-02-05#1,prism-assessment-ref-2026-10-06/loso/2018-02-05#1,,EVENTS_DETECTED,,1,1,0
loso,rec2018-02-05_10h40m24.203s.wav,2018-02-05#1,prism-assessment-ref-2026-10-06/loso/2018-02-05#1,,NO_INHALATION_DETECTED,,0,0,0
loso,rec2018-02-05_10h41m21.507s.wav,2018-02-05#1,prism-assessment-ref-2026-10-06/loso/2018-02-05#1,,EVENTS_DETECTED,,1,1,0
loso,rec2018-02-05_10h42m50.893s.wav,2018-02-05#1,prism-assessment-ref-2026-10-06/loso/2018-02-05#1,,EVENTS_DETECTED,,1,1,0
loso,rec2018-02-05_10h43m40.571s.wav,2018-02-05#1,prism-assessment-ref-2026-10-06/loso/2018-02-05#1,,EVENTS_DETECTED,,1,1,0
loso,rec2018-02-05_10h44m37.655s.wav,2018-02-05#1,prism-assessment-ref-2026-10-06/loso/2018-02-05#1,,EVENTS_DETECTED,,1,1,0
loso,rec2018-02-05_10h45m35.939s.wav,2018-02-05#1,prism-assessment-ref-2026-10-06/loso/2018-02-05#1,,EVENTS_DETECTED,,1,1,0
loso,rec2018-02-05_10h46m18.048s.wav,2018-02-05#1,prism-assessment-ref-2026-10-06/loso/2018-02-05#1,,NO_INHALATION_DETECTED,,0,0,0
loso,rec2018-02-05_10h49m00.249s.wav,2018-02-05#1,prism-assessment-ref-2026-10-06/loso/2018-02-05#1,,NO_INHALATION_DETECTED,,0,0,0
loso,rec2018-02-05_10h51m51.389s.wav,2018-02-05#1,prism-assessment-ref-2026-10-06/loso/2018-02-05#1,,NO_INHALATION_DETECTED,,0,0,0
loso,rec2018-02-05_10h52m39.045s.wav,2018-02-05#1,prism-assessment-ref-2026-10-06/loso/2018-02-05#1,,EVENTS_DETECTED,,1,1,0
loso,rec2018-02-05_10h53m45.411s.wav,2018-02-05#1,prism-assessment-ref-2026-10-06/loso/2018-02-05#1,,EVENTS_DETECTED,,2,1,0
loso,rec2018-02-05_10h54m35.447s.wav,2018-02-05#1,prism-assessment-ref-2026-10-06/loso/2018-02-05#1,,EVENTS_DETECTED,,1,1,0
loso,rec2018-02-05_10h55m27.871s.wav,2018-02-05#1,prism-assessment-ref-2026-10-06/loso/2018-02-05#1,,EVENTS_DETECTED,,1,1,0
loso,rec2018-02-05_10h56m11.262s.wav,2018-02-05#1,prism-assessment-ref-2026-10-06/loso/2018-02-05#1,,EVENTS_DETECTED,,1,1,0
loso,rec2018-02-05_10h58m35.817s.wav,2018-02-05#1,prism-assessment-ref-2026-10-06/loso/2018-02-05#1,,EVENTS_DETECTED,,1,1,0
loso,rec2018-02-05_11h01m02.037s.wav,2018-02-05#1,prism-assessment-ref-2026-10-06/loso/2018-02-05#1,,EVENTS_DETECTED,,1,1,0
loso,rec2018-02-05_11h02m06.737s.wav,2018-02-05#1,prism-assessment-ref-2026-10-06/loso/2018-02-05#1,,EVENTS_DETECTED,,1,1,0
loso,rec2018-02-05_11h03m04.776s.wav,2018-02-05#1,prism-assessment-ref-2026-10-06/loso/2018-02-05#1,,EVENTS_DETECTED,,1,1,0
loso,rec2018-02-05_11h03m43.815s.wav,2018-02-05#1,prism-assessment-ref-2026-10-06/loso/2018-02-05#1,,EVENTS_DETECTED,,1,1,0
loso,rec2018-02-05_11h04m48.418s.wav,2018-02-05#1,prism-assessment-ref-2026-10-06/loso/2018-02-05#1,,EVENTS_DETECTED,,1,1,0
loso,rec2018-02-05_11h05m32.273s.wav,2018-02-05#1,prism-assessment-ref-2026-10-06/loso/2018-02-05#1,,EVENTS_DETECTED,,1,1,0
loso,rec2018-02-05_11h06m12.128s.wav,2018-02-05#1,prism-assessment-ref-2026-10-06/loso/2018-02-05#1,,EVENTS_DETECTED,,2,1,0
loso,rec2018-02-05_11h06m59.857s.wav,2018-02-05#1,prism-assessment-ref-2026-10-06/loso/2018-02-05#1,,EVENTS_DETECTED,,1,1,0
loso,rec2018-02-05_11h20m08.624s.wav,2018-02-05#1,prism-assessment-ref-2026-10-06/loso/2018-02-05#1,,EVENTS_DETECTED,,2,1,0
loso,rec2018-02-05_11h20m47.521s.wav,2018-02-05#1,prism-assessment-ref-2026-10-06/loso/2018-02-05#1,,EVENTS_DETECTED,,1,1,0
loso,rec2018-02-05_11h22m34.731s.wav,2018-02-05#1,prism-assessment-ref-2026-10-06/loso/2018-02-05#1,,EVENTS_DETECTED,,1,1,0
loso,rec2018-02-05_11h23m35.644s.wav,2018-02-05#1,prism-assessment-ref-2026-10-06/loso/2018-02-05#1,,EVENTS_DETECTED,,1,1,0
loso,rec2018-02-05_11h24m38.099s.wav,2018-02-05#1,prism-assessment-ref-2026-10-06/loso/2018-02-05#1,,NO_INHALATION_DETECTED,,0,0,0
loso,rec2018-02-05_11h30m02.540s.wav,2018-02-05#1,prism-assessment-ref-2026-10-06/loso/2018-02-05#1,,NO_INHALATION_DETECTED,,0,0,0
loso,rec2018-02-05_11h30m48.760s.wav,2018-02-05#1,prism-assessment-ref-2026-10-06/loso/2018-02-05#1,,EVENTS_DETECTED,,1,1,0
loso,rec2018-02-06_10h28m57.917s.wav,2018-02-06#1,prism-assessment-ref-2026-10-06/loso/2018-02-06#1,,EVENTS_DETECTED,,1,1,0
loso,rec2018-02-06_10h30m00.277s.wav,2018-02-06#1,prism-assessment-ref-2026-10-06/loso/2018-02-06#1,,EVENTS_DETECTED,,1,1,0
loso,rec2018-02-06_10h32m03.907s.wav,2018-02-06#1,prism-assessment-ref-2026-10-06/loso/2018-02-06#1,,EVENTS_DETECTED,,1,1,0
loso,rec2018-02-06_10h32m43.911s.wav,2018-02-06#1,prism-assessment-ref-2026-10-06/loso/2018-02-06#1,,EVENTS_DETECTED,,1,1,0
loso,rec2018-02-06_11h39m13.131s.wav,2018-02-06#2,prism-assessment-ref-2026-10-06/loso/2018-02-06#2,,EVENTS_DETECTED,,1,1,0
loso,rec2018-02-06_12h10m09.167s.wav,2018-02-06#3,prism-assessment-ref-2026-10-06/loso/2018-02-06#3,,EVENTS_DETECTED,,2,2,0
loso,rec2018-02-06_12h11m01.614s.wav,2018-02-06#3,prism-assessment-ref-2026-10-06/loso/2018-02-06#3,,EVENTS_DETECTED,,2,2,0
loso,rec2018-02-06_12h12m08.951s.wav,2018-02-06#3,prism-assessment-ref-2026-10-06/loso/2018-02-06#3,,EVENTS_DETECTED,,3,1,0
loso,rec2018-02-06_12h13m05.267s.wav,2018-02-06#3,prism-assessment-ref-2026-10-06/loso/2018-02-06#3,,EVENTS_DETECTED,,2,2,0
loso,rec2018-02-06_12h13m52.029s.wav,2018-02-06#3,prism-assessment-ref-2026-10-06/loso/2018-02-06#3,,EVENTS_DETECTED,,2,2,0
loso,rec2018-02-06_12h15m08.616s.wav,2018-02-06#3,prism-assessment-ref-2026-10-06/loso/2018-02-06#3,,EVENTS_DETECTED,,2,2,0
loso,rec2018-02-06_12h16m57.870s.wav,2018-02-06#3,prism-assessment-ref-2026-10-06/loso/2018-02-06#3,,EVENTS_DETECTED,,1,0,0
loso,rec2018-02-06_12h17m38.883s.wav,2018-02-06#3,prism-assessment-ref-2026-10-06/loso/2018-02-06#3,,EVENTS_DETECTED,,1,1,1
loso,rec2018-02-06_12h18m33.477s.wav,2018-02-06#3,prism-assessment-ref-2026-10-06/loso/2018-02-06#3,,EVENTS_DETECTED,,1,1,0
loso,rec2018-02-06_12h19m34.374s.wav,2018-02-06#3,prism-assessment-ref-2026-10-06/loso/2018-02-06#3,,EVENTS_DETECTED,,2,0,0
loso,rec2018-02-06_12h20m19.800s.wav,2018-02-06#3,prism-assessment-ref-2026-10-06/loso/2018-02-06#3,,EVENTS_DETECTED,,2,0,0
loso,rec2018-02-06_12h21m35.410s.wav,2018-02-06#3,prism-assessment-ref-2026-10-06/loso/2018-02-06#3,,EVENTS_DETECTED,,2,0,0
loso,rec2018-02-08_14h33m35.005s.wav,2018-02-08#1,prism-assessment-ref-2026-10-06/loso/2018-02-08#1,,EVENTS_DETECTED,,1,1,0
loso,rec2018-02-08_14h35m33.038s.wav,2018-02-08#1,prism-assessment-ref-2026-10-06/loso/2018-02-08#1,,EVENTS_DETECTED,,2,1,0
loso,rec2018-02-08_14h36m13.041s.wav,2018-02-08#1,prism-assessment-ref-2026-10-06/loso/2018-02-08#1,,EVENTS_DETECTED,,2,0,0
loso,rec2018-02-08_14h37m48.457s.wav,2018-02-08#1,prism-assessment-ref-2026-10-06/loso/2018-02-08#1,,EVENTS_DETECTED,,1,1,0
loso,rec2018-02-08_14h50m50.378s.wav,2018-02-08#1,prism-assessment-ref-2026-10-06/loso/2018-02-08#1,,EVENTS_DETECTED,,1,1,0
loso,rec2018-02-08_14h56m18.144s.wav,2018-02-08#1,prism-assessment-ref-2026-10-06/loso/2018-02-08#1,,NO_INHALATION_DETECTED,,0,0,0
loso,rec2018-02-08_15h03m14.166s.wav,2018-02-08#1,prism-assessment-ref-2026-10-06/loso/2018-02-08#1,,EVENTS_DETECTED,,2,1,0
loso,rec2018-02-08_15h04m25.148s.wav,2018-02-08#1,prism-assessment-ref-2026-10-06/loso/2018-02-08#1,,EVENTS_DETECTED,,1,0,0
loso,rec2018-02-08_15h06m27.101s.wav,2018-02-08#1,prism-assessment-ref-2026-10-06/loso/2018-02-08#1,,EVENTS_DETECTED,,1,1,0
loso,rec2018-02-08_15h08m45.803s.wav,2018-02-08#1,prism-assessment-ref-2026-10-06/loso/2018-02-08#1,,EVENTS_DETECTED,,1,1,0
loso,rec2018-02-08_15h20m25.156s.wav,2018-02-08#1,prism-assessment-ref-2026-10-06/loso/2018-02-08#1,,EVENTS_DETECTED,,1,1,0
loso,rec2018-02-08_15h23m00.916s.wav,2018-02-08#1,prism-assessment-ref-2026-10-06/loso/2018-02-08#1,,EVENTS_DETECTED,,2,1,0
loso,rec2018-02-08_15h25m08.376s.wav,2018-02-08#1,prism-assessment-ref-2026-10-06/loso/2018-02-08#1,,EVENTS_DETECTED,,2,0,0
loso,rec2018-02-09_10h38m01.449s.wav,2018-02-09#1,prism-assessment-ref-2026-10-06/loso/2018-02-09#1,,NO_INHALATION_DETECTED,,0,0,0
loso,rec2018-02-09_10h49m08.773s.wav,2018-02-09#1,prism-assessment-ref-2026-10-06/loso/2018-02-09#1,,EVENTS_DETECTED,,1,1,0
loso,rec2018-02-09_10h57m14.793s.wav,2018-02-09#1,prism-assessment-ref-2026-10-06/loso/2018-02-09#1,,EVENTS_DETECTED,,1,1,0
loso,rec2018-02-09_11h04m27.369s.wav,2018-02-09#1,prism-assessment-ref-2026-10-06/loso/2018-02-09#1,,EVENTS_DETECTED,,1,0,0
loso,rec2018-02-09_11h05m06.012s.wav,2018-02-09#1,prism-assessment-ref-2026-10-06/loso/2018-02-09#1,,EVENTS_DETECTED,,1,1,0
loso,rec2018-02-09_11h05m43.714s.wav,2018-02-09#1,prism-assessment-ref-2026-10-06/loso/2018-02-09#1,,EVENTS_DETECTED,,1,1,0
loso,rec2018-05-02_17h33m13.522s.wav,2018-05-02#1,prism-assessment-ref-2026-10-06/loso/2018-05-02#1,,EVENTS_DETECTED,,2,0,0
loso,rec2018-05-02_17h33m50.393s.wav,2018-05-02#1,prism-assessment-ref-2026-10-06/loso/2018-05-02#1,,EVENTS_DETECTED,,1,1,0
loso,rec2018-05-02_17h34m27.816s.wav,2018-05-02#1,prism-assessment-ref-2026-10-06/loso/2018-05-02#1,,EVENTS_DETECTED,,1,1,0
loso,rec2018-05-02_17h35m57.328s.wav,2018-05-02#1,prism-assessment-ref-2026-10-06/loso/2018-05-02#1,,EVENTS_DETECTED,,1,1,0
loso,rec2018-05-02_17h38m14.494s.wav,2018-05-02#1,prism-assessment-ref-2026-10-06/loso/2018-05-02#1,,EVENTS_DETECTED,,1,1,0
loso,rec2018-05-02_17h38m56.671s.wav,2018-05-02#1,prism-assessment-ref-2026-10-06/loso/2018-05-02#1,,EVENTS_DETECTED,,1,1,0
loso,rec2018-05-02_17h40m15.391s.wav,2018-05-02#1,prism-assessment-ref-2026-10-06/loso/2018-05-02#1,,EVENTS_DETECTED,,1,1,0
loso,rec2018-05-02_17h40m35.031s.wav,2018-05-02#1,prism-assessment-ref-2026-10-06/loso/2018-05-02#1,,EVENTS_DETECTED,,1,1,0
loso,rec2018-05-02_17h41m00.892s.wav,2018-05-02#1,prism-assessment-ref-2026-10-06/loso/2018-05-02#1,,EVENTS_DETECTED,,1,1,0
loso,rec2018-05-02_17h42m58.720s.wav,2018-05-02#1,prism-assessment-ref-2026-10-06/loso/2018-05-02#1,,EVENTS_DETECTED,,3,3,0
loso,rec2018-05-03_09h32m11.296s.wav,2018-05-03#1,prism-assessment-ref-2026-10-06/loso/2018-05-03#1,,EVENTS_DETECTED,,1,1,0
loso,rec2018-05-03_09h32m39.426s.wav,2018-05-03#1,prism-assessment-ref-2026-10-06/loso/2018-05-03#1,,EVENTS_DETECTED,,1,1,0
loso,rec2018-05-03_09h32m52.456s.wav,2018-05-03#1,prism-assessment-ref-2026-10-06/loso/2018-05-03#1,,EVENTS_DETECTED,,1,1,0
loso,rec2018-05-03_09h33m56.681s.wav,2018-05-03#1,prism-assessment-ref-2026-10-06/loso/2018-05-03#1,,EVENTS_DETECTED,,1,1,0
loso,rec2018-05-03_11h00m18.087s.wav,2018-05-03#2,prism-assessment-ref-2026-10-06/loso/2018-05-03#2,,NO_INHALATION_DETECTED,,0,0,0
loso,rec2018-05-03_11h21m20.915s.wav,2018-05-03#2,prism-assessment-ref-2026-10-06/loso/2018-05-03#2,,EVENTS_DETECTED,,1,1,0
loso,rec2018-05-03_11h22m05.830s.wav,2018-05-03#2,prism-assessment-ref-2026-10-06/loso/2018-05-03#2,,EVENTS_DETECTED,,2,2,2
loso,rec2018-05-03_11h22m59.308s.wav,2018-05-03#2,prism-assessment-ref-2026-10-06/loso/2018-05-03#2,,EVENTS_DETECTED,,1,1,0
loso,rec2018-05-03_11h30m44.236s.wav,2018-05-03#2,prism-assessment-ref-2026-10-06/loso/2018-05-03#2,,EVENTS_DETECTED,,1,1,0
loso,rec2018-05-03_11h31m05.117s.wav,2018-05-03#2,prism-assessment-ref-2026-10-06/loso/2018-05-03#2,,EVENTS_DETECTED,,1,1,0
loso,rec2018-05-03_11h31m22.631s.wav,2018-05-03#2,prism-assessment-ref-2026-10-06/loso/2018-05-03#2,,EVENTS_DETECTED,,1,1,0
loso,rec2018-05-03_11h31m40.430s.wav,2018-05-03#2,prism-assessment-ref-2026-10-06/loso/2018-05-03#2,,EVENTS_DETECTED,,1,1,0
loso,rec2018-05-03_11h32m00.868s.wav,2018-05-03#2,prism-assessment-ref-2026-10-06/loso/2018-05-03#2,,EVENTS_DETECTED,,1,1,0
loso,rec2018-05-03_11h33m06.158s.wav,2018-05-03#2,prism-assessment-ref-2026-10-06/loso/2018-05-03#2,,EVENTS_DETECTED,,1,1,1
loso,rec2018-05-03_11h34m12.944s.wav,2018-05-03#2,prism-assessment-ref-2026-10-06/loso/2018-05-03#2,,EVENTS_DETECTED,,1,1,0
loso,rec2018-05-03_11h34m42.301s.wav,2018-05-03#2,prism-assessment-ref-2026-10-06/loso/2018-05-03#2,,EVENTS_DETECTED,,1,1,0
loso,rec2018-05-03_11h35m02.168s.wav,2018-05-03#2,prism-assessment-ref-2026-10-06/loso/2018-05-03#2,,EVENTS_DETECTED,,1,1,0
loso,rec2018-05-03_11h35m22.211s.wav,2018-05-03#2,prism-assessment-ref-2026-10-06/loso/2018-05-03#2,,EVENTS_DETECTED,,1,1,0
loso,rec2018-05-03_11h35m39.758s.wav,2018-05-03#2,prism-assessment-ref-2026-10-06/loso/2018-05-03#2,,EVENTS_DETECTED,,1,1,0
loso,rec2018-05-03_11h35m58.563s.wav,2018-05-03#2,prism-assessment-ref-2026-10-06/loso/2018-05-03#2,,EVENTS_DETECTED,,1,1,0
loso,rec2018-05-03_11h36m16.780s.wav,2018-05-03#2,prism-assessment-ref-2026-10-06/loso/2018-05-03#2,,EVENTS_DETECTED,,1,1,0
loso,rec2018-05-03_11h36m35.115s.wav,2018-05-03#2,prism-assessment-ref-2026-10-06/loso/2018-05-03#2,,EVENTS_DETECTED,,1,1,0
loso,rec2018-05-03_11h36m53.106s.wav,2018-05-03#2,prism-assessment-ref-2026-10-06/loso/2018-05-03#2,,EVENTS_DETECTED,,1,1,0
loso,rec2018-05-03_11h37m11.955s.wav,2018-05-03#2,prism-assessment-ref-2026-10-06/loso/2018-05-03#2,,EVENTS_DETECTED,,1,1,0
loso,rec2018-05-03_11h37m32.414s.wav,2018-05-03#2,prism-assessment-ref-2026-10-06/loso/2018-05-03#2,,EVENTS_DETECTED,,1,1,0
loso,rec2018-05-03_11h37m50.903s.wav,2018-05-03#2,prism-assessment-ref-2026-10-06/loso/2018-05-03#2,,EVENTS_DETECTED,,1,1,0
loso,rec2018-05-03_11h38m07.740s.wav,2018-05-03#2,prism-assessment-ref-2026-10-06/loso/2018-05-03#2,,EVENTS_DETECTED,,1,1,0
loso,rec2018-05-03_11h38m25.235s.wav,2018-05-03#2,prism-assessment-ref-2026-10-06/loso/2018-05-03#2,,EVENTS_DETECTED,,1,1,0
loso,rec2018-05-03_11h38m46.135s.wav,2018-05-03#2,prism-assessment-ref-2026-10-06/loso/2018-05-03#2,,EVENTS_DETECTED,,1,1,0
loso,rec2018-05-03_11h39m04.979s.wav,2018-05-03#2,prism-assessment-ref-2026-10-06/loso/2018-05-03#2,,EVENTS_DETECTED,,1,1,0
loso,rec2018-05-03_11h39m23.236s.wav,2018-05-03#2,prism-assessment-ref-2026-10-06/loso/2018-05-03#2,,EVENTS_DETECTED,,1,1,0
loso,rec2018-05-03_11h39m41.633s.wav,2018-05-03#2,prism-assessment-ref-2026-10-06/loso/2018-05-03#2,,EVENTS_DETECTED,,1,1,0
loso,rec2018-05-03_11h40m00.485s.wav,2018-05-03#2,prism-assessment-ref-2026-10-06/loso/2018-05-03#2,,EVENTS_DETECTED,,1,1,0
loso,rec2018-05-03_11h40m20.470s.wav,2018-05-03#2,prism-assessment-ref-2026-10-06/loso/2018-05-03#2,,EVENTS_DETECTED,,1,1,0
loso,rec2018-05-03_11h40m45.441s.wav,2018-05-03#2,prism-assessment-ref-2026-10-06/loso/2018-05-03#2,,EVENTS_DETECTED,,1,1,0
loso,rec2018-05-03_11h41m04.101s.wav,2018-05-03#2,prism-assessment-ref-2026-10-06/loso/2018-05-03#2,,EVENTS_DETECTED,,1,1,0
loso,rec2018-05-03_11h41m23.831s.wav,2018-05-03#2,prism-assessment-ref-2026-10-06/loso/2018-05-03#2,,EVENTS_DETECTED,,1,1,0
loso,rec2018-05-03_11h41m45.507s.wav,2018-05-03#2,prism-assessment-ref-2026-10-06/loso/2018-05-03#2,,EVENTS_DETECTED,,1,1,1
loso,rec2018-05-03_11h42m07.338s.wav,2018-05-03#2,prism-assessment-ref-2026-10-06/loso/2018-05-03#2,,EVENTS_DETECTED,,1,1,0
loso,rec2018-05-03_11h42m25.033s.wav,2018-05-03#2,prism-assessment-ref-2026-10-06/loso/2018-05-03#2,,EVENTS_DETECTED,,1,1,0
loso,rec2018-05-03_11h42m42.981s.wav,2018-05-03#2,prism-assessment-ref-2026-10-06/loso/2018-05-03#2,,EVENTS_DETECTED,,1,1,0
loso,rec2018-05-03_11h43m01.074s.wav,2018-05-03#2,prism-assessment-ref-2026-10-06/loso/2018-05-03#2,,EVENTS_DETECTED,,1,1,0
loso,rec2018-05-03_11h43m19.240s.wav,2018-05-03#2,prism-assessment-ref-2026-10-06/loso/2018-05-03#2,,EVENTS_DETECTED,,1,1,0
loso,rec2018-05-03_11h43m36.628s.wav,2018-05-03#2,prism-assessment-ref-2026-10-06/loso/2018-05-03#2,,EVENTS_DETECTED,,1,1,0
loso,rec2018-05-03_11h43m55.823s.wav,2018-05-03#2,prism-assessment-ref-2026-10-06/loso/2018-05-03#2,,EVENTS_DETECTED,,1,1,0
loso,rec2018-05-03_11h48m01.012s.wav,2018-05-03#2,prism-assessment-ref-2026-10-06/loso/2018-05-03#2,,EVENTS_DETECTED,,1,1,0
loso,rec2018-05-03_11h48m24.363s.wav,2018-05-03#2,prism-assessment-ref-2026-10-06/loso/2018-05-03#2,,EVENTS_DETECTED,,1,1,0
loso,rec2018-05-03_11h48m41.938s.wav,2018-05-03#2,prism-assessment-ref-2026-10-06/loso/2018-05-03#2,,EVENTS_DETECTED,,1,1,0
loso,rec2018-05-03_11h48m59.604s.wav,2018-05-03#2,prism-assessment-ref-2026-10-06/loso/2018-05-03#2,,EVENTS_DETECTED,,1,1,0
loso,rec2018-05-03_11h49m17.127s.wav,2018-05-03#2,prism-assessment-ref-2026-10-06/loso/2018-05-03#2,,EVENTS_DETECTED,,1,1,0
loso,rec2018-05-03_11h49m34.678s.wav,2018-05-03#2,prism-assessment-ref-2026-10-06/loso/2018-05-03#2,,EVENTS_DETECTED,,1,1,0
loso,rec2018-05-03_11h49m54.056s.wav,2018-05-03#2,prism-assessment-ref-2026-10-06/loso/2018-05-03#2,,EVENTS_DETECTED,,1,1,0
loso,rec2018-05-03_11h50m12.379s.wav,2018-05-03#2,prism-assessment-ref-2026-10-06/loso/2018-05-03#2,,EVENTS_DETECTED,,1,1,1
loso,rec2018-05-03_11h50m30.421s.wav,2018-05-03#2,prism-assessment-ref-2026-10-06/loso/2018-05-03#2,,EVENTS_DETECTED,,1,1,0
loso,rec2018-05-03_11h50m48.244s.wav,2018-05-03#2,prism-assessment-ref-2026-10-06/loso/2018-05-03#2,,EVENTS_DETECTED,,1,1,1
loso,rec2018-05-03_11h51m07.128s.wav,2018-05-03#2,prism-assessment-ref-2026-10-06/loso/2018-05-03#2,,EVENTS_DETECTED,,1,1,0
loso,rec2018-05-03_11h51m26.000s.wav,2018-05-03#2,prism-assessment-ref-2026-10-06/loso/2018-05-03#2,,EVENTS_DETECTED,,1,1,0
loso,rec2018-05-03_11h51m43.422s.wav,2018-05-03#2,prism-assessment-ref-2026-10-06/loso/2018-05-03#2,,EVENTS_DETECTED,,1,1,1
loso,rec2018-05-03_11h52m00.607s.wav,2018-05-03#2,prism-assessment-ref-2026-10-06/loso/2018-05-03#2,,EVENTS_DETECTED,,1,1,0
loso,rec2018-05-03_11h52m17.833s.wav,2018-05-03#2,prism-assessment-ref-2026-10-06/loso/2018-05-03#2,,EVENTS_DETECTED,,1,1,0
loso,rec2018-05-03_11h52m35.208s.wav,2018-05-03#2,prism-assessment-ref-2026-10-06/loso/2018-05-03#2,,EVENTS_DETECTED,,1,1,0
loso,rec2018-05-03_15h21m36.500s.wav,2018-05-03#3,prism-assessment-ref-2026-10-06/loso/2018-05-03#3,,EVENTS_DETECTED,,1,1,0
loso,rec2018-05-03_15h23m24.541s.wav,2018-05-03#3,prism-assessment-ref-2026-10-06/loso/2018-05-03#3,,EVENTS_DETECTED,,1,1,1
loso,rec2018-05-03_15h24m03.886s.wav,2018-05-03#3,prism-assessment-ref-2026-10-06/loso/2018-05-03#3,,EVENTS_DETECTED,,1,1,0
loso,rec2018-05-03_15h24m37.045s.wav,2018-05-03#3,prism-assessment-ref-2026-10-06/loso/2018-05-03#3,,EVENTS_DETECTED,,1,1,0
loso,rec2018-05-03_15h25m08.571s.wav,2018-05-03#3,prism-assessment-ref-2026-10-06/loso/2018-05-03#3,,EVENTS_DETECTED,,1,1,0
loso,rec2018-05-03_15h27m21.669s.wav,2018-05-03#3,prism-assessment-ref-2026-10-06/loso/2018-05-03#3,,EVENTS_DETECTED,,1,1,0
loso,rec2018-05-03_15h27m45.362s.wav,2018-05-03#3,prism-assessment-ref-2026-10-06/loso/2018-05-03#3,,EVENTS_DETECTED,,1,1,0
loso,rec2018-05-03_15h28m15.159s.wav,2018-05-03#3,prism-assessment-ref-2026-10-06/loso/2018-05-03#3,,EVENTS_DETECTED,,1,1,1
loso,rec2018-05-03_15h28m42.685s.wav,2018-05-03#3,prism-assessment-ref-2026-10-06/loso/2018-05-03#3,,EVENTS_DETECTED,,1,1,0
loso,rec2018-05-03_15h29m02.811s.wav,2018-05-03#3,prism-assessment-ref-2026-10-06/loso/2018-05-03#3,,EVENTS_DETECTED,,1,1,1
loso,rec2018-05-03_15h29m32.895s.wav,2018-05-03#3,prism-assessment-ref-2026-10-06/loso/2018-05-03#3,,EVENTS_DETECTED,,1,1,1
loso,rec2018-05-03_15h29m50.911s.wav,2018-05-03#3,prism-assessment-ref-2026-10-06/loso/2018-05-03#3,,EVENTS_DETECTED,,1,1,0
loso,rec2018-05-03_15h30m09.333s.wav,2018-05-03#3,prism-assessment-ref-2026-10-06/loso/2018-05-03#3,,EVENTS_DETECTED,,1,1,0
loso,rec2018-05-03_15h30m28.140s.wav,2018-05-03#3,prism-assessment-ref-2026-10-06/loso/2018-05-03#3,,EVENTS_DETECTED,,1,1,0
loso,rec2018-05-03_15h30m45.469s.wav,2018-05-03#3,prism-assessment-ref-2026-10-06/loso/2018-05-03#3,,EVENTS_DETECTED,,1,1,0
loso,rec2018-05-03_15h31m15.084s.wav,2018-05-03#3,prism-assessment-ref-2026-10-06/loso/2018-05-03#3,,EVENTS_DETECTED,,1,1,0
loso,rec2018-05-03_15h31m38.884s.wav,2018-05-03#3,prism-assessment-ref-2026-10-06/loso/2018-05-03#3,,EVENTS_DETECTED,,1,1,0
loso,rec2018-05-03_15h31m59.455s.wav,2018-05-03#3,prism-assessment-ref-2026-10-06/loso/2018-05-03#3,,EVENTS_DETECTED,,1,1,0
loso,rec2018-05-03_15h32m17.555s.wav,2018-05-03#3,prism-assessment-ref-2026-10-06/loso/2018-05-03#3,,EVENTS_DETECTED,,1,1,0
loso,rec2018-05-03_15h32m35.669s.wav,2018-05-03#3,prism-assessment-ref-2026-10-06/loso/2018-05-03#3,,EVENTS_DETECTED,,1,1,0
loso,rec2018-05-03_15h33m11.807s.wav,2018-05-03#3,prism-assessment-ref-2026-10-06/loso/2018-05-03#3,,EVENTS_DETECTED,,1,1,0
loso,rec2018-05-03_15h33m29.486s.wav,2018-05-03#3,prism-assessment-ref-2026-10-06/loso/2018-05-03#3,,EVENTS_DETECTED,,1,1,0
loso,rec2018-05-03_15h33m51.966s.wav,2018-05-03#3,prism-assessment-ref-2026-10-06/loso/2018-05-03#3,,EVENTS_DETECTED,,1,1,0
loso,rec2018-05-03_15h34m13.707s.wav,2018-05-03#3,prism-assessment-ref-2026-10-06/loso/2018-05-03#3,,EVENTS_DETECTED,,1,1,0
loso,rec2018-05-03_15h34m32.131s.wav,2018-05-03#3,prism-assessment-ref-2026-10-06/loso/2018-05-03#3,,EVENTS_DETECTED,,1,1,0
loso,rec2018-05-03_15h35m02.114s.wav,2018-05-03#3,prism-assessment-ref-2026-10-06/loso/2018-05-03#3,,EVENTS_DETECTED,,1,1,0
loso,rec2018-05-03_15h35m21.837s.wav,2018-05-03#3,prism-assessment-ref-2026-10-06/loso/2018-05-03#3,,EVENTS_DETECTED,,1,1,0
loso,rec2018-05-03_15h35m44.100s.wav,2018-05-03#3,prism-assessment-ref-2026-10-06/loso/2018-05-03#3,,EVENTS_DETECTED,,1,1,0
loso,rec2018-05-03_15h36m09.330s.wav,2018-05-03#3,prism-assessment-ref-2026-10-06/loso/2018-05-03#3,,EVENTS_DETECTED,,1,1,1
loso,rec2018-05-03_15h36m33.401s.wav,2018-05-03#3,prism-assessment-ref-2026-10-06/loso/2018-05-03#3,,EVENTS_DETECTED,,1,1,0
loso,rec2018-05-03_15h39m20.550s.wav,2018-05-03#3,prism-assessment-ref-2026-10-06/loso/2018-05-03#3,,EVENTS_DETECTED,,1,1,0
loso,rec2018-05-03_15h39m43.079s.wav,2018-05-03#3,prism-assessment-ref-2026-10-06/loso/2018-05-03#3,,EVENTS_DETECTED,,1,1,0
loso,rec2018-05-03_15h40m01.822s.wav,2018-05-03#3,prism-assessment-ref-2026-10-06/loso/2018-05-03#3,,EVENTS_DETECTED,,1,1,1
loso,rec2018-05-03_15h40m28.424s.wav,2018-05-03#3,prism-assessment-ref-2026-10-06/loso/2018-05-03#3,,EVENTS_DETECTED,,1,1,1
loso,rec2018-05-03_15h40m49.846s.wav,2018-05-03#3,prism-assessment-ref-2026-10-06/loso/2018-05-03#3,,EVENTS_DETECTED,,1,1,0
loso,rec2018-05-03_15h41m19.370s.wav,2018-05-03#3,prism-assessment-ref-2026-10-06/loso/2018-05-03#3,,EVENTS_DETECTED,,1,1,0
loso,rec2018-05-03_15h41m44.230s.wav,2018-05-03#3,prism-assessment-ref-2026-10-06/loso/2018-05-03#3,,EVENTS_DETECTED,,1,1,0
loso,rec2018-05-03_15h42m04.570s.wav,2018-05-03#3,prism-assessment-ref-2026-10-06/loso/2018-05-03#3,,EVENTS_DETECTED,,1,1,0
loso,rec2018-05-03_15h42m24.025s.wav,2018-05-03#3,prism-assessment-ref-2026-10-06/loso/2018-05-03#3,,EVENTS_DETECTED,,1,1,0
loso,rec2018-05-03_15h42m44.455s.wav,2018-05-03#3,prism-assessment-ref-2026-10-06/loso/2018-05-03#3,,EVENTS_DETECTED,,1,1,0
loso,rec2018-05-03_15h44m07.780s.wav,2018-05-03#3,prism-assessment-ref-2026-10-06/loso/2018-05-03#3,,EVENTS_DETECTED,,1,1,0
loso,rec2018-05-03_15h44m27.242s.wav,2018-05-03#3,prism-assessment-ref-2026-10-06/loso/2018-05-03#3,,EVENTS_DETECTED,,1,1,0
loso,rec2018-05-03_15h44m47.231s.wav,2018-05-03#3,prism-assessment-ref-2026-10-06/loso/2018-05-03#3,,EVENTS_DETECTED,,1,1,0
loso,rec2018-05-03_15h45m14.147s.wav,2018-05-03#3,prism-assessment-ref-2026-10-06/loso/2018-05-03#3,,EVENTS_DETECTED,,1,1,0
loso,rec2018-05-03_15h46m16.542s.wav,2018-05-03#3,prism-assessment-ref-2026-10-06/loso/2018-05-03#3,,EVENTS_DETECTED,,1,1,0
loso,rec2018-05-03_15h46m45.482s.wav,2018-05-03#3,prism-assessment-ref-2026-10-06/loso/2018-05-03#3,,EVENTS_DETECTED,,1,1,0
loso,rec2018-05-03_15h47m08.625s.wav,2018-05-03#3,prism-assessment-ref-2026-10-06/loso/2018-05-03#3,,EVENTS_DETECTED,,1,1,0
loso,rec2018-05-03_15h47m37.180s.wav,2018-05-03#3,prism-assessment-ref-2026-10-06/loso/2018-05-03#3,,EVENTS_DETECTED,,1,1,0
loso,rec2018-05-03_15h47m57.575s.wav,2018-05-03#3,prism-assessment-ref-2026-10-06/loso/2018-05-03#3,,EVENTS_DETECTED,,1,1,0
loso,rec2018-05-03_15h48m19.468s.wav,2018-05-03#3,prism-assessment-ref-2026-10-06/loso/2018-05-03#3,,EVENTS_DETECTED,,1,1,0
loso,rec2018-05-03_15h48m42.154s.wav,2018-05-03#3,prism-assessment-ref-2026-10-06/loso/2018-05-03#3,,EVENTS_DETECTED,,1,1,0
loso,rec2018-05-03_15h49m02.235s.wav,2018-05-03#3,prism-assessment-ref-2026-10-06/loso/2018-05-03#3,,EVENTS_DETECTED,,1,1,0
