row,recording_file,event_id,cut_without_event,relative_change
0,rec2018-01-22_17h41m33.475s.wav,0,1.8382235693730218,0.004644091360749329
1,rec2018-01-22_17h41m49.809s.wav,0,1.8380090476573046,0.004526848835000737
2,rec2018-01-22_17h42m07.718s.wav,0,1.8434411914289353,0.0074956776730795965
3,rec2018-01-22_17h42m23.769s.wav,0,1.8456228109165407,0.008687997891543455
4,rec2018-01-22_17h44m03.761s.wav,0,1.8281234952247516,-0.0008759008667608488
5,rec2018-01-22_17h44m21.408s.wav,0,1.8438298173437364,0.007708073344400368
6,rec2018-01-22_17h44m39.521s.wav,0,1.8278647040405938,-0.0010173379794125486
7,rec2018-01-22_17h44m56.745s.wav,0,1.8397224557706722,0.005463277551215854
8,rec2018-01-22_17h45m12.839s.wav,0,1.8372567222402727,0.0041156805214210375
9,rec2018-01-23_10h42m07.256s.wav,0,1.8382235693730218,0.004644091360749329
10,rec2018-01-23_10h42m23.823s.wav,0,1.8429477930530875,0.007226020722074736
11,rec2018-01-23_10h42m45.728s.wav,0,1.836605904148946,0.003759988993526483
12,rec2018-01-23_10h43m05.349s.wav,0,1.8429050605314077,0.007202666122487453
13,rec2018-01-23_10h43m22.564s.wav,0,1.845797360902869,0.008783394673161108
14,rec2018-01-23_10h43m40.126s.wav,0,1.8312273020438834,0.0008204222756029101
15,rec2018-01-23_10h43m56.234s.wav,0,1.8431617399587121,0.0073429490969372
16,rec2018-01-23_10h44m12.634s.wav,0,1.8426910838238435,0.007085721459974775
17,rec2018-01-23_10h44m30.273s.wav,0,1.8434411914289353,0.0074956776730795965
18,rec2018-01-23_10h45m25.926s.wav,0,1.8429050605314077,0.007202666122487453
19,rec2018-01-23_10h45m44.127s.wav,0,1.8265158801984562,-0.0017545105006810905
21,rec2018-01-23_10h46m04.850s.wav,0,1.8438298173437364,0.007708073344400368
22,rec2018-01-23_10h47m11.936s.wav,0,1.8383988218933933,0.004739872098207395
23,rec2018-01-23_10h49m01.624s.wav,0,1.844481955882324,0.008064486536166872
24,rec2018-01-23_10h49m24.634s.wav,0,1.8262506263798233,-0.001899479636122745
25,rec2018-01-23_10h50m00.411s.wav,0,1.8314856180888441,0.0009615997104902227
26,rec2018-01-23_10h50m22.155s.wav,0,1.8310119606443152,0.0007027317681444602
27,rec2018-01-23_10h50m40.883s.wav,0,1.8424869046870347,0.00697413146254912
28,rec2018-01-23_10h52m21.295s.wav,0,1.8213065353782103,-0.0046015730564646865
29,rec2018-01-23_10h52m39.068s.wav,0,1.8297975680603127,3.902994512490413e-05
30,rec2018-01-23_10h52m57.816s.wav,0,1.8317176412699412,0.0010884073098658437
32,rec2018-01-23_10h53m20.922s.wav,0,1.8314856180888441,0.0009615997104902227
33,rec2018-01-23_10h54m18.511s.wav,0,1.8213065353782103,-0.0046015730564646865
34,rec2018-01-23_10h54m39.487s.wav,0,1.8297975680603127,3.902994512490413e-05
35,rec2018-01-23_10h56m48.215s.wav,0,1.8232419990963409,-0.0035437843190880866
36,rec2018-01-23_10h57m38.405s.wav,0,1.8286782385504086,-0.0005727170682127883
37,rec2018-01-23_10h57m54.607s.wav,0,1.8436550810781591,0.00761257475560872
38,rec2018-01-23_10h59m20.895s.wav,0,1.8438298173437364,0.007708073344400368
39,rec2018-01-23_10h59m40.619s.wav,0,1.838795633308201,0.004956741389795772
40,rec2018-01-23_10h59m57.587s.wav,0,1.840197107156908,0.005722688712395098
41,rec2018-01-23_11h00m14.641s.wav,0,1.8429477930530875,0.007226020722074736
42,rec2018-01-23_11h01m08.679s.wav,0,1.8436159479667817,0.007591187341271925
43,rec2018-01-23_11h01m26.075s.wav,0,1.8427436423600991,0.007114446270046598
44,rec2018-01-23_11h01m41.256s.wav,0,1.8448735903368643,0.008278526464324995
45,rec2018-01-23_11h01m57.075s.wav,0,1.8438298173437364,0.007708073344400368
46,rec2018-01-23_11h02m14.505s.wav,0,1.8438855729297723,0.0077385454376781215
47,rec2018-01-23_11h02m29.845s.wav,0,1.8429050605314077,0.007202666122487453
48,rec2018-01-23_11h02m48.266s.wav,0,1.8436550810781591,0.00761257475560872
49,rec2018-01-23_11h03m04.371s.wav,0,1.8438298173437364,0.007708073344400368
50,rec2018-01-23_11h03m19.651s.wav,0,1.8378043483487112,0.004414974548156466
51,rec2018-01-23_11h03m36.803s.wav,0,1.8427925575046769,0.007141179857732468
52,rec2018-01-23_11h03m51.751s.wav,0,1.8451299959183871,0.00841865977387488
53,rec2018-01-23_11h04m10.613s.wav,0,1.8426910838238435,0.007085721459974775
54,rec2018-01-23_11h04m27.250s.wav,0,1.8422562378425993,0.006848065141675052
55,rec2018-01-23_11h04m44.325s.wav,0,1.8426910838238435,0.007085721459974775
56,rec2018-01-23_11h05m01.603s.wav,0,1.8422562378425993,0.006848065141675052
57,rec2018-01-23_11h11m07.436s.wav,0,1.8379796408420725,0.004510777132047518
58,rec2018-01-23_11h11m22.731s.wav,0,1.8440602873548029,0.007834032089958582
59,rec2018-01-23_11h11m37.608s.wav,0,1.8436159479667817,0.007591187341271925
60,rec2018-01-23_11h11m52.435s.wav,0,1.8277458157397761,-0.0010823139871943943
62,rec2018-01-23_11h51m22.121s.wav,0,1.828797066235336,-0.0005077741888255685
64,rec2018-01-23_11h51m37.745s.wav,0,1.828405245125398,-0.0007219161297342894
65,rec2018-01-23_11h51m52.565s.wav,0,1.8372567222402727,0.0041156805214210375
66,rec2018-01-23_11h52m38.758s.wav,0,1.8382235693730218,0.004644091360749329
67,rec2018-01-23_11h52m53.640s.wav,0,1.8279077881732386,-0.000993791213929702
68,rec2018-01-23_11h53m23.410s.wav,0,1.8184970968655372,-0.006137015126093395
69,rec2018-01-23_11h53m38.425s.wav,0,1.8222923555534019,-0.0040627928826862504
70,rec2018-01-23_11h53m56.835s.wav,0,1.8167917513973177,-0.007069037365890833
71,rec2018-01-23_11h56m03.777s.wav,0,1.819682279284514,-0.005489277530815034
72,rec2018-01-23_11h56m18.749s.wav,0,1.8211684131833485,-0.0046770609618890365
73,rec2018-01-23_11h56m33.584s.wav,0,1.8175092181365684,-0.0066769203610033976
74,rec2018-01-23_11h57m24.977s.wav,0,1.8429673755482356,0.007236723140633843
75,rec2018-01-23_11h57m41.504s.wav,0,1.8451495552539074,0.008429349535005595
76,rec2018-01-23_11h57m58.590s.wav,0,1.845797360902869,0.008783394673161108
77,rec2018-01-23_11h58m15.852s.wav,0,1.8377484082639584,0.004384401620818614
78,rec2018-01-23_11h58m34.582s.wav,0,1.8264763798717145,-0.0017760986091838109
79,rec2018-01-23_11h58m49.449s.wav,0,1.8175092181365684,-0.0066769203610033976
80,rec2018-01-23_11h59m04.620s.wav,0,1.8368634638072918,0.003900753040534268
82,rec2018-01-23_12h02m44.138s.wav,0,1.8381843206301798,0.004622640750363018
83,rec2018-01-23_12h03m01.599s.wav,0,1.8438298173437364,0.007708073344400368
84,rec2018-01-23_12h03m19.922s.wav,0,1.8377484082639584,0.004384401620818614
85,rec2018-01-23_12h03m36.988s.wav,0,1.8397224557706722,0.005463277551215854
86,rec2018-01-23_12h03m52.821s.wav,0,1.8286782385504086,-0.0005727170682127883
87,rec2018-01-23_12h04m16.860s.wav,0,1.822032736147463,-0.00420468264328155
88,rec2018-01-23_12h04m31.917s.wav,0,1.8279077881732386,-0.000993791213929702
89,rec2018-01-23_12h04m50.656s.wav,0,1.8379796408420725,0.004510777132047518
90,rec2018-01-23_12h05m05.795s.wav,0,1.8167917513973177,-0.007069037365890833
91,rec2018-01-23_12h37m08.326s.wav,0,1.8397224557706722,0.005463277551215854
92,rec2018-01-23_12h37m25.023s.wav,0,1.8426910838238435,0.007085721459974775
93,rec2018-01-23_12h37m39.981s.wav,0,1.8167917513973177,-0.007069037365890833
94,rec2018-01-23_12h37m54.913s.wav,0,1.8257588188925995,-0.0021682671189722134
95,rec2018-01-23_12h38m10.740s.wav,0,1.8448735903368643,0.008278526464324995
96,rec2018-01-23_12h39m14.259s.wav,0,1.836605904148946,0.003759988993526483
97,rec2018-01-23_12h39m29.011s.wav,0,1.8370781192966463,0.004018068677571668
98,rec2018-01-23_12h39m44.218s.wav,0,1.8368634638072918,0.003900753040534268
99,rec2018-01-23_12h39m59.067s.wav,0,1.8260179085319659,-0.002026666891633705
100,rec2018-01-23_12h40m15.223s.wav,0,1.8375141906751158,0.0042563947120595755
101,rec2018-01-23_12h40m30.209s.wav,0,1.8293067141654615,-0.00022923637100758702
102,rec2018-01-23_12h40m47.865s.wav,0,1.8167917513973177,-0.007069037365890833
103,rec2018-01-23_12h41m04.075s.wav,0,1.8422562378425993,0.006848065141675052
104,rec2018-01-23_12h41m19.889s.wav,0,1.8434411914289353,0.0074956776730795965
105,rec2018-01-23_12h41m54.714s.wav,0,1.8436550810781591,0.00761257475560872
106,rec2018-01-23_12h42m11.121s.wav,0,1.8286782385504086,-0.0005727170682127883
107,rec2018-01-23_12h50m45.316s.wav,0,1.83592497198128,0.0033878392233565777
108,rec2018-01-23_12h51m39.774s.wav,0,1.7742984859924704,-0.030292876251911016
110,rec2018-01-23_12h52m08.363s.wav,0,1.7748381162140006,-0.02999795221622103
115,rec2018-01-23_12h52m40.101s.wav,0,1.830780765591864,0.0005763767658113489
116,rec2018-01-23_12h52m40.101s.wav,1,1.820097228215217,-0.005262495544993006
117,rec2018-01-23_12h53m35.233s.wav,0,1.830507975721189,0.00042728895281475424
118,rec2018-01-23_12h54m08.620s.wav,0,1.839445676647074,0.00531200949233125
122,rec2018-01-23_12h55m02.432s.wav,0,1.8384547421875075,0.004770434209370028
123,rec2018-01-23_12h55m27.681s.wav,0,1.8375730937125165,0.004288586981527672
124,rec2018-01-23_12h55m53.736s.wav,0,1.8292745524914384,-0.00024681368658220377
126,rec2018-01-23_12h56m34.401s.wav,0,1.828797066235336,-0.0005077741888255685
127,rec2018-01-23_12h57m02.652s.wav,0,1.8386299726732016,0.004866202904218675
128,rec2018-01-23_12h57m37.371s.wav,0,1.8298842947128484,8.642865140046066e-05
129,rec2018-02-01_17h36m45.706s.wav,0,1.8442254602027726,0.007924303985352987
130,rec2018-02-01_17h40m59.475s.wav,0,1.8287510329765924,-0.0005329327398166007
131,rec2018-02-02_00h11m42.617s.wav,0,1.8281234952247516,-0.0008759008667608488
132,rec2018-02-02_00h27m33.111s.wav,0,1.8332083716645744,0.0019031360010505348
137,rec2018-02-02_01h32m24.455s.wav,0,1.8290294304751396,-0.00038078019067893363
139,rec2018-02-02_01h34m08.386s.wav,0,1.8436159479667817,0.007591187341271925
140,rec2018-02-02_01h35m12.866s.wav,0,1.8370781192966463,0.004018068677571668
141,rec2018-02-02_01h36m19.632s.wav,0,1.8377287701564686,0.004373668808453581
142,rec2018-02-02_01h40m26.773s.wav,0,1.8303319676600642,0.00033109528976579437
143,rec2018-02-02_01h58m20.818s.wav,0,1.8194078253816097,-0.005639274787132287
144,rec2018-02-02_01h58m59.251s.wav,0,1.8380090476573046,0.004526848835000737
145,rec2018-02-02_02h09m32.913s.wav,0,1.8177430253159115,-0.006549137753295427
150,rec2018-02-02_10h29m51.284s.wav,0,1.817008778094843,-0.006950425792756337
151,rec2018-02-02_10h46m42.260s.wav,0,1.8182802478111026,-0.006255529611972349
152,rec2018-02-02_10h48m38.792s.wav,0,1.8165313458429442,-0.007211356780089267
153,rec2018-02-02_10h57m01.870s.wav,0,1.8190053331048468,-0.005859248839475727
154,rec2018-02-02_10h58m28.930s.wav,0,1.8293497643364462,-0.00020570816658650244
155,rec2018-02-02_10h59m19.989s.wav,0,1.8175092181365684,-0.0066769203610033976
156,rec2018-02-02_11h00m10.171s.wav,0,1.8269248879006783,-0.0015309755736979728
157,rec2018-02-02_11h00m59.338s.wav,0,1.8258019527186058,-0.002144693194582927
158,rec2018-02-02_11h01m45.212s.wav,0,1.8269248879006783,-0.0015309755736979728
159,rec2018-02-05_10h37m14.374s.wav,0,1.7751351365628636,-0.029835621723091222
160,rec2018-02-05_10h38m19.385s.wav,0,1.8194078253816097,-0.005639274787132287
161,rec2018-02-05_10h39m00.035s.wav,0,1.8403721717438504,0.005818366738620197
162,rec2018-02-05_10h41m21.507s.wav,0,1.8315855993148653,0.0010162424371110302
163,rec2018-02-05_10h42m50.893s.wav,0,1.8386299726732016,0.004866202904218675
164,rec2018-02-05_10h43m40.571s.wav,0,1.8204920196195715,-0.00504673024945823
165,rec2018-02-05_10h44m37.655s.wav,0,1.824548667907483,-0.002829650781497235
166,rec2018-02-05_10h45m35.939s.wav,0,1.8448735903368643,0.008278526464324995
167,rec2018-02-05_10h52m39.045s.wav,0,1.8213065353782103,-0.0046015730564646865
168,rec2018-02-05_10h53m45.411s.wav,0,1.8432370953830792,0.0073841330873417
170,rec2018-02-05_10h54m35.447s.wav,0,1.843135646176242,0.007328688065353989
171,rec2018-02-05_10h55m27.871s.wav,0,1.8427436423600991,0.007114446270046598
172,rec2018-02-05_10h56m11.262s.wav,0,1.8310119606443152,0.0007027317681444602
173,rec2018-02-05_10h58m35.817s.wav,0,1.8314593579504193,0.0009472477604083987
174,rec2018-02-05_11h01m02.037s.wav,0,1.8223067947179632,-0.004054901447932378
175,rec2018-02-05_11h02m06.737s.wav,0,1.8165313458429442,-0.007211356780089267
176,rec2018-02-05_11h03m04.776s.wav,0,1.8203138608177154,-0.0051440993565629286
177,rec2018-02-05_11h03m43.815s.wav,0,1.8442254602027726,0.007924303985352987
178,rec2018-02-05_11h04m48.418s.wav,0,1.8277458157397761,-0.0010823139871943943
179,rec2018-02-05_11h05m32.273s.wav,0,1.8205473078056331,-0.005016513604228411
181,rec2018-02-05_11h06m12.128s.wav,1,1.8269248879006783,-0.0015309755736979728
182,rec2018-02-05_11h06m59.857s.wav,0,1.8213065353782103,-0.0046015730564646865
184,rec2018-02-05_11h20m08.624s.wav,1,1.829450662284522,-0.00015056442397895245
185,rec2018-02-05_11h20m47.521s.wav,0,1.829450662284522,-0.00015056442397895245
186,rec2018-02-05_11h22m34.731s.wav,0,1.8300997688009035,0.00020419167708060084
187,rec2018-02-05_11h23m35.644s.wav,0,1.820232143432038,-0.0051887603488654874
188,rec2018-02-05_11h30m48.760s.wav,0,1.8182369355485637,-0.0062792010572569204
189,rec2018-02-06_10h28m57.917s.wav,0,1.828097186790311,-0.000890279212057895
190,rec2018-02-06_10h30m00.277s.wav,0,1.828797066235336,-0.0005077741888255685
191,rec2018-02-06_10h32m03.907s.wav,0,1.8382235693730218,0.004644091360749329
192,rec2018-02-06_10h32m43.911s.wav,0,1.8189971274430514,-0.005863733478763234
193,rec2018-02-06_11h39m13.131s.wav,0,1.8296829435195918,-2.361579039867733e-05
194,rec2018-02-06_12h10m09.167s.wav,0,1.8187803380061296,-0.005982215381890623
195,rec2018-02-06_12h10m09.167s.wav,1,1.8209915024063765,-0.0047737479861140585
196,rec2018-02-06_12h11m01.614s.wav,0,1.8312577346138126,0.0008370545841390833
197,rec2018-02-06_12h11m01.614s.wav,1,1.820232143432038,-0.0051887603488654874
198,rec2018-02-06_12h12m08.951s.wav,0,1.8298842947128484,8.642865140046066e-05
201,rec2018-02-06_12h13m05.267s.wav,0,1.8283029729263502,-0.0007778109415491984
202,rec2018-02-06_12h13m05.267s.wav,1,1.829450662284522,-0.00015056442397895245
203,rec2018-02-06_12h13m52.029s.wav,0,1.8290294304751396,-0.00038078019067893363
204,rec2018-02-06_12h13m52.029s.wav,1,1.8288532801194552,-0.0004770516219552108
205,rec2018-02-06_12h15m08.616s.wav,0,1.8187452444882213,-0.006001395037727413
206,rec2018-02-06_12h15m08.616s.wav,1,1.8390528862946447,0.005097337831448278
208,rec2018-02-06_12h17m38.883s.wav,0,1.7727479286900518,-0.031140302135326505
209,rec2018-02-06_12h18m33.477s.wav,0,1.8306047837588015,0.0004801974371819589
216,rec2018-02-08_14h33m35.005s.wav,0,1.8315855993148653,0.0010162424371110302
218,rec2018-02-08_14h35m33.038s.wav,1,1.8438855729297723,0.0077385454376781215
221,rec2018-02-08_14h37m48.457s.wav,0,1.8290294304751396,-0.00038078019067893363
222,rec2018-02-08_14h50m50.378s.wav,0,1.8217994795036496,-0.004332164366877207
224,rec2018-02-08_15h03m14.166s.wav,1,1.8194078253816097,-0.005639274787132287
226,rec2018-02-08_15h06m27.101s.wav,0,1.8436159479667817,0.007591187341271925
227,rec2018-02-08_15h08m45.803s.wav,0,1.8456228109165407,0.008687997891543455
228,rec2018-02-08_15h20m25.156s.wav,0,1.8440602873548029,0.007834032089958582
230,rec2018-02-08_15h23m00.916s.wav,1,1.828797066235336,-0.0005077741888255685
233,rec2018-02-09_10h49m08.773s.wav,0,1.8288532801194552,-0.0004770516219552108
234,rec2018-02-09_10h57m14.793s.wav,0,1.8403721717438504,0.005818366738620197
236,rec2018-02-09_11h05m06.012s.wav,0,1.8386299726732016,0.004866202904218675
237,rec2018-02-09_11h05m43.714s.wav,0,1.845797360902869,0.008783394673161108
240,rec2018-05-02_17h33m50.393s.wav,0,1.8217994795036496,-0.004332164366877207
241,rec2018-05-02_17h34m27.816s.wav,0,1.8212500885596852,-0.004632422928946041
242,rec2018-05-02_17h35m57.328s.wav,0,1.8172922512031517,-0.00679549927126732
243,rec2018-05-02_17h38m14.494s.wav,0,1.822968081121163,-0.003693488674893827
244,rec2018-05-02_17h38m56.671s.wav,0,1.8293067141654615,-0.00022923637100758702
245,rec2018-05-02_17h40m15.391s.wav,0,1.8204920196195715,-0.00504673024945823
246,rec2018-05-02_17h40m35.031s.wav,0,1.8210731857171853,-0.004729105616744996
247,rec2018-05-02_17h41m00.892s.wav,0,1.8227913450107371,-0.003790080238633826
248,rec2018-05-02_17h42m58.720s.wav,0,1.8225663750850372,-0.00391303302324285
249,rec2018-05-02_17h42m58.720s.wav,1,1.83480754502063,0.002777132010018483
250,rec2018-05-02_17h42m58.720s.wav,2,1.8369994178505265,0.0039750559863282135
251,rec2018-05-03_09h32m11.296s.wav,0,1.8190053331048468,-0.005859248839475727
252,rec2018-05-03_09h32m39.426s.wav,0,1.818470649162717,-0.006151469585720128
253,rec2018-05-03_09h32m52.456s.wav,0,1.818470649162717,-0.006151469585720128
254,rec2018-05-03_09h33m56.681s.wav,0,1.837533831075861,0.004267128777757289
255,rec2018-05-03_11h21m20.915s.wav,0,1.8182369355485637,-0.0062792010572569204
256,rec2018-05-03_11h22m05.830s.wav,0,1.760070653444469,-0.03806881174766528
257,rec2018-05-03_11h22m05.830s.wav,1,1.760070653444469,-0.03806881174766528
258,rec2018-05-03_11h22m59.308s.wav,0,1.8215830235790484,-0.004450463995558811
259,rec2018-05-03_11h30m44.236s.wav,0,1.8305026344504045,0.0004243697887786355
260,rec2018-05-03_11h31m05.117s.wav,0,1.8192307433965913,-0.005736055381668931
261,rec2018-05-03_11h31m22.631s.wav,0,1.8240501591856744,-0.003102100689223962
262,rec2018-05-03_11h31m40.430s.wav,0,1.8223418196497683,-0.004035759276449787
263,rec2018-05-03_11h32m00.868s.wav,0,1.8279077881732386,-0.000993791213929702
264,rec2018-05-03_11h33m06.158s.wav,0,1.8240501591856744,-0.003102100689223962
265,rec2018-05-03_11h34m12.944s.wav,0,1.822558185456039,-0.003917508900127701
266,rec2018-05-03_11h34m42.301s.wav,0,1.8223418196497683,-0.004035759276449787
267,rec2018-05-03_11h35m02.168s.wav,0,1.8223418196497683,-0.004035759276449787
268,rec2018-05-03_11h35m22.211s.wav,0,1.8223418196497683,-0.004035759276449787
269,rec2018-05-03_11h35m39.758s.wav,0,1.8240501591856744,-0.003102100689223962
270,rec2018-05-03_11h35m58.563s.wav,0,1.8227913450107371,-0.003790080238633826
271,rec2018-05-03_11h36m16.780s.wav,0,1.8240501591856744,-0.003102100689223962
272,rec2018-05-03_11h36m35.115s.wav,0,1.8215830235790484,-0.004450463995558811
273,rec2018-05-03_11h36m53.106s.wav,0,1.8217994795036496,-0.004332164366877207
274,rec2018-05-03_11h37m11.955s.wav,0,1.8227913450107371,-0.003790080238633826
275,rec2018-05-03_11h37m32.414s.wav,0,1.822558185456039,-0.003917508900127701
276,rec2018-05-03_11h37m50.903s.wav,0,1.8217994795036496,-0.004332164366877207
277,rec2018-05-03_11h38m07.740s.wav,0,1.8220591321455855,-0.0041902564418166985
278,rec2018-05-03_11h38m25.235s.wav,0,1.8217994795036496,-0.004332164366877207
279,rec2018-05-03_11h38m46.135s.wav,0,1.823790790005786,-0.003243853693808104
280,rec2018-05-03_11h39m04.979s.wav,0,1.8286208934960928,-0.0006040578533854755
281,rec2018-05-03_11h39m23.236s.wav,0,1.8390528862946447,0.005097337831448278
282,rec2018-05-03_11h39m41.633s.wav,0,1.8227349441740928,-0.0038209049806437996
283,rec2018-05-03_11h40m00.485s.wav,0,1.8189971274430514,-0.005863733478763234
284,rec2018-05-03_11h40m20.470s.wav,0,1.8192307433965913,-0.005736055381668931
285,rec2018-05-03_11h40m45.441s.wav,0,1.822558185456039,-0.003917508900127701
286,rec2018-05-03_11h41m04.101s.wav,0,1.823790790005786,-0.003243853693808104
287,rec2018-05-03_11h41m23.831s.wav,0,1.822968081121163,-0.003693488674893827
288,rec2018-05-03_11h41m45.507s.wav,0,1.8240501591856744,-0.003102100689223962
289,rec2018-05-03_11h42m07.338s.wav,0,1.8223418196497683,-0.004035759276449787
290,rec2018-05-03_11h42m25.033s.wav,0,1.8278647040405938,-0.0010173379794125486
291,rec2018-05-03_11h42m42.981s.wav,0,1.823790790005786,-0.003243853693808104
292,rec2018-05-03_11h43m01.074s.wav,0,1.8190053331048468,-0.005859248839475727
293,rec2018-05-03_11h43m19.240s.wav,0,1.819682279284514,-0.005489277530815034
294,rec2018-05-03_11h43m36.628s.wav,0,1.8165313458429442,-0.007211356780089267
295,rec2018-05-03_11h43m55.823s.wav,0,1.8191742321687046,-0.0057669404557904235
296,rec2018-05-03_11h48m01.012s.wav,0,1.8204920196195715,-0.00504673024945823
297,rec2018-05-03_11h48m24.363s.wav,0,1.8301079246817447,0.00020864910958957487
298,rec2018-05-03_11h48m41.938s.wav,0,1.8240501591856744,-0.003102100689223962
299,rec2018-05-03_11h48m59.604s.wav,0,1.8203138608177154,-0.0051440993565629286
300,rec2018-05-03_11h49m17.127s.wav,0,1.8203571236633955,-0.005120454919067867
301,rec2018-05-03_11h49m34.678s.wav,0,1.8190053331048468,-0.005859248839475727
302,rec2018-05-03_11h49m54.056s.wav,0,1.8225663750850372,-0.00391303302324285
303,rec2018-05-03_11h50m12.379s.wav,0,1.8390528862946447,0.005097337831448278
304,rec2018-05-03_11h50m30.421s.wav,0,1.828004623754988,-0.0009408676758688549
305,rec2018-05-03_11h50m48.244s.wav,0,1.760070653444469,-0.03806881174766528
306,rec2018-05-03_11h51m07.128s.wav,0,1.829846829277111,6.595267161709735e-05
307,rec2018-05-03_11h51m26.000s.wav,0,1.8315481686803525,0.0009957854772364623
308,rec2018-05-03_11h51m43.422s.wav,0,1.760070653444469,-0.03806881174766528
309,rec2018-05-03_11h52m00.607s.wav,0,1.8267485346074273,-0.0016273579164165514
310,rec2018-05-03_11h52m17.833s.wav,0,1.8339623577909447,0.002315211941891782
311,rec2018-05-03_11h52m35.208s.wav,0,1.816748403648221,-0.007092728205639224
312,rec2018-05-03_15h21m36.500s.wav,0,1.8297261539489305,0.0
313,rec2018-05-03_15h23m24.541s.wav,0,1.7594722227292723,-0.03839587200960949
314,rec2018-05-03_15h24m03.886s.wav,0,1.8297261539489305,0.0
315,rec2018-05-03_15h24m37.045s.wav,0,1.8297261539489305,0.0
316,rec2018-05-03_15h25m08.571s.wav,0,1.8297261539489305,0.0
317,rec2018-05-03_15h27m21.669s.wav,0,1.8297261539489305,0.0
318,rec2018-05-03_15h27m45.362s.wav,0,1.8297261539489305,0.0
319,rec2018-05-03_15h28m15.159s.wav,0,1.7623733838163917,-0.03681030081314485
320,rec2018-05-03_15h28m42.685s.wav,0,1.8297261539489305,0.0
321,rec2018-05-03_15h29m02.811s.wav,0,1.7747512549368403,-0.03004542449887536
322,rec2018-05-03_15h29m32.895s.wav,0,1.7623733838163917,-0.03681030081314485
323,rec2018-05-03_15h29m50.911s.wav,0,1.8297261539489305,0.0
324,rec2018-05-03_15h30m09.333s.wav,0,1.8297261539489305,0.0
325,rec2018-05-03_15h30m28.140s.wav,0,1.8297261539489305,0.0
326,rec2018-05-03_15h30m45.469s.wav,0,1.8297261539489305,0.0
327,rec2018-05-03_15h31m15.084s.wav,0,1.8297261539489305,0.0
328,rec2018-05-03_15h31m38.884s.wav,0,1.8297261539489305,0.0
329,rec2018-05-03_15h31m59.455s.wav,0,1.8297261539489305,0.0
330,rec2018-05-03_15h32m17.555s.wav,0,1.8297261539489305,0.0
331,rec2018-05-03_15h32m35.669s.wav,0,1.8297261539489305,0.0
332,rec2018-05-03_15h33m11.807s.wav,0,1.8297261539489305,0.0
333,rec2018-05-03_15h33m29.486s.wav,0,1.8297261539489305,0.0
334,rec2018-05-03_15h33m51.966s.wav,0,1.8297261539489305,0.0
335,rec2018-05-03_15h34m13.707s.wav,0,1.8297261539489305,0.0
336,rec2018-05-03_15h34m32.131s.wav,0,1.8297261539489305,0.0
337,rec2018-05-03_15h35m02.114s.wav,0,1.8297261539489305,0.0
338,rec2018-05-03_15h35m21.837s.wav,0,1.8297261539489305,0.0
339,rec2018-05-03_15h35m44.100s.wav,0,1.8297261539489305,0.0
340,rec2018-05-03_15h36m09.330s.wav,0,1.7750660885147327,-0.02987335854397116
341,rec2018-05-03_15h36m33.401s.wav,0,1.8297261539489305,0.0
342,rec2018-05-03_15h39m20.550s.wav,0,1.8297261539489305,0.0
343,rec2018-05-03_15h39m43.079s.wav,0,1.8297261539489305,0.0
344,rec2018-05-03_15h40m01.822s.wav,0,1.7749071731307884,-0.029960210548355164
345,rec2018-05-03_15h40m28.424s.wav,0,1.7676577156397186,-0.03392225562019496
346,rec2018-05-03_15h40m49.846s.wav,0,1.8297261539489305,0.0
347,rec2018-05-03_15h41m19.370s.wav,0,1.8297261539489305,0.0
348,rec2018-05-03_15h41m44.230s.wav,0,1.8297261539489305,0.0
349,rec2018-05-03_15h42m04.570s.wav,0,1.8297261539489305,0.0
350,rec2018-05-03_15h42m24.025s.wav,0,1.8297261539489305,0.0
351,rec2018-05-03_15h42m44.455s.wav,0,1.8297261539489305,0.0
352,rec2018-05-03_15h44m07.780s.wav,0,1.8297261539489305,0.0
353,rec2018-05-03_15h44m27.242s.wav,0,1.8297261539489305,0.0
354,rec2018-05-03_15h44m47.231s.wav,0,1.8297261539489305,0.0
355,rec2018-05-03_15h45m14.147s.wav,0,1.8297261539489305,0.0
356,rec2018-05-03_15h46m16.542s.wav,0,1.8297261539489305,0.0
357,rec2018-05-03_15h46m45.482s.wav,0,1.8297261539489305,0.0
358,rec2018-05-03_15h47m08.625s.wav,0,1.8297261539489305,0.0
359,rec2018-05-03_15h47m37.180s.wav,0,1.8297261539489305,0.0
360,rec2018-05-03_15h47m57.575s.wav,0,1.8297261539489305,0.0
361,rec2018-05-03_15h48m19.468s.wav,0,1.8297261539489305,0.0
362,rec2018-05-03_15h48m42.154s.wav,0,1.8297261539489305,0.0
363,rec2018-05-03_15h49m02.235s.wav,0,1.8297261539489305,0.0
